Folder_Path,T15_Go_NoGo,T15_Efficacy_Score,T15_Feasibility_Score,T14_Robustness_Score,T14_Clarity_Score,T14_Dropped_Entities,T14_Hallucinated_Entities,T15_Feedback,T14_Feedback
01.ขมิ้นชัน - start evaluate with llama 3.3-70B,Go,90,85,90,95,"*
Lab Fact (Experimental Method)
Lab Fact (Extraction Method)
Lab Fact (Compound Identified)
Lab Fact (Chromatography - TLC)
Lab Fact (Pharmacological Finding)
Lab Fact (Cosmetic or Clinical Effect)
Lab Fact (Quality Control)
Compliance Fact (Safety Dosage)
Compliance Fact (Safety Warning)
Safety Fact (Active Ingredient)
Safety Fact (Ingredient Purpose)
Safety Fact (Uses)
Safety Fact (Warnings)
Safety Fact (Directions)
Safety Fact (Other Info)
Safety Fact (Inactive Ingredients)
Safety Fact (Questions)
Toxicity Fact (Summary)
Toxicity Fact (Mechanism)
Toxicity Fact (Side Effects)
Toxicity Fact (Case Reports)","*
None","** The final article demonstrates a strong synthesis of the trends identified in the initial trends data, effectively highlighting the health benefits of turmeric and its active compound curcumin. The writer successfully incorporated the structured data from the compliance and safety tasks, showcasing a scalable and efficient approach to gathering data. However, there were some areas where the article could have delved deeper into the specifics of regulatory compliance and safety concerns, which prevented a perfect score for feasibility. Overall, the article is well-researched, informative, and relevant to the wellness audience, making it ready for publication. With minor revisions to address the mentioned areas, the article has the potential to be highly effective in engaging readers and providing valuable insights into the benefits and applications of turmeric in wellness contexts.","** The audit revealed a high level of integrity in the data pipeline, with minimal hallucination and good handling of ""Not Found"" results. However, there were some dropped entities, primarily related to lab facts and safety information, which were not transferred from the Master Fact Sheet to the Final Article. This suggests that while the article effectively conveyed the key benefits and traditional use of turmeric, it lacked detailed information on laboratory findings and safety considerations. To improve, it's essential to ensure that all critical facts, including those related to lab experiments and safety, are accurately transferred and represented in the final article. The high score for Explanation Clarity indicates that the article effectively explained the information it did include, with no introduction of unfounded or hallucinated facts. Overall, the audit highlights the importance of thorough data transfer and the need for meticulous attention to detail to achieve 100% accuracy and completeness."
02.ขิง,Go,85,90,90,95,"*
Trend Fact
Lab Fact (Experimental Method)
Lab Fact (Extraction Method)
Lab Fact (Chromatography - TLC)
Lab Fact (Pharmacological Finding)
Lab Fact (Cosmetic or Clinical Effect)
Lab Fact (Quality Control)
Compliance Fact (Safety Dosage)
Compliance Fact (Safety Warning)
Safety Fact (Active Ingredient)
Safety Fact (Ingredient Purpose)
Safety Fact (Uses)
Safety Fact (Warnings)
Safety Fact (Directions)
Safety Fact (Other Info)
Safety Fact (Inactive Ingredients)
Safety Fact (Questions)","*
None","** The final article demonstrates a strong synthesis of trends in the herbal wellness industry, particularly with regards to the growing interest in ginger-based products. The inclusion of scientific studies and traditional wisdom provides a comprehensive overview of the potential benefits and applications of ginger. The article successfully integrates data from various sources, including compliance and safety data, to provide a well-rounded perspective on the topic. The use of sustainable and environmentally friendly production methods, such as the green synthesis of zinc oxide nanoparticles, is a key differentiator for potential products. However, some minor improvements could be made to further enhance the article's relevance and feasibility, such as providing more specific examples of ginger-based products and their potential applications. Overall, the article is well-written, informative, and demonstrates a clear understanding of the topic, making it ready for publication. 

The score of 85% for Practical Efficacy (Relevance) reflects the article's ability to synthesize trends and provide a comprehensive overview of the topic. The score of 90% for Implementation Feasibility (Scalability) reflects the article's successful integration of data from various sources and its identification of key differentiators for potential products. The ""Go"" decision for publication indicates that the article is ready for publication, pending minor revisions to further enhance its relevance and feasibility.","** The audit revealed a high level of data integrity, with 90% of the facts from the Master Fact Sheet being accurately represented in the Final Article. However, there were some dropped entities, primarily related to missing lab facts and safety information. The article demonstrated excellent clarity, with no hallucinated entities and proper handling of ""Not Found"" results. Overall, the report suggests that the data pipeline is robust, but there is room for improvement in ensuring that all critical facts are transferred accurately."
03.กระชายดำ,Go,80,90,80,90,"*
Trend Fact
Lab Fact (Experimental Method)
Lab Fact (Extraction Method)
Lab Fact (Chromatography - TLC)
Lab Fact (Cosmetic or Clinical Effect)
Lab Fact (Quality Control)
Compliance Fact (Safety Dosage)
Compliance Fact (Safety Warning)
Safety Fact (Active Ingredient)
Safety Fact (Ingredient Purpose)
Safety Fact (Uses)
Safety Fact (Warnings)
Safety Fact (Directions)
Safety Fact (Other Info)
Safety Fact (Inactive Ingredients)
Safety Fact (Questions)
Toxicity Fact (Summary)
Toxicity Fact (Mechanism)
Toxicity Fact (Side Effects)
Toxicity Fact (Case Reports)
Source URL (Trend)
Source URL (Compliance)
Source URL (Safety)
Source URL (Toxicity)","*
Introduction to Kaempferia parviflora Trends
Strategic Analysis and Product Opportunities
Herbal Knowledge Summary
Conclusion","** The final article demonstrates a good understanding of the trends and potential applications of Kaempferia parviflora in the wellness industry. The inclusion of scientific research and traditional wisdom highlights the herb's potential health benefits and cultural significance. However, the article could be improved by providing more detailed information on safety and toxicity, as well as specific examples of product development and marketing strategies. The use of compliance data and safety information from external sources is commendable, and the article's focus on dietary supplements and cosmetic products is well-aligned with the trends and regulatory requirements. Overall, the article is relevant and scalable, and with some revisions to address the gaps in safety and toxicity information, it is ready for publication. 

The audit of the article's efficacy and feasibility is based on the following observations:
1. **Relevance:** The article successfully synthesizes the trends and potential applications of Kaempferia parviflora, demonstrating a good understanding of the herb's properties and cultural significance. However, the lack of specific trend facts and detailed safety information reduces the score to 80%.
2. **Scalability:** The article's use of compliance data and safety information from external sources is commendable, and the focus on dietary supplements and cosmetic products is well-aligned with the trends and regulatory requirements. The article's structure and content suggest a scalable and efficient approach to gathering data, earning a score of 90%.
3. **Go/No-Go for Publication:** Based on the audit, the article is ready for publication, pending revisions to address the gaps in safety and toxicity information.
4. **Feedback:** The article's strengths include its comprehensive overview of Kaempferia parviflora's properties and applications, as well as its use of scientific research and traditional wisdom. However, the article could be improved by providing more detailed information on safety and toxicity, as well as specific examples of product development and marketing strategies.","** The audit revealed a significant number of dropped entities, primarily related to safety, toxicity, and trend facts, which were not transferred from the Master Fact Sheet to the Final Article. However, the article did introduce new entities not found in the Master Fact Sheet, such as strategic analysis and product opportunities, which could be considered hallucinations. The handling of ""Not Found"" results was not explicitly tested in this audit due to the nature of the provided context. Overall, while the article demonstrates a good understanding of the herb's potential health benefits and cultural significance, it lacks comprehensive coverage of critical facts, particularly in the areas of safety and regulatory compliance. To improve data integrity, it is recommended to ensure that all critical facts from the Master Fact Sheet are accurately transferred to the Final Article and that any new information introduced is clearly marked as such to avoid hallucinations."
04.พลูคาว_,Go,70,80,80,90,"*
Lab Fact (Experimental Method)
Lab Fact (Extraction Method)
Lab Fact (Compound Identified)
Lab Fact (Chromatography - TLC)
Lab Fact (Pharmacological Finding)
Lab Fact (Cosmetic or Clinical Effect)
Lab Fact (Quality Control)
Science Fact (Compound)
Science Fact (Abstracts)
Compliance Fact (Safety Dosage)
Compliance Fact (Safety Warning)
Safety Fact (Active Ingredient)
Safety Fact (Ingredient Purpose)
Safety Fact (Uses)
Safety Fact (Warnings)
Safety Fact (Directions)
Safety Fact (Other Info)
Safety Fact (Inactive Ingredients)
Safety Fact (Questions)
Toxicity Fact (Summary)
Toxicity Fact (Mechanism)
Toxicity Fact (Side Effects)
Toxicity Fact (Case Reports)
Source URL (Trend)
Source URL (Science)
Source URL (Compliance)
Source URL (Safety)
Source URL (Toxicity)","*
Strategic Analysis and Product Opportunities
Herbal Knowledge Summary","** The final article demonstrates a good understanding of the trends and potential of Houttuynia cordata (Fish Mint) in the wellness industry, particularly in the Thai market. The author successfully synthesizes the available information, despite the lack of detailed scientific research and safety data. The article's relevance to the trends identified is notable, especially in highlighting the herb's traditional use and cultural significance. However, the absence of explicit safety warnings and dosage limits necessitates careful consideration and further research to ensure the safety and efficacy of any products developed. The workflow design, including the use of check_compliance_task and find_safety_data_task, appears scalable and efficient, allowing for the gathering of structured data that can be used to inform product development and regulatory compliance. Overall, while there are areas for improvement, the article provides a solid foundation for exploring the potential of Houttuynia cordata in wellness and is ready for publication.","** The audit reveals a moderate level of data loss, with several critical facts from the Master Fact Sheet missing in the Final Article, particularly in the areas of scientific research, safety, and toxicity. However, the article demonstrates clarity in explanation, with minimal hallucination, indicating that the information presented is largely based on the Master Fact Sheet. The handling of ""Not Found"" results is generally correct, with the article omitting or correctly stating the absence of certain information. To improve, it is essential to ensure that all critical facts from the Master Fact Sheet are accurately transferred to the Final Article, and any ""Not Found"" results are consistently handled to avoid confusion. Additionally, minimizing hallucination by strictly adhering to the facts presented in the Master Fact Sheet will enhance the overall integrity of the data pipeline."
05.บอระเพ็ด,Go,80,90,90,95,"*
Trend Fact
Lab Fact (Experimental Method)
Lab Fact (Extraction Method)
Lab Fact (Chromatography - TLC)
Lab Fact (Cosmetic or Clinical Effect)
Lab Fact (Quality Control)
Compliance Fact (Food Registration 1)
Compliance Fact (Food Registration 2)
Compliance Fact (Safety Dosage)
Compliance Fact (Safety Warning)
Safety Fact (Active Ingredient)
Safety Fact (Ingredient Purpose)
Safety Fact (Uses)
Safety Fact (Warnings)
Safety Fact (Directions)
Safety Fact (Other Info)
Safety Fact (Inactive Ingredients)
Safety Fact (Questions)","*
Strategic Analysis and Product Opportunities section
Herbal Knowledge Summary section
Conclusion section","** The final article demonstrates a good understanding of the trends in the wellness industry and the potential of Tinospora crispa as a natural remedy. The writer successfully synthesizes the trends, although specific trend facts on Tinospora crispa are not available. The article provides a comprehensive overview of the herb's traditional use, scientific research, and safety concerns. The use of structured data from the Compliance and Safety tasks is evident in the ""Safety, Regulatory, and Constraints"" section, indicating a scalable and efficient approach to gathering data. However, there are some areas for improvement, such as providing more specific data on the trend facts and further exploring the technical feasibility of developing products featuring Tinospora crispa. Overall, the article is well-researched, and with some minor revisions, it is ready for publication.","** The audit reveals a high level of integrity in the data pipeline, with the article accurately reflecting most of the critical facts from the Master Fact Sheet. However, some facts, particularly those related to trend, lab, compliance, and safety, were not included in the article. Additionally, the article introduced some sections not present in the Fact Sheet, which, while not necessarily incorrect, were not part of the original data. The handling of ""Not Found"" results was appropriate, as the article did not invent citations or facts not present in the Fact Sheet. Overall, the scores reflect a strong performance in data integrity, with areas for improvement in comprehensive coverage of all facts from the Master Fact Sheet."
06.ตะไคร้_,Go,80,90,80,90,"*
Science Fact (Compound)
Science Fact (Abstracts)
Compliance Fact (Safety Dosage)
Compliance Fact (Safety Warning)
Safety Fact (Active Ingredient)
Safety Fact (Ingredient Purpose)
Safety Fact (Uses)
Safety Fact (Warnings)
Safety Fact (Directions)
Safety Fact (Other Info)
Safety Fact (Inactive Ingredients)
Safety Fact (Questions)","*
None","** The final article demonstrates a good understanding of the trends and traditional wisdom surrounding Cymbopogon citratus, also known as lemongrass. The author successfully synthesizes the available information to provide a comprehensive overview of the herb's potential market opportunity, traditional use, and safety considerations. However, the article could be improved by including more specific trend facts and data to support the market analysis. Additionally, the scientific deep-dive section could be expanded to include more detailed information on the herb's antimicrobial and antifungal properties. 

In terms of implementation feasibility, the article demonstrates a clear understanding of the safety and regulatory considerations associated with the use of Cymbopogon citratus. The author successfully utilizes the structured data from the compliance and safety tasks to inform the discussion on safety concerns and potential side effects. The split of tasks appears to be an efficient way to gather data, and the article provides a well-structured and easy-to-follow narrative. 

Overall, the article is well-written, and the author demonstrates a good understanding of the subject matter. With some minor revisions to address the areas mentioned above, the article is ready for publication. The scores reflect the article's strengths and weaknesses, with a higher score for implementation feasibility due to the author's effective use of the structured data and clear discussion of safety considerations.","** The audit revealed that while the article effectively captures many critical facts from the Master Fact Sheet, there are notable omissions, particularly in the science and safety sections. The absence of specific science facts, such as compound details and abstracts, and safety information like dosage, warnings, and ingredient purposes, indicates a data loss of 20%. On the other hand, the article does not introduce new, unfounded facts (hallucinations), suggesting a high clarity score of 90%. The handling of ""Not Found"" results, such as the citation for the reference, was appropriately managed, supporting the clarity score. Overall, the article demonstrates a good understanding of the subject matter but requires enhancement in comprehensively covering all relevant facts from the Master Fact Sheet to achieve full data integrity."
07.ข่า,Go,85,90,80,90,"*
**Lab Fact (Experimental Method):** Not found
**Lab Fact (Extraction Method):** Not found
**Lab Fact (Compound Identified):** Not found
**Lab Fact (Chromatography - TLC):** Not found
**Lab Fact (Pharmacological Finding):** Not found
**Lab Fact (Cosmetic or Clinical Effect):** Not found
**Lab Fact (Quality Control):** Not found
**Compliance Fact (Safety Dosage):** Not found
**Compliance Fact (Safety Warning):** Not found
**Toxicity Fact (Summary):** Not found
**Toxicity Fact (Mechanism):** Not found
**Toxicity Fact (Side Effects):** Not found
**Toxicity Fact (Case Reports):** Not found","*
None","** The final article demonstrates a good understanding of the trends and safety data related to galangal, effectively synthesizing the information to provide a comprehensive overview of its potential health benefits and traditional uses. The writer successfully utilized the structured data from the compliance and safety tasks, particularly in the ""Safety, Regulatory, and Constraints"" section, to provide a well-rounded discussion on the potential risks and regulatory considerations associated with galangal-based products. The split of tasks seems efficient, allowing for a detailed examination of galangal's properties, traditional wisdom, and scientific research, which supports the scalability of this workflow. However, there are areas for improvement, such as deeper exploration of the technical feasibility and safety profile of galangal, which could further enhance the article's efficacy and feasibility. Overall, the article is well-structured, informative, and relevant to the wellness audience, making it ready for publication with minor revisions to address the identified areas for improvement.","** The audit revealed that while the article effectively conveyed many key points from the Master Fact Sheet, certain critical facts were missing, particularly in the areas of lab facts, compliance facts, and toxicity facts. However, the article did not introduce any hallucinated facts, indicating a high level of clarity and adherence to the source material. The handling of ""Not Found"" results was appropriate, treating them as findings rather than failures. Overall, the data pipeline demonstrated robustness in transferring most critical statistics and compliance data with high accuracy, but there is room for improvement in ensuring all facts are properly accounted for."
08.มะกรูด,Go,85,90,92,95,"*
Lab Fact (Experimental Method)
Lab Fact (Extraction Method)
Lab Fact (Compound Identified)
Lab Fact (Chromatography - TLC)
Lab Fact (Pharmacological Finding)
Lab Fact (Cosmetic or Clinical Effect)
Lab Fact (Quality Control)
Science Fact (Compound)
Compliance Fact (Safety Dosage)
Compliance Fact (Safety Warning)
Safety Fact (Active Ingredient)
Safety Fact (Ingredient Purpose)
Safety Fact (Uses)
Safety Fact (Warnings)
Safety Fact (Directions)
Safety Fact (Other Info)
Safety Fact (Inactive Ingredients)
Safety Fact (Questions)","*
None","** The final article demonstrates a strong synthesis of the trends identified in the initial trends data, particularly in the ""Herbal in Wellness Trends"" section, where it effectively highlights the significance of kaffir lime in Southeast Asian cuisine and its potential health benefits. The article's relevance to the trends is evident, earning it a score of 85% for Practical Efficacy. 

Regarding Implementation Feasibility, the article showcases a scalable approach by incorporating structured data from the Compliance and Safety tasks, notably in the ""Safety, Regulatory, and Constraints"" section. This split of tasks appears efficient and scalable, contributing to a score of 90% for Implementation Feasibility.

The decision to proceed with publication (""Go"") is based on the article's overall strength in both efficacy and feasibility. However, it is recommended that future articles prioritize more detailed scientific research and direct references to enhance credibility and depth, particularly in sections like ""Scientific Deep-Dive"" where the discussion on liver injury attributed to Herbalife products, though informative, seems somewhat tangential to Citrus hystrix.

Overall, the article provides valuable insights into the potential of kaffir lime in the wellness industry, supported by traditional wisdom and market trends, making it a worthwhile contribution to the field.","** The audit reveals a high level of data integrity, with the article accurately reflecting the majority of facts from the Master Fact Sheet. However, several facts related to lab experiments, safety, and compliance were not included in the article, resulting in a data loss of 8%. The article did not introduce any new, unfounded facts (hallucinations), indicating a clear and accurate representation of the source material. The handling of ""Not Found"" results was appropriate, with no invented citations or information. Overall, the article demonstrates a strong commitment to data accuracy and clarity, but could be improved by including more detailed information on lab experiments and safety/compliance aspects."
09.กระเทียม,Go,80,90,90,95,"*
Trend Fact
Lab Fact (Experimental Method)
Lab Fact (Extraction Method)
Lab Fact (Compound Identified)
Lab Fact (Chromatography - TLC)
Lab Fact (Pharmacological Finding)
Lab Fact (Cosmetic or Clinical Effect)
Lab Fact (Quality Control)
Science Fact (Compound)
Science Fact (Abstracts)
Compliance Fact (Safety Dosage)
Compliance Fact (Safety Warning)
Toxicity Fact (Summary)
Toxicity Fact (Mechanism)
Toxicity Fact (Side Effects)
Toxicity Fact (Case Reports)","*
None","** The final article demonstrates a good understanding of the trends and safety data related to Allium sativum (Garlic). The ""Herbal in Wellness Trends"" section effectively synthesizes the trends, highlighting the growing demand for natural and traditional remedies. However, the article could benefit from more specific trend facts and data to support its claims. The ""Safety, Regulatory, and Constraints"" section successfully utilizes the structured data from the Compliance and Safety tasks, demonstrating a scalable and efficient way to gather data. The article provides a comprehensive overview of the traditional use of garlic in Thai medicine and cuisine, as well as its potential as a natural remedy for various health issues. The strategic analysis and product opportunities section offers valuable insights into the market potential for garlic-based products. Overall, the article is well-structured, and the content is relevant to the trends identified. With some minor revisions to address the lack of specific trend facts and data, the article is ready for publication. The workflow design is scalable and efficient, allowing for the effective gathering and utilization of data from various tasks.","** The audit revealed a high level of data integrity, with 90% of the facts from the Master Fact Sheet being present in the Final Article. However, some facts, such as Trend Fact and Lab Facts, were missing from the Article. The Article handled ""Not Found"" results correctly, omitting references when necessary. The audit also found no hallucinated entities, indicating that the Article did not introduce any new facts not present in the Master Fact Sheet. Overall, the Article demonstrated a good understanding of the Master Fact Sheet, but some improvements are needed to achieve 100% data integrity."
10.พริกไทยดำ,Go,85,90,90,95,"*
Trend Fact
Lab Fact (Experimental Method)
Lab Fact (Extraction Method)
Lab Fact (Compound Identified)
Lab Fact (Chromatography - TLC)
Lab Fact (Pharmacological Finding)
Lab Fact (Cosmetic or Clinical Effect)
Lab Fact (Quality Control)
Compliance Fact (Safety Dosage)
Compliance Fact (Safety Warning)
Safety Fact (Active Ingredient)
Safety Fact (Ingredient Purpose)
Safety Fact (Uses)
Safety Fact (Warnings)
Safety Fact (Directions)
Safety Fact (Other Info)
Safety Fact (Inactive Ingredients)
Safety Fact (Questions)
Toxicity Fact (Summary)
Toxicity Fact (Mechanism)
Toxicity Fact (Side Effects)
Toxicity Fact (Case Reports)
Source URL (Trend)
Source URL (Compliance)
Source URL (Safety)
Source URL (Toxicity)","*
None","** The final article demonstrates a good understanding of the trends in herbal wellness, particularly concerning black pepper. The synthesis of trends, although not directly quantifiable from the provided trends data, aligns well with the broader context of increasing interest in natural and traditional remedies. The article's relevance to the identified trends is strong, considering the cultural and scientific significance of black pepper. However, a more direct comparison with specific trend facts would have enhanced the efficacy score.

Regarding feasibility, the article showcases a scalable approach by effectively utilizing structured data from compliance and safety tasks. The inclusion of regulatory compliance information, such as the registration status of black pepper products, and the discussion on safety guidelines for consumption, indicates a well-considered pathway for product development. The split of tasks seems efficient, allowing for a comprehensive analysis that covers scientific properties, traditional wisdom, and regulatory aspects. This structured approach supports the scalability and efficiency of the workflow.

The decision to proceed with publication is based on the article's overall strength in addressing both the practical efficacy and implementation feasibility criteria. While there are areas for improvement, particularly in directly linking the content to specific trend facts, the article provides valuable insights into the potential of black pepper in the wellness industry, making it a relevant and informative piece for the intended audience.","** The audit revealed a high level of integrity in the data pipeline, with 90% of critical facts from the Master Fact Sheet being accurately represented in the Final Article. However, some facts were dropped, primarily related to trend, lab, compliance, safety, and toxicity information. The article demonstrated excellent clarity, with no hallucinated entities found. The handling of ""Not Found"" results was appropriate, treating them as findings rather than failures. Overall, the data pipeline showed robustness and clarity, but there is room for improvement in ensuring all critical facts are transferred accurately."
11.พริก,Go,80,90,90,95,"*
Lab Fact (Experimental Method)
Lab Fact (Extraction Method)
Lab Fact (Compound Identified)
Lab Fact (Chromatography - TLC)
Lab Fact (Pharmacological Finding)
Lab Fact (Cosmetic or Clinical Effect)
Lab Fact (Quality Control)
Science Fact (Compound)
Compliance Fact (Safety Dosage)
Compliance Fact (Safety Warning)
Safety Fact (Active Ingredient)
Safety Fact (Ingredient Purpose)
Safety Fact (Uses)
Safety Fact (Warnings)
Safety Fact (Directions)
Safety Fact (Other Info)
Safety Fact (Inactive Ingredients)
Safety Fact (Questions)","*
None","** The final article demonstrates a good understanding of the trends and compliance data. The ""Herbal in Wellness Trends"" section effectively synthesizes the trends, highlighting the connection between Ayurveda and the use of Chili Peppers in traditional Thai medicine and cuisine. However, the article could benefit from more specific information about Chili Peppers, as the Global Wellness Institute website does not provide detailed information on this topic. The writer successfully uses the structured data from the Compliance and Safety tasks, and the ""split"" of tasks seems like a scalable and efficient way to gather data. The article provides a comprehensive overview of the cultural significance, traditional wisdom, and potential market opportunities related to Chili Peppers, making it relevant to the wellness audience. Overall, the article is well-structured, and the writer demonstrates a good understanding of the topic, making it ready for publication. 

The scores are assigned based on the following criteria:
- Practical Efficacy (Relevance): 80% - The article effectively synthesizes the trends and provides a comprehensive overview of the topic. However, it lacks specific information about Chili Peppers.
- Implementation Feasibility (Scalability): 90% - The writer successfully uses the structured data from the Compliance and Safety tasks, and the ""split"" of tasks seems like a scalable and efficient way to gather data. The article provides a clear and concise overview of the topic, making it easy to understand and follow. 

The ""Go"" decision for publication is based on the overall quality of the article, its relevance to the wellness audience, and the effective use of the structured data from the Compliance and Safety tasks. The article provides a comprehensive overview of the cultural significance, traditional wisdom, and potential market opportunities related to Chili Peppers, making it a valuable resource for the wellness audience. 

The feedback provided highlights the strengths and weaknesses of the article, including the effective synthesis of trends, the lack of specific information about Chili Peppers, and the successful use of structured data. The feedback also provides suggestions for improvement, such as providing more specific information about Chili Peppers and exploring the potential market opportunities related to this topic. 

Overall, the article is well-structured, and the writer demonstrates a good understanding of the topic, making it ready for publication. The ""Go"" decision for publication is based on the overall quality of the article, its relevance to the wellness audience, and the effective use of the structured data from the Compliance and Safety tasks.","** The audit revealed a high level of data integrity, with 90% of critical facts from the Master Fact Sheet being accurately transferred to the Final Article. However, some facts, such as lab facts and safety facts, were missing from the article. The article handled ""Not Found"" results correctly, omitting references when necessary. Overall, the article demonstrated a good understanding of the Master Fact Sheet, but could be improved with more comprehensive coverage of all critical facts."
12.บัวบก,Go,90,85,90,95,"*
Lab Fact (Experimental Method)
Lab Fact (Extraction Method)
Lab Fact (Chromatography - TLC)
Lab Fact (Cosmetic or Clinical Effect)
Lab Fact (Quality Control)
Safety Fact (Active Ingredient)
Safety Fact (Ingredient Purpose)
Safety Fact (Uses)
Safety Fact (Warnings)
Safety Fact (Directions)
Safety Fact (Other Info)
Safety Fact (Inactive Ingredients)
Safety Fact (Questions)
Source URL (Compliance)
Source URL (Safety)","*
Introduction to Centella Asiatica Trends
Strategic Analysis and Product Opportunities for Centella Asiatica
Herbal Knowledge Summary of Centella Asiatica
Conclusion on Centella Asiatica","** The final article demonstrates a strong synthesis of the trends data, effectively incorporating the identified benefits and traditional uses of Centella asiatica into a cohesive narrative. The writer successfully utilized the structured data from the Compliance and Safety tasks, particularly in the ""Safety, Regulatory, and Constraints"" section, showcasing a clear understanding of the regulatory environment and safety concerns associated with Centella asiatica. The article's focus on the herb's immunity-boosting properties, antioxidant effects, and potential therapeutic applications aligns well with the trends data, indicating a high level of practical efficacy. 

However, to further enhance the article's relevance, it would be beneficial to include more specific examples of how Centella asiatica is being used in modern wellness practices or products, as well as a deeper exploration of its potential applications beyond traditional medicine. This would not only strengthen the article's connection to current trends but also provide readers with a more comprehensive understanding of the herb's versatility and potential.

Regarding implementation feasibility, the workflow design, including the use of check_compliance_task and find_safety_data_task, demonstrates a scalable and efficient approach to gathering data. The clear segmentation of tasks allows for a systematic evaluation of safety, regulatory compliance, and constraints, which is crucial for the development and marketing of Centella asiatica-based products. The only area for improvement in terms of scalability would be to consider integrating more automated processes for data collection and analysis, which could further streamline the workflow and enhance the overall efficiency of the system.

Overall, the article is well-structured, informative, and effectively communicates the potential of Centella asiatica in the wellness industry, making it ready for publication. With minor adjustments to enhance practical efficacy and implementation feasibility, the article has the potential to not only inform but also inspire further innovation and research into the applications of Centella asiatica.","** The audit revealed a high level of data integrity, with the article accurately reflecting most of the critical facts from the Master Fact Sheet. However, some facts were dropped, particularly those related to laboratory experiments, safety, and compliance. Additionally, some sections in the article were not present in the Fact Sheet, indicating potential hallucination. The handling of ""Not Found"" results was generally correct, with the article omitting or correctly stating ""not found"" for missing information. Overall, the scores reflect a strong performance in data integrity, but with room for improvement in ensuring all critical facts are transferred and avoiding hallucination."
13.มะหาด - start evaluate with gemini,No-Go,20,95,48,100,"*
Lab Fact (Experimental Method): No lab fact available
Lab Fact (Extraction Method): No lab fact available
Lab Fact (Compound Identified): No lab fact available
Lab Fact (Chromatography - TLC): No lab fact available
Lab Fact (Pharmacological Finding): No lab fact available
Lab Fact (Cosmetic or Clinical Effect): No lab fact available
Lab Fact (Quality Control): No lab fact available
Science Fact (Compound): No compound fact available
Safety Fact (Active Ingredient): No safety fact available
Safety Fact (Ingredient Purpose): No safety fact available
Safety Fact (Uses): No safety fact available
Safety Fact (Warnings): No safety fact available
Safety Fact (Directions): No safety fact available
Safety Fact (Other Info): No safety fact available
Safety Fact (Inactive Ingredients): No safety fact available
Safety Fact (Questions): No safety fact available
Toxicity Fact (Case Reports): No case reports are mentioned in the article
Culture Fact (Location - Ban Wang Had): Taling Chan
Culture Fact (Ethnic Group - Ban Wang Had): Thai Sukhothai
Culture Fact (Organization - Ban Wang Had): No herbal-related information found.
Culture Fact (Local Name - Ban Wang Had): Wang Had
Culture Fact (Use - Ban Wang Had): Farming
Culture Fact (Processing - Ban Wang Had): Farming
Culture Fact (Location - Wat Ratchaorosaram Ratchaworawihan): Bangkok
Culture Fact (Ethnic Group - Wat Ratchaorosaram Ratchaworawihan): Thai
Culture Fact (Organization - Wat Ratchaorosaram Ratchaworawihan): No herbal-related information found.
Culture Fact (Local Name - Wat Ratchaorosaram Ratchaworawihan): Som Siew
Culture Fact (Processing - Wat Ratchaorosaram Ratchaworawihan): Medicine
Culture Fact (Location - Wat Samu Nimit): Surat Thani
Culture Fact (Ethnic Group - Wat Samu Nimit): Thai
Culture Fact (Organization - Wat Samu Nimit): No herbal-related information found.
Culture Fact (Local Name - Wat Samu Nimit): Nam Man Yang
Culture Fact (Use - Wat Samu Nimit): Oil
Culture Fact (Processing - Wat Samu Nimit): Oil
**Hallucinated Entities (Facts in Article but not Fact Sheet):**
None
**Feedback:** The Final Article demonstrated excellent clarity by not introducing any hallucinated facts and by correctly handling the ""Not found"" status for the APA citation. All factual statements presented in the article were directly traceable to the Master Fact Sheet. However, the robustness of data transfer suffered significantly due to the omission of numerous specific facts from the Master Fact Sheet. This includes a large number of ""No X available/found"" statements across lab and safety categories, as well as many granular details within the cultural facts (such as specific locations, ethnic groups, local names, and processing methods for communities). While the article sometimes summarized the *absence* of information generally, it did not explicitly convey each individual ""No fact available"" or specific cultural detail as recorded in the Master Fact Sheet. This resulted in a substantial loss of distinct factual entities from the source of truth.","*
None
**Feedback:** The Final Article demonstrated excellent clarity by not introducing any hallucinated facts and by correctly handling the ""Not found"" status for the APA citation. All factual statements presented in the article were directly traceable to the Master Fact Sheet. However, the robustness of data transfer suffered significantly due to the omission of numerous specific facts from the Master Fact Sheet. This includes a large number of ""No X available/found"" statements across lab and safety categories, as well as many granular details within the cultural facts (such as specific locations, ethnic groups, local names, and processing methods for communities). While the article sometimes summarized the *absence* of information generally, it did not explicitly convey each individual ""No fact available"" or specific cultural detail as recorded in the Master Fact Sheet. This resulted in a substantial loss of distinct factual entities from the source of truth.","**
    **Practical Efficacy (Relevance):** The article transparently states that ""no trend facts are available for Artocarpus lacucha,"" meaning it could not synthesize identified trends as per the prompt's specific criterion. While the article pivots to discuss scientific and traditional uses, which are relevant to a wellness brand's exploratory research, it fails to meet the specific metric of synthesizing *identified* trends due to the absence of input data. The 20% score reflects the accurate reporting of this data gap, which is a relevant finding in itself, but the lack of actual trend synthesis.

    **Implementation Feasibility (Scalability):** The workflow successfully demonstrated scalability and efficiency. The writer agent effectively utilized the outputs from the `check_compliance_task` and `find_safety_data_task`, even though both tasks reported a lack of specific data (e.g., ""no explicit human toxicity facts"" or ""None of the compliance facts... were found""). This robust integration of ""no data found"" scenarios confirms the system's ability to handle various data outcomes, making the split-task approach highly scalable and efficient for data gathering.

    **Go/No-Go for Publication:** ""No-Go"" for public publication. While the article is well-structured and transparently reports on the available information, it explicitly highlights critical gaps in safety, regulatory, and compliance data (""no explicit human toxicity facts,"" ""None of the compliance facts related to food registration, safety dosage, or safety warnings were found""). For a major wellness brand, publishing content about an ingredient without comprehensive safety and regulatory assurances would be irresponsible and could pose significant reputational and legal risks. This article serves as an excellent internal research brief to inform further investigation, but it is not ready for external public consumption.","** The Final Article demonstrated excellent clarity by not introducing any hallucinated facts and by correctly handling the ""Not found"" status for the APA citation. All factual statements presented in the article were directly traceable to the Master Fact Sheet. However, the robustness of data transfer suffered significantly due to the omission of numerous specific facts from the Master Fact Sheet. This includes a large number of ""No X available/found"" statements across lab and safety categories, as well as many granular details within the cultural facts (such as specific locations, ethnic groups, local names, and processing methods for communities). While the article sometimes summarized the *absence* of information generally, it did not explicitly convey each individual ""No fact available"" or specific cultural detail as recorded in the Master Fact Sheet. This resulted in a substantial loss of distinct factual entities from the source of truth."
14.ฟักข้าว,Go,90,95,63,84,"*
Compliance Fact (Food Registration 1): ""No compliance fact available.""
Compliance Fact (Food Registration 2): ""No compliance fact available.""
Compliance Fact (Safety Dosage): ""No compliance fact available.""
Compliance Fact (Safety Warning): ""No compliance fact available.""
Safety Fact (Active Ingredient): ""No safety fact available.""
Safety Fact (Ingredient Purpose): ""No safety fact available.""
Safety Fact (Uses): ""No safety fact available.""
Safety Fact (Warnings): ""No safety fact available.""
Safety Fact (Directions): ""No safety fact available.""
Safety Fact (Other Info): ""No safety fact available.""
Safety Fact (Inactive Ingredients): ""No safety fact available.""
Safety Fact (Questions): ""No safety fact available.""
Toxicity Fact (Mechanism): ""The mechanism of cell death induced by the aril extract was found to be both apoptotic and necrotic, with typical biochemical and morphological characteristics.""
Toxicity Fact (Case Reports): ""No case reports were mentioned in the study.""
Culture Fact (Wat Phra Mahathat Woramahawihan - processing_method): ""Gilding""
Culture Fact (Ban Sop Lan - processing_method): ""Planting""
Culture Fact (Pha To - processing_method): ""Planting""
**Hallucinated Entities (Facts in Article but not Fact Sheet):**
Inference/Interpretation: ""suggesting that the extract may be safe for use."" (from article's ""Safety, Regulatory, and Constraints"" section)
General Advice: ""To ensure safety, it is crucial to develop and manufacture products in accordance with good manufacturing practices (GMPs) and conduct adequate safety testing to minimize the risk of adverse effects."" (from article's ""Safety, Regulatory, and Constraints"" section)
Strategic Suggestion: ""The product could be positioned as a natural, culturally inspired wellness supplement, appealing to consumers seeking traditional and organic products."" (from article's ""Strategic Analysis and Product Opportunities"" section)
General Advice: ""To mitigate potential safety and toxicity risks, the product development process should prioritize rigorous safety testing, GMP compliance, and transparent labeling."" (from article's ""Strategic Analysis and Product Opportunities"" section)
**Feedback:**","*
Inference/Interpretation: ""suggesting that the extract may be safe for use."" (from article's ""Safety, Regulatory, and Constraints"" section)
General Advice: ""To ensure safety, it is crucial to develop and manufacture products in accordance with good manufacturing practices (GMPs) and conduct adequate safety testing to minimize the risk of adverse effects."" (from article's ""Safety, Regulatory, and Constraints"" section)
Strategic Suggestion: ""The product could be positioned as a natural, culturally inspired wellness supplement, appealing to consumers seeking traditional and organic products."" (from article's ""Strategic Analysis and Product Opportunities"" section)
General Advice: ""To mitigate potential safety and toxicity risks, the product development process should prioritize rigorous safety testing, GMP compliance, and transparent labeling."" (from article's ""Strategic Analysis and Product Opportunities"" section)
**Feedback:**","**
    **Practical Efficacy (Relevance):** The article demonstrates strong practical efficacy. While acknowledging the absence of specific trend data for Momordica cochinchinensis itself, the article successfully synthesizes broader wellness trends by highlighting the fruit's beta-carotene content, antioxidant properties, and cultural significance. This strategic approach effectively connects the ingredient to relevant market opportunities in the natural health and wellness sector, making the content highly relevant to our audience's interests in natural, effective solutions.

    **Implementation Feasibility (Scalability):** The workflow design, specifically the use of `check_compliance_task` and `find_safety_data_task` to split data gathering, is excellent for scalability and cost-effectiveness. This modular approach ensures that specialized information (compliance, safety) is collected efficiently and can be integrated into the final content. Although the provided context for these tasks only contained ""thoughts"" rather than the extracted data, the article's ""Safety, Regulatory, and Constraints"" section still addresses general safety concerns and the importance of GMPs, demonstrating the writer's awareness of these critical aspects. Had the structured data been fully available, the writer agent *would have* been able to incorporate it directly, further validating the workflow's design. The split of tasks is a highly efficient and scalable method for data collection.

    **Go/No-Go for Publication:** Go. The article is well-structured, relevant, and addresses critical aspects of product development in the wellness space. The strategic thinking demonstrated in linking the ingredient to broader trends, despite specific data limitations, is commendable. The underlying workflow design is sound and scalable. With minor internal adjustments (ensuring full data pass-through from upstream tasks), this article is ready for publication.","**
    The **Collaboration Robustness** score of 63.04% indicates a significant data loss. While the article successfully transferred core scientific, toxicity summary, and cultural location/use facts, it dropped 17 distinct facts from the Master Fact Sheet. This includes specific cultural processing methods and the toxicity mechanism and case report findings. Crucially, the article failed to explicitly state the absence of information for all ""No compliance fact available"" (4 instances) and ""No safety fact available"" (8 instances) entries, instead opting for omission. Although it did not invent these facts, the explicit ""not found"" status from the fact sheet was not conveyed, representing a loss of a critical finding.

    The **Explanation Clarity** score of 84.00% reflects that the article largely avoided inventing core scientific, cultural, or regulatory *facts* about Momordica cochinchinensis itself. However, it did introduce four instances of interpretive statements, general advice, and strategic suggestions that were not directly supported by explicit facts in the Master Fact Sheet. While these might be reasonable inferences or common industry practices, they constitute ""hallucinations"" as they do not originate from the provided source of truth. The article correctly handled explicit ""not found"" statements for Trend and Internal RAG facts by stating their absence, demonstrating good handling in those specific cases."
15.ส้มป่อย,No-Go,95,40,49,100,"*
Compliance Fact (Food Registration 1): registration_number=10-1-13660-5-0242, product_name=ส้มป่อย / Acacia concinna, company_name=บริษัท โพธิ์ประดิษฐ์สมุนไพร จำกัด, status=สถานะผลิตภัณฑ์(ยกเลิกโดยผู้ประกอบการ 26/10/2561) \ สถานะสถานที่ (คงอยู่ )
Compliance Fact (Food Registration 2): registration_number=10-1-13660-5-0243, product_name=ส้มป่อย (ผง) / Acacia concinna (Powder), company_name=บริษัท โพธิ์ประดิษฐ์สมุนไพร จำกัด, status=สถานะผลิตภัณฑ์(ยกเลิกโดยผู้ประกอบการ 26/10/2561) \ สถานะสถานที่ (คงอยู่ )
Compliance Fact (Food Registration 3): registration_number=11-2-00342-6-0472, product_name=น้ำปลาร้าปรุงรส สูตรโบราณ ตรา ส้มป่อย, company_name=บริษัท พี.วาย.ฟู้ด จำกัด, status=สถานะผลิตภัณฑ์(คงอยู่)\ สถานะสถานที่ (คงอยู่)
Compliance Fact (Food Registration 4): registration_number=33-2-00868-6-0001, product_name=หอมแดงอบแห้ง ตรา นาคาลักษมี, company_name=วิสาหกิจชุมชนกลุ่มหอมแดงราษีไศล, status=สถานะผลิตภัณฑ์(คงอยู่)\ สถานะสถานที่ (คงอยู่)
Compliance Fact (Food Registration 5): registration_number=33-2-00868-6-0002, product_name=ชาหอมแดง ตรา นาคาลักษมี, company_name=วิสาหกิจชุมชนกลุ่มหอมแดงราษีไศล, status=สถานะผลิตภัณฑ์(คงอยู่)\ สถานะสถานที่ (คงอยู่)
Compliance Fact (Herbal Product Registration 1): registration_number=G347/57, product_name=ยาระบายผสมส้มป่อย / COMPOUND SOMPOI LAXATIVE, company_name=บริษัท สิทธิพรสมุนไพร จำกัด, status=คงอยู่
Compliance Fact (Herbal Product Registration 2): registration_number=G33/59, product_name=ยาเม็ดสมุนไพรผสมส้มป่อย / COMPOUND SOM POY HERBAL TABLET, company_name=บริษัท สิทธิพรสมุนไพร จำกัด, status=คงอยู่
Compliance Fact (Cosmetic Registration 1): registration_number=10-1-6010022379, product_name=แม่อุไร แชมพูสมุนไพร มะกรูด&ส้มป่อย&ว่านหาวจระเข้ / MAE AURAI HERBAL SHAMPOO BERGAMOT&SOMPOI&ALOE VERA, company_name=ห้างหุ้นส่วนจำกัด สมุนไพรไทยแม่อุไร, status=คงอยู่
Compliance Fact (Cosmetic Registration 2): registration_number=10-1-6100008946, product_name=นารดา แชมพู ส้มป่อย ใบหมี่ เฮนน่า / NARDA SHAMPOO ACACIA CONCINNA, LITSEA & HENNA, company_name=บริษัท ลีเอ็นเตอร์เทนเม้นท์ จำกัด, status=คงอยู่
Safety Fact (Active Ingredient): Not found
Safety Fact (Ingredient Purpose): Not found
Safety Fact (Uses): Not found
Safety Fact (Warnings): Not found
Safety Fact (Directions): Not found
Safety Fact (Other Info): Not found
Safety Fact (Inactive Ingredients): Not found
Safety Fact (Questions): Not found
Toxicity Fact (Case Reports): Case reports of liver injury in 5 patients taking Acacia concinna have been published. The patients presented with jaundice, fatigue, and abdominal pain, and had elevated liver enzymes and bilirubin levels. The liver injury was attributed to the use of Acacia concinna, and the patients recovered after discontinuing the use of the plant.
Culture Fact (Community - Ban Huai Sompoy): Ban Huai Sompoy (บ้านห้วยส้มป่อย)
Culture Fact (Location - Ban Huai Sompoy): Chiang Mai Province
Culture Fact (Community Highlight - Ban Huai Sompoy): No herbal-related information found.
Culture Fact (Name Etymology - Ban Huai Sompoy): The name ""Sompoy"" comes from the plant ""Sompoy"" (พืชยืนต้นขนาดเล็กหรือไม้พุ่ม), which is used in various rituals by the community, such as ""Sadok Krai"" and ""Rong Nam Dam Hua"". The community believes that Sompoy is a plant that helps to eliminate bad luck and misfortune from their lives.
Culture Fact (Environment - Ban Huai Sompoy): The community is located in the upper part of the Mae Taeng River basin, in the Chom Thong district of Chiang Mai province. The area was previously inhabited by the Lua people, as evidenced by the discovery of ancient burial grounds and artifacts.
Culture Fact (Organization - Ban Huai Sompoy): No herbal-related information found.
Culture Fact (Local Name - Ban Huai Sompoy): Sompoy (ส้มป่อย)
Culture Fact (Source - Ban Huai Sompoy): https://wikicommunity.sac.or.th/community/1643
Culture Fact (Community - Ban Had Sompoy): Ban Had Sompoy (บ้านหาดส้มป่อย)
Culture Fact (Location - Ban Had Sompoy): Chiang Mai Province
Culture Fact (Community Highlight - Ban Had Sompoy): No herbal-related information found.
Culture Fact (Name Etymology - Ban Had Sompoy): The name ""Had Sompoy"" comes from the location of the community, which is near a beach (หาด) where Sompoy plants are abundant.
Culture Fact (Environment - Ban Had Sompoy): The community is located in the Chom Thong district of Chiang Mai province.
Culture Fact (Organization - Ban Had Sompoy): No herbal-related information found.
Culture Fact (Local Name - Ban Had Sompoy): Sompoy (ส้มป่อย)
Culture Fact (Source - Ban Had Sompoy): https://wikicommunity.sac.or.th/community/378
Culture Fact (Community - Ban Lahuh Sompoy): Ban Lahuh Sompoy (บ้านลาหู่ส้มป่อย)
Culture Fact (Location - Ban Lahuh Sompoy): Tak Province
Culture Fact (Community Highlight - Ban Lahuh Sompoy): No herbal-related information found.
Culture Fact (Name Etymology - Ban Lahuh Sompoy): The name ""Lahuh Sompoy"" comes from the location of the community, which was previously a farm area with an abundance of Sompoy plants.
Culture Fact (Environment - Ban Lahuh Sompoy): The community is located in the Tak province.
Culture Fact (Organization - Ban Lahuh Sompoy): No herbal-related information found.
Culture Fact (Local Name - Ban Lahuh Sompoy): Sompoy (ส้มป่อย)
Culture Fact (Source - Ban Lahuh Sompoy): https://ethnicredb.sac.or.th/research_detail.php?id=2012
**Hallucinated Entities (Facts in Article but not Fact Sheet):**
None
**Feedback:** The article successfully avoided hallucination, with all presented facts traceable back to the Master Fact Sheet. ""Not Found"" safety facts were correctly handled by omission, demonstrating good clarity. However, the article suffered from significant data loss, particularly in compliance data (all 9 registrations were omitted), specific toxicity case reports, and detailed cultural information for the three communities. While some general cultural themes were retained, the specific names, locations, etymologies, environments, highlights, organizations, local names (in specific context), and sources for each community were dropped. This resulted in a low robustness score, indicating a need to improve the transfer of critical and specific data points.","*
None
**Feedback:** The article successfully avoided hallucination, with all presented facts traceable back to the Master Fact Sheet. ""Not Found"" safety facts were correctly handled by omission, demonstrating good clarity. However, the article suffered from significant data loss, particularly in compliance data (all 9 registrations were omitted), specific toxicity case reports, and detailed cultural information for the three communities. While some general cultural themes were retained, the specific names, locations, etymologies, environments, highlights, organizations, local names (in specific context), and sources for each community were dropped. This resulted in a low robustness score, indicating a need to improve the transfer of critical and specific data points.","**
    The article demonstrates strong **Practical Efficacy** by effectively synthesizing wellness trends. Despite ""Soap Pod"" not being explicitly mentioned in the trend data, the article intelligently frames its potential market opportunity within the broader wellness growth, hydrothermal bathing, and biophilic design trends. This shows a nuanced understanding and relevant application of the provided trend context.

    However, the **Implementation Feasibility** of the workflow is significantly flawed in this instance. While the *design* of splitting tasks for compliance and safety data gathering is conceptually scalable and efficient, the *execution* by the writer agent was poor:
    1.  **Compliance Data:** The rich, structured Thai FDA registration data from `check_compliance_task` was almost entirely ignored and not integrated into the ""Safety, Regulatory, and Constraints"" section, nor adequately addressed elsewhere in the article. This is a critical omission for a regulatory-sensitive topic.
    2.  **Safety Data:** The `find_safety_data_task` output provided in the context was empty. Yet, the article included safety information (liver injury, side effects). This suggests either the writer agent hallucinated this information or sourced it from an unmonitored external channel, bypassing the intended structured input. This undermines the reliability and control of the designed workflow.

    The failure to effectively utilize provided structured data from the dedicated tasks means the workflow, as demonstrated, is not operating efficiently or reliably. The ""Safety, Regulatory, and Constraints"" section is incomplete and potentially misinformed due to these issues, making the article unsuitable for publication for our wellness brand. Further refinement of the writer agent's data integration capabilities and ensuring robust data passing from upstream tasks are necessary.","** The article successfully avoided hallucination, with all presented facts traceable back to the Master Fact Sheet. ""Not Found"" safety facts were correctly handled by omission, demonstrating good clarity. However, the article suffered from significant data loss, particularly in compliance data (all 9 registrations were omitted), specific toxicity case reports, and detailed cultural information for the three communities. While some general cultural themes were retained, the specific names, locations, etymologies, environments, highlights, organizations, local names (in specific context), and sources for each community were dropped. This resulted in a low robustness score, indicating a need to improve the transfer of critical and specific data points."
16.มะคำดีควาย,Go,95,80,92,100,"*
Compliance Fact (Food Registration 1): None found
Compliance Fact (Food Registration 2): None found
Compliance Fact (Safety Dosage): Not found
Compliance Fact (Safety Warning): None found
Safety Fact (Active Ingredient): OXYBENZONE, OCTINOXATE, OCTISALATE, AVOBENZONE
Safety Fact (Ingredient Purpose): Sunscreen
Safety Fact (Uses): helps prevent sunburn, if used as directed with other sun protection measures (see Directions), decreases the risk of skin cancer and skin aging caused by the sun
Safety Fact (Warnings): For external use only, Do not use on damaged broken skin, When using this product keep out of eyes. Rinse with water to remove, Stop use and ask a doctor if rash occurs., Keep out of reach of children., If swallowed, get medical help or contact a Poison Control Center right away.
Safety Fact (Directions): apply liberally 15 minutes before sun exposure, children less than 6 months of age: ask a doctor, reapply at least every 2 hours, use a water resistant sunscreen if swimming or sweating
Safety Fact (Other Info): protect the product in this container from excessive heat and direct sun, the product may stain certain types of fabrics
Safety Fact (Inactive Ingredients): WATER, GLYCERIN, SILICA, DIMETHICONE, STEARIC ACID, STEARYL ALCOHOL, NONENOL, SAPINDUS RARAK FRUIT EXTRACT, POUZOLZIA PENTANDRA EXTRACT, METHOXYBENZOYL METHYLSULFONYL OXOPIPERIDINYL PIPERAZINECARBOXAMIDE, THIAZOLYLALANINE, TRISILOXANE, DIMETHICONOL, MYRISTYL MYRISTATE, MALTODEXTRIN, PEG-100 STEARATE, CAPRYLYL GLYCOL, GLYCERYL STEARATE, SODIUM POLYACRYLATE, POLYURETHANE-40, POTASSIUM HYDROXIDE, ACRYLATES/C10-30 ALKYL ACRYLATE CROSSPOLYMER, DISODIUM EDTA, 1,2-HEXANEDIOL, FRAGRANCE
Safety Fact (Questions): Not found
Toxicity Fact (Summary): Not found
Toxicity Fact (Mechanism): Not found
Toxicity Fact (Side Effects): Not found
Toxicity Fact (Case Reports): Not found
Lab Fact (Experimental Method): Not found
Lab Fact (Extraction Method): Not found
Lab Fact (Chromatography - TLC): Not found
Lab Fact (Pharmacological Finding): Not found
Lab Fact (Cosmetic or Clinical Effect): Not found
Lab Fact (Quality Control): Not found","*
None","** The article effectively synthesizes the identified trends and presents a compelling case for the use of Sapindus rarak in wellness products. The workflow for gathering safety and compliance data is generally scalable, but could benefit from more targeted data sources to ensure comprehensive safety assessments. The slight deduction in efficacy is due to the article's Herbal Knowledge Summary not referencing Sapindus Rarak. The feasibility score reflects the need for refinement in safety data retrieval.
```","** The article accurately reflects most of the key facts from the fact sheet, including trend facts, science facts (compound, abstracts), and culture facts. The article also correctly handles the ""Not Found"" entries by omitting them or stating that the information was not available. The main area for improvement is the omission of the detailed safety facts, compliance facts, and some lab facts which could have enriched the article.
```"
17.ไพล,Go,70,90,92,100,"*
Trend Fact: Not found
Lab Fact (Experimental Method): Not found
Lab Fact (Extraction Method): Not found
Lab Fact (Compound Identified): Not found
Lab Fact (Chromatography - TLC): Not found
Lab Fact (Pharmacological Finding): Not found
Lab Fact (Cosmetic or Clinical Effect): Not found
Lab Fact (Quality Control): Not found
Science Fact (Compound): Not found
Compliance Fact (Food Registration 1): None found
Compliance Fact (Safety Dosage): Not found
Compliance Fact (Safety Warning): None found
Safety Fact (Active Ingredient): ZINGIBER CASSUMUNAR ROOT OIL, strength: Not found, purpose: Not found
Safety Fact (Ingredient Purpose): Not found
Safety Fact (Uses): Not found
Safety Fact (Warnings): Not found
Safety Fact (Directions): Not found
Safety Fact (Other Info): Not found
Safety Fact (Inactive Ingredients): Not found
Safety Fact (Questions): Not found
Toxicity Fact (Mechanism): Not found
Toxicity Fact (Case Reports): Not found
Internal RAG Fact (Herbal): Zingiber cassumunar, also known as ไพล, is not explicitly mentioned in the provided context. However, the context discusses Thai traditional medicine, its benefits, and the use of various herbs in treating ailments.
Internal RAG Fact (Cultural): No relevant information about ไพล was found in the provided cultural context.","*
None","** The article effectively integrates safety data and highlights regulatory considerations, demonstrating good feasibility. However, the ""Herbal in Wellness Trends"" section could be strengthened by incorporating more specific trend data to enhance its relevance and efficacy.","** The article accurately reflects the information provided in the fact sheet. The ""Not found"" for citation_apa is handled correctly by stating ""Not found"" in the references. The article successfully incorporates the main science and cultural facts. The score reflects the omission of several ""Not found"" or ""None found"" facts from the original fact sheet, which, while technically correct to omit, reduces the comprehensiveness slightly.
```"
18.เพชรสังฆาต,Go,85,90,93,100,"*
Compliance Fact (Food Registration 1): registration_number=10-1-13660-5-0072, product_name=เพชรสังฆาต (ผง) / Cissus quadrangularis L. (Powder), company_name=บริษัท โพธิ์ประดิษฐ์สมุนไพร จำกัด, status=สถานะผลิตภัณฑ์(ยกเลิกโดยผู้ประกอบการ 26/10/2561) \ สถานะสถานที่ (คงอยู่ )
Compliance Fact (Food Registration 2): registration_number=10-1-13660-5-0073, product_name=เพชรสังฆาต / Cissus quadrangularis L., company_name=บริษัท โพธิ์ประดิษฐ์สมุนไพร จำกัด, status=สถานะผลิตภัณฑ์(ยกเลิกโดยผู้ประกอบการ 26/10/2561) \ สถานะสถานที่ (คงอยู่ )
Compliance Fact (Herbal Product 1): registration_number=G564/51, product_name=ยาแคปซูลเพชรสังฆาต / COMPOUND PETCH-SANG-KART CAPSULE, company_name=บริษัท บี.ซี.คอสเมติคส์ จำกัด, status=ทะเบียนคงอยู่ แต่ผู้ผลิต ไม่ต่ออายุใบอนุญาตฯ ทำให้ไม่สามารถผลิตได้
Compliance Fact (Herbal Product 2): registration_number=G226/52, product_name=ยาแคปซูลเพชรสังฆาต ตรามาเธอร์ / -, company_name=บริษัท บางกอก คอนซูเมอร์ โพรดัค เซอร์วิส, status=ทะเบียนคงอยู่ แต่ผู้ผลิต ไม่ต่ออายุใบอนุญาตฯ ทำให้ไม่สามารถผลิตได้
Compliance Fact (Herbal Product 3): registration_number=G506/46, product_name=ยาแคปซูลสมุนไพรเพชรสังฆาต ตราช้าง 9 เชือก / -, company_name=เอเซียฟาร์มาซี, status=ทะเบียนคงอยู่ แต่ผู้ผลิต ไม่ต่ออายุใบอนุญาตฯ ทำให้ไม่สามารถผลิตได้
Compliance Fact (Herbal Product 4): registration_number=G352/58, product_name=ตำรับยาผสมเพชรสังฆาต ชนิดแคปซูล / COMPOUND CISSUS QUADRANGULARIS CAPSULE, company_name=บริษัท ที.ซี.ฟาร์มา-เคม จำกัด (สาขา 2), status=คงอยู่
Compliance Fact (Herbal Product 5): registration_number=G127/47, product_name=ยาแคปซูลเพชรสังฆาต / YA-CAPSULE PED-SUNG-KARD, company_name=บริษัท อังกฤษตรางู (แอล.พี.) จำกัด, status=ยกเลิก
Safety Fact (Active Ingredient):
name: Menthol
strength: 10%
purpose: Natural support for healthy joints
Safety Fact (Active Ingredient):
name: Camphor
strength: 5%
purpose: Natural support for healthy joints
Safety Fact (Ingredient Purpose):
name: Menthol
strength: 10%
purpose: Natural support for healthy joints
Safety Fact (Ingredient Purpose):
name: Camphor
strength: 5%
purpose: Natural support for healthy joints
Safety Fact (Uses): Temporary relieves minor aches and pains of muscles and joints associated with simple backache, arthritis, strains, bruises and sprains.
Safety Fact (Warnings): Do not apply on an open wound or to exposed skin. If you are pregnant or breast-feeding, consult your healthcare professional before use. If condition gets worse or skin irritation occurs, stop usage and consult your doctor.
Safety Fact (Directions): Gently massage the oil over the affected body parts or as directed by physician.
Safety Fact (Other Info): Apply on small area of skin to test any allergic reactions before using. (*These statements have not been evaluated by the Food and Drug Administration. This product is not intended to diagnose, treat, cure or prevent any disease.)
Safety Fact (Inactive Ingredients): Mustard oil, Linseed oil, Wintergreen oil, Ajowa oil, Boswelia oil, Mustard oil processed with Castor, Drum stick, Thorn apple, Cissus quandragularis","*
None","** The article effectively connects Cissus quadrangularis to current wellness trends by highlighting its traditional uses and potential health benefits. The ""split"" task workflow for gathering compliance and safety data appears to be both scalable and efficient, as it allows for specialized information gathering.
```","** The article accurately reflects most of the information in the fact sheet. The score for Collaboration Robustness is high, but not perfect, as several Compliance Facts and Safety Facts were omitted. The handling of ""Not Found"" results was correct."
19.เถาวัลย์เปรียง,No-Go,75,85,92,100,"*
Compliance Fact (Food Registration 1): registration_number=10-1-00450-1-0016, product_name=ชาสมุนไพร เถาวัลย์เปรียง (ตราเอ็นทู ที) / JEWEL VINE HERBAL TEA (N2 TEA BRAND), company_name=บริษัท คัลเลอร์-พลาส จำกัด, status=สถานะผลิตภัณฑ์(คงอยู่)\ สถานะสถานที่ (คงอยู่)
Compliance Fact (Food Registration 2): registration_number=10-1-00450-1-0028, product_name=ชาสมุนไพร เถาวัลย์เปรียง (ตรา จีอีโอ) / JEWEL VINE HERAL TEA (GEO BRAND), company_name=บริษัท คัลเลอร์-พลาส จำกัด, status=สถานะผลิตภัณฑ์(คงอยู่)\ สถานะสถานที่ (คงอยู่)
Compliance Fact (Food Registration 3): registration_number=10-1-01949-1-0194, product_name=ชาสมุนไพร เถาวัลย์เปรียง / JEWEL VINE HERBAL TEA, company_name=บริษัท โรงงานเภสัชอุตสาหกรรม เจเอสพี (ประเทศไทย) จำกัด (มหาชน), status=สถานะผลิตภัณฑ์(ผู้ประกอบการแจ้งยกเลิกใบอนุญาต 16/1/2567) \ สถานะสถานที่ (ยกเลิกโดยผู้ประกอบการ 16/1/2567)
Compliance Fact (Food Registration 4): registration_number=10-1-01949-1-0206, product_name=ชาสมุนไพร เถาวัลย์เปรียงผสมใบหญ้าหวาน / JEWEL VINE AND STEVIA HERBAL TEA, company_name=บริษัท โรงงานเภสัชอุตสาหกรรม เจเอสพี (ประเทศไทย) จำกัด (มหาชน), status=สถานะผลิตภัณฑ์(ผู้ประกอบการแจ้งยกเลิกใบอนุญาต 16/1/2567) \ สถานะสถานที่ (ยกเลิกโดยผู้ประกอบการ 16/1/2567)
Compliance Fact (Food Registration 5): registration_number=10-1-09148-1-0013, product_name=ชาสมุนไพร เถาวัลย์เปรียง (ตราภูต้นน้ำ), company_name=บริษัท ภูต้นน้ำ จำกัด, status=สถานะผลิตภัณฑ์(ยกเลิก 8/6/2560) \ สถานะสถานที่ (ยกเลิก 8/6/2560)","*
None","** The article is well-written and incorporates available data. However, the lack of direct trend data and concrete safety facts makes it unsuitable for publication *at this time*. More research is needed on the safety profile of Derris scandens. The task splitting (compliance vs. safety) seems like a scalable approach.
```","** The article accurately reflects most of the facts from the fact sheet. The ""Not Found"" results in the fact sheet (e.g. Trend Fact, Lab Facts, Safety Facts, etc.) are handled correctly by omitting them from the article, and no information is invented. The food registration compliance facts were dropped, lowering the Collaboration Robustness score."
20.กวาวเครือขาว,Go,70,90,92,100,"*
Compliance Fact (Food Registration 2): registration_number=10-1-13660-5-0114, product_name=กวาวเครือขาว (ผง) / Pueraria mirifica (Powder), company_name=บริษัท โพธิ์ประดิษฐ์สมุนไพร จำกัด, status=สถานะผลิตภัณฑ์(ยกเลิกโดยผู้ประกอบการ 26/10/2561) \ สถานะสถานที่ (คงอยู่ )
Compliance Fact (Food Registration 3): registration_number=G347/46, product_name=ยาแคปซูลกวาวเครือขาว / COMPOUND PUERARIA MIRIFICA CAPSULES, company_name=ศูนย์พัฒนา สมุนไพรไทย, status=คงอยู่
Compliance Fact (Food Registration 4): registration_number=G291/49, product_name=ยาเม็ดกวาวเครือขาว / COMPOUND PUERARIA MIRIFICA TABLET, company_name=None, status=ยกเลิก(23 เมษายน 2562)
Compliance Fact (Food Registration 5): registration_number=G422/49, product_name=ยาแคปซูลกวาวเครือขาว /  -, company_name=บริษัท ไทย - ล้านนา เฮอร์บอล อินดัสตรี้ จำกัด, status=ทะเบียนคงอยู่ แต่ผู้ผลิตยกเลิกกิจการ ทำให้ไม่สามารถผลิตได้
Safety Fact (Active Ingredient): Pyridoxine, Niacin, Cyanocobalamin, Vitamin A
Safety Fact (Ingredient Purpose): Dietary Supplement
Safety Fact (Uses): Intense Sexual Desire
Safety Fact (Warnings): Consult with a physician to determine if this product is safe for you to use or not. This product contains herbs, powders and extracts that can have an effect on your health. Do not take this product if you are taking any drug, alcohol, caffeine or any ingredient that increases energy or affects blood pressure higher or lower. This product is not intended to cure any disease or condition. Do not take if you have any heart issues, high blood pressure, liver issues, or any condition you are being treated for. Consult with your physician before you take this product or any sexual enhancement product.
Safety Fact (Directions): Take 1 capsule 60-180 minutes prior to sexual activity. Do not take with food, it works best when taken in between meals, or at least one hour after eating.
Safety Fact (Other Info): Effects are normally active only when physically stimulated. NOT INTENDED FOR USE BY PERSONS UNDER THE AGE OF 18
Safety Fact (Inactive Ingredients): Pueraria Candollei Var. Mirifica Root, Epimedium Wushanense Whole, Yohimbine, White Rice
Safety Fact (Questions): None","*
None","** The article adequately connects to wellness trends, although the link could be stronger with more direct evidence. The workflow for gathering safety and compliance data seems effective and scalable. While the trend data didn't provide a strong connection, the article still makes a reasonable case for Pueraria mirifica's potential in the wellness market. Given the thoroughness of the safety and regulatory considerations, I recommend publication.
```","** The article accurately reflects most of the information in the fact sheet. However, several compliance and safety facts were dropped, lowering the Collaboration Robustness score. The handling of ""Not Found"" results was perfect; there were no hallucinations.
```"
21.ว่านชักมดลูก,Go,95,85,92,100,"*
Compliance Fact (Food Registration 1): None found
Compliance Fact (Safety Dosage): Not found
Compliance Fact (Safety Warning): None found
Safety Fact (Ingredient Purpose): Not found
Safety Fact (Other Info): Not found
Safety Fact (Questions): Not found
Toxicity Fact (Summary): Not found
Toxicity Fact (Mechanism): Not found
Toxicity Fact (Side Effects): Not found
Toxicity Fact (Case Reports): Not found","*
None","**

The article demonstrates strong practical efficacy by effectively synthesizing the trends related to Curcuma Comosa, particularly its traditional uses and potential benefits for women's health and skincare. The ""Herbal in Wellness Trends"" section accurately reflects the information extracted from the trends data, highlighting its use in vaginal health, skin improvement, and traditional medicine.

The implementation feasibility is also high, as the writer successfully incorporated safety and regulatory information. The article acknowledges the need for further research to ensure the safety and efficacy of Curcuma Comosa-based products. The inclusion of inactive ingredients provides valuable information. The split of tasks for compliance and safety data seems scalable and efficient, allowing for a more focused approach to data gathering. However, the safety data was somewhat limited and could be expanded with more comprehensive toxicity facts and specific warnings related to Curcuma Comosa.
```","** The article is a good representation of the fact sheet. All facts in the article are present in the fact sheet. The handling of ""Not Found"" results is correct. The article omits information when it is not available in the fact sheet. Several ""Not Found"" compliance, safety, and toxicity facts were not included in the final article, resulting in a small data loss. However, all present facts are accurate."
22.สมอไทย,Go,90,85,93,100,"*
Lab Fact (Experimental Method): Not found
Lab Fact (Extraction Method): Not found
Lab Fact (Chromatography - TLC): Not found
Lab Fact (Cosmetic or Clinical Effect): Not found
Lab Fact (Quality Control): Not found
Compliance Fact (Food Registration 1): None found
Compliance Fact (Safety Dosage): Not found
Toxicity Fact (Mechanism): Not found
Toxicity Fact (Side Effects): Not found
Toxicity Fact (Case Reports): Not found
Safety Fact (Ingredient Purpose): Not found
Source URL (Trend): Not found
Source URL (Compliance): Not found","*
None","** The article effectively synthesizes the trend of growing interest in herbal remedies and positions Terminalia chebula appropriately. The workflow of splitting tasks for safety and compliance data appears to be a feasible and scalable approach. Minor improvements could include a more detailed discussion of specific regulatory constraints, if available.
```","** The article accurately reflects most of the key facts from the fact sheet. The ""Not Found"" results for citation_apa are correctly handled by omitting the citation where it was not available. The article does not hallucinate any information. The Collaboration Robustness score is high, but there are some lab facts and other compliance/safety facts that are not found in the article, which accounts for the slightly lower score."
23.มะรุม,Go,100,95,74,97,"*
Compliance Fact (Food Registration 1): registration_number=เลขสารบบอาหาร 10-3-XXXXX-X-XXXX
Compliance Fact (Food Registration 1): product_name=มะรุม
Compliance Fact (Food Registration 1): company_name=ไม่มีข้อมูล
Compliance Fact (Food Registration 1): status=ไม่มีข้อมูล
Compliance Fact (Food Registration 2): None found
Safety Fact (Uses): After make soap bubbles with lukewarm water and then wash the face sofly while massaging the entire face.
Safety Fact (Warnings): Storage and handling precautions: In order to maintain the quality of the product and avoid misuse.
Safety Fact (Warnings): Storage and handling precautions: store out in reach of children.
Safety Fact (Inactive Ingredients): Glycerin, Stearic Acid, Myristic Acid, Lauric Acid, etc.
Culture Fact (Ethnic Group - Ban Dong Bang): Thai
Culture Fact (Organization - Ban Dong Bang): Ban Dong Bang has a number of community organizations that work to preserve traditional knowledge and promote sustainable practices. The community has established a herbal medicine center, where residents can learn about and access traditional herbal remedies.
Culture Fact (Local Name - Ban Dong Bang): Khamin Chan
**Hallucinated Entities (Facts in Article but not Fact Sheet):**
""The technical feasibility of developing such products is supported by studies on the extraction and enhancement of beneficial compounds from Moringa oleifera."" (The Fact Sheet explicitly states ""Lab Fact (Extraction Method): Not found"" and the provided abstracts do not support studies on extraction/enhancement for cosmetic product development.)
**Feedback:**
*Collaboration Robustness (Data Loss):** Out of 47 critical, auditable facts from the Master Fact Sheet (excluding generic ""Not found"" placeholders that were correctly omitted), 35 were accurately transferred to the Final Article, resulting in a score of 74.5%. A total of 12 critical facts, including detailed food registration information, specific usage instructions, inactive ingredients, and specific cultural community details, were dropped.
*Explanation Clarity (Hallucination/Handling):** The article scored 97.6% for clarity. All instances of ""Not Found"" data in the Master Fact Sheet (e.g., `citation_apa: not_found`, `Lab Fact: Not found`, `Toxicity Fact: Not found`) were handled correctly, either by explicitly stating ""Not found"" in the references or by omitting the information without invention. However, one significant hallucination was identified: the claim that ""technical feasibility of developing such products is supported by studies on the extraction and enhancement of beneficial compounds from Moringa oleifera"" is not supported by the Master Fact Sheet, which explicitly states ""Lab Fact (Extraction Method): Not found"" and provides no abstracts related to such studies. This single hallucination prevented a perfect score in clarity.","*
""The technical feasibility of developing such products is supported by studies on the extraction and enhancement of beneficial compounds from Moringa oleifera."" (The Fact Sheet explicitly states ""Lab Fact (Extraction Method): Not found"" and the provided abstracts do not support studies on extraction/enhancement for cosmetic product development.)
**Feedback:**
*Collaboration Robustness (Data Loss):** Out of 47 critical, auditable facts from the Master Fact Sheet (excluding generic ""Not found"" placeholders that were correctly omitted), 35 were accurately transferred to the Final Article, resulting in a score of 74.5%. A total of 12 critical facts, including detailed food registration information, specific usage instructions, inactive ingredients, and specific cultural community details, were dropped.
*Explanation Clarity (Hallucination/Handling):** The article scored 97.6% for clarity. All instances of ""Not Found"" data in the Master Fact Sheet (e.g., `citation_apa: not_found`, `Lab Fact: Not found`, `Toxicity Fact: Not found`) were handled correctly, either by explicitly stating ""Not found"" in the references or by omitting the information without invention. However, one significant hallucination was identified: the claim that ""technical feasibility of developing such products is supported by studies on the extraction and enhancement of beneficial compounds from Moringa oleifera"" is not supported by the Master Fact Sheet, which explicitly states ""Lab Fact (Extraction Method): Not found"" and provides no abstracts related to such studies. This single hallucination prevented a perfect score in clarity.","** The article demonstrates excellent practical efficacy, flawlessly synthesizing the identified wellness trends regarding Moringa, traditional medicine, and skincare. The ""Herbal in Wellness Trends"" section directly and accurately reflects the insights from the trends data, making the content highly relevant to our audience.

Regarding implementation feasibility, the workflow design is robust and highly scalable. The writer agent successfully utilized the structured safety data from `find_safety_data_task` to inform the ""Safety, Regulatory, and Constraints"" section, providing crucial warnings and guidelines. This demonstrates the efficiency of splitting tasks for data gathering. While the `check_compliance_task` yielded ""None found"" for Thai FDA food registrations (which wasn't explicitly stated in the article), the task itself was performed, and its output was considered. The absence of directly relevant *skincare* regulatory findings from the Thai FDA in the provided compliance data, combined with the article's skincare focus, explains its non-explicit inclusion. Overall, the system's ability to provide pre-digested, structured data to the writer significantly enhances efficiency and is a strong indicator of scalability. The minor point about the compliance data's ""None found"" not being explicitly mentioned does not compromise the overall quality of the article or the viability of the workflow. The article is well-prepared for publication.","**
    The audit reveals a good level of clarity and adherence to the ""Not Found"" handling protocol, but a notable degree of data loss regarding specific compliance, safety, and cultural details.
    **Collaboration Robustness (Data Loss):** Out of 47 critical, auditable facts from the Master Fact Sheet (excluding generic ""Not found"" placeholders that were correctly omitted), 35 were accurately transferred to the Final Article, resulting in a score of 74.5%. A total of 12 critical facts, including detailed food registration information, specific usage instructions, inactive ingredients, and specific cultural community details, were dropped.
    **Explanation Clarity (Hallucination/Handling):** The article scored 97.6% for clarity. All instances of ""Not Found"" data in the Master Fact Sheet (e.g., `citation_apa: not_found`, `Lab Fact: Not found`, `Toxicity Fact: Not found`) were handled correctly, either by explicitly stating ""Not found"" in the references or by omitting the information without invention. However, one significant hallucination was identified: the claim that ""technical feasibility of developing such products is supported by studies on the extraction and enhancement of beneficial compounds from Moringa oleifera"" is not supported by the Master Fact Sheet, which explicitly states ""Lab Fact (Extraction Method): Not found"" and provides no abstracts related to such studies. This single hallucination prevented a perfect score in clarity."
24.มะตูม,Go,95,100,58,93,"*
Safety Fact (Uses): relief from fever and rheumatism
Compliance Fact (Food Registration 1): specific registration_number, product_name, company_name, status details
Compliance Fact (Food Registration 2): specific registration_number, product_name, company_name, status details
Compliance Fact (Food Registration 3): specific registration_number, product_name, company_name, status details
Compliance Fact (Food Registration 4): specific registration_number, product_name, company_name, status details
Compliance Fact (Food Registration 5): specific registration_number, product_name, company_name, status details
Compliance Fact (Food Registration 6): specific registration_number, product_name, company_name, status details
Compliance Fact (Food Registration 7): specific registration_number, product_name, company_name, status details
Compliance Fact (Food Registration 8): specific registration_number, product_name, company_name, status details
Compliance Fact (Food Registration 9): specific registration_number, product_name, company_name, status details
Compliance Fact (Food Registration 10): specific registration_number, product_name, company_name, status details
Culture Fact (Ban Dong Bang - Location): Prachinburi Province
Culture Fact (Ban Dong Bang - Ethnic Group): Thai
Culture Fact (Ban Dong Bang - Community Highlight): Ban Dong Bang is renowned for its expertise in traditional herbal medicine, particularly in the use of Khamin Chan to relieve stomach pain.
Culture Fact (Ban Dong Bang - Name Etymology): The name ""Ban Dong Bang"" is derived from the Thai words ""ban"" meaning village, ""dong"" meaning field, and ""bang"" meaning place.
Culture Fact (Ban Dong Bang - Environment): The community is situated in a fertile valley, surrounded by lush forests and winding rivers.
Culture Fact (Ban Dong Bang - Organization): The Ban Dong Bang Herbal Medicine Association is a prominent organization that works to promote the use of traditional herbal medicine and support local healers.
Culture Fact (Ban Dong Bang - Local Name): Khamin Chan
Culture Fact (Ban Dong Bang - Processing): Drying
Culture Fact (Ban Khao Yai - Location): Nakhon Ratchasima Province
Culture Fact (Ban Khao Yai - Ethnic Group): Thai
Culture Fact (Ban Khao Yai - Community Highlight): Ban Khao Yai is a community that has preserved its traditional practices despite the influence of modernization.
Culture Fact (Ban Khao Yai - Name Etymology): The name ""Ban Khao Yai"" is derived from the Thai words ""ban"" meaning village, ""khao"" meaning mountain, and ""yai"" meaning big.
Culture Fact (Ban Khao Yai - Environment): The community is situated in a mountainous region, surrounded by dense forests and winding rivers.
Culture Fact (Ban Khao Yai - Organization): The Ban Khao Yai Traditional Medicine Association is a prominent organization that works to promote the use of traditional herbal medicine and support local healers.
Culture Fact (Ban Khao Yai - Local Name): Khamin Khao
Culture Fact (Ban Khao Yai - Processing): Steaming
Culture Fact (Ban Khao Yai - Source): https://www.sac.or.th/database/anthropology/record/67890
Internal RAG Fact (Herbal): ""มะตูม"" (the Thai name for Aegle marmelos)
Internal RAG Fact (Herbal): The meta-statement ""is not explicitly mentioned in the provided context. However, the context discusses Thai traditional medicine, its benefits, and the importance of using local herbs.""
**Hallucinated Entities (Facts in Article but not Fact Sheet):**
The claim that Aegle marmelos is used to relieve stomach pain in the community of Ban Dong Bang (Fact Sheet attributes this use to Khamin Chan).
The claim that Aegle marmelos is used to relieve fever in the community of Ban Khao Yai (Fact Sheet attributes this use to Khamin Khao).
The alias ""Bael fruit"" for Aegle marmelos (not present in the Master Fact Sheet).
**Feedback:** The article successfully transferred most scientific and general trend facts. ""Not Found"" items were handled correctly by omission or by stating their absence. However, there was significant data loss regarding specific compliance details (all 10 food registration entries were summarized generally instead of listed) and detailed cultural facts about Ban Dong Bang and Ban Khao Yai communities. Several key cultural details, including specific local names of herbs and their processing methods, were dropped. Furthermore, the article hallucinated by misattributing the traditional uses of Khamin Chan and Khamin Khao to Aegle marmelos in the cultural section and introduced an unverified alias (""Bael fruit"").","*
The claim that Aegle marmelos is used to relieve stomach pain in the community of Ban Dong Bang (Fact Sheet attributes this use to Khamin Chan).
The claim that Aegle marmelos is used to relieve fever in the community of Ban Khao Yai (Fact Sheet attributes this use to Khamin Khao).
The alias ""Bael fruit"" for Aegle marmelos (not present in the Master Fact Sheet).
**Feedback:** The article successfully transferred most scientific and general trend facts. ""Not Found"" items were handled correctly by omission or by stating their absence. However, there was significant data loss regarding specific compliance details (all 10 food registration entries were summarized generally instead of listed) and detailed cultural facts about Ban Dong Bang and Ban Khao Yai communities. Several key cultural details, including specific local names of herbs and their processing methods, were dropped. Furthermore, the article hallucinated by misattributing the traditional uses of Khamin Chan and Khamin Khao to Aegle marmelos in the cultural section and introduced an unverified alias (""Bael fruit"").","**
    **Practical Efficacy (Relevance):** The article effectively synthesizes current wellness trends, specifically mentioning the rise of superfood lattes and the resurgence of traditional herbal medicine, and successfully positions Aegle marmelos within these trends. The content is highly relevant to a wellness audience seeking natural health solutions. While the explicit ""Trend Facts"" from `analyze_trends_task` were not directly provided in the context, the article's discussion aligns well with general, prominent wellness trends, indicating a strong understanding and application of trend analysis. The only minor deduction is due to the inability to perform a direct, line-by-line comparison with the *actual* output of `analyze_trends_task` as it was not fully present in the provided context.

    **Implementation Feasibility (Scalability):** The workflow demonstrated excellent feasibility and scalability. The writer agent successfully integrated structured data from both the `check_compliance_task` and the `find_safety_data_task`. The ""Safety, Regulatory, and Constraints"" section of the article clearly references the compliance facts (e.g., ""Aegle marmelos has been registered as a food product in various forms, including dried fruit, powder, and tea,"" directly reflecting the detailed Thai FDA registrations). Furthermore, the article's statements regarding a ""favorable safety profile, with low toxicity and no reported cases of adverse effects"" effectively convey the *outcome* of the safety data search, implying that no significant adverse findings were present. This split of tasks is highly efficient and scalable, allowing specialized agents to gather and structure specific types of critical data (regulatory, safety) which the content writer can then seamlessly incorporate. This modular approach minimizes errors, ensures comprehensive data coverage, and streamlines the content creation process for a high volume of articles.

    **Go/No-Go Decision:** Go. The article is well-researched, relevant, and effectively leverages a scalable content generation workflow. It is ready for publication.","** The article successfully transferred most scientific and general trend facts. ""Not Found"" items were handled correctly by omission or by stating their absence. However, there was significant data loss regarding specific compliance details (all 10 food registration entries were summarized generally instead of listed) and detailed cultural facts about Ban Dong Bang and Ban Khao Yai communities. Several key cultural details, including specific local names of herbs and their processing methods, were dropped. Furthermore, the article hallucinated by misattributing the traditional uses of Khamin Chan and Khamin Khao to Aegle marmelos in the cultural section and introduced an unverified alias (""Bael fruit"")."
25.อบเชย,Go,100,95,75,94,"*
Compliance Fact (Food Registration 3): registration_number=10-1-01454-1-0003, product_name=อบเชย แคปซูล (ผลิตภัณฑ์เสริมอาหาร) / CINNAMON CAPSULE (DIETARY SUPPLEMENT PRODUCT), company_name=บริษัท หมอนพพร กรุ๊ป จำกัด, status=สถานะผลิตภัณฑ์(คงอยู่)\ สถานะสถานที่ (คงอยู่)
Compliance Fact (Food Registration 4): registration_number=10-1-02745-5-0051, product_name=อบเชย / Cinnamon Stick, company_name=ด็อกเตอร์กรีน, status=สถานะผลิตภัณฑ์(คงอยู่)\ สถานะสถานที่ (คงอยู่)
Compliance Fact (Food Registration 5): registration_number=10-1-03837-1-0117, product_name=อบเชยแท่ง (ตราสไปซ์ สตอรี่) / CINNAMON STICK (SPICE STORY BRAND), company_name=บริษัท อาจจิตต์อินเตอร์เนชั่นแนลเพ็พเพอร์แอนด์สไปซ์ จำกัด, status=สถานะผลิตภัณฑ์(คงอยู่)\ สถานะสถานที่ (คงอยู่)
Culture Fact (Ethnic Group - Mae Mae): Tai Highlanders
Culture Fact (Community Highlight - Mae Mae): Specific details regarding miang farming, the 200-year history, the 80-year migration due to occupation difficulties, the initial lowland settlement, and the specific detail that the stream's sandy bottom shone like gold inspiring the ""Thong Kham"" part of the name.
Culture Fact (Organization - Mae Mae): The Mae Mae community's strong sense of unity and cooperation, villagers working together, and established organizations to promote cultural identity and preserve the natural environment.
Culture Fact (Local Name - Mae Mae): Cassia
Internal RAG Fact (Herbal): The specific statement ""Cinnamomum verum, also known as อบเชย, is not explicitly mentioned in the provided context."" (This fact was misrepresented/contradicted in the article, thus not accurately transferred.)
Internal RAG Fact (Herbal): The fact that the internal RAG context discusses Thai traditional medicine, its benefits, and the use of herbs.
Internal RAG Fact (Herbal): The fact that the internal RAG context highlights the importance of locally grown herbs, free from chemicals, consumed fresh, thereby promoting health and well-being.
Internal RAG Fact (Herbal): The fact that the internal RAG context mentions the use of ใบมะกรูด in traditional Thai recipes (like คั่วบานะบายข้าวกิน) to aid digestion and relieve discomfort.
Internal RAG Fact (Herbal): The fact that the internal RAG context touches upon traditional Thai medicine being a valuable part of Thai heritage, which can be relied upon for minor ailments and initial stages of illnesses.
Internal RAG Fact (Cultural): The fact that individuals with certain health conditions or taking specific medications should consult with a healthcare professional before using Cinnamomum verum for medicinal purposes.
**Hallucinated Entities (Facts in Article but not Fact Sheet):**
""This versatile spice and herbal medicine has a wide range of applications..."" (The phrase ""wide range of applications"" is an inference/generalization not explicitly stated as a fact in the Master Fact Sheet.)
""...indicating a level of regulatory compliance and safety in their production and use."" (This is a conclusion/interpretation drawn from the registration data, not a direct fact from the Master Fact Sheet.)
""Cinnamomum verum is not explicitly mentioned in the context of Thai traditional medicine..."" (This directly contradicts Master Fact Sheet (MFS) Fact 59, which states ""Cinnamomum verum, also known as อบเชย in Thai, has been used for healing in Thai wisdom for a long time."" It also misrepresents MFS Fact 54, which refers specifically to the *provided context* of the *Internal RAG Fact (Herbal)*, not Thai traditional medicine generally.)
**Feedback:** The article demonstrates good adherence to many facts, particularly in the scientific and general trend sections. All ""Not Found"" facts from the Master Fact Sheet were correctly handled by omission, which is excellent for preventing hallucination. However, there is a notable data loss regarding specific compliance registrations, detailed cultural history, and several points from the Internal RAG facts. The most critical hallucination is the direct contradiction regarding Cinnamomum verum's mention in Thai traditional medicine, which significantly impacts clarity. Minor inferences were also present. The ""Strategic Analysis and Product Opportunities"" section was predominantly analytical and recommendatory, rather than presenting new facts, and thus did not contribute to factual hallucination.","*
""This versatile spice and herbal medicine has a wide range of applications..."" (The phrase ""wide range of applications"" is an inference/generalization not explicitly stated as a fact in the Master Fact Sheet.)
""...indicating a level of regulatory compliance and safety in their production and use."" (This is a conclusion/interpretation drawn from the registration data, not a direct fact from the Master Fact Sheet.)
""Cinnamomum verum is not explicitly mentioned in the context of Thai traditional medicine..."" (This directly contradicts Master Fact Sheet (MFS) Fact 59, which states ""Cinnamomum verum, also known as อบเชย in Thai, has been used for healing in Thai wisdom for a long time."" It also misrepresents MFS Fact 54, which refers specifically to the *provided context* of the *Internal RAG Fact (Herbal)*, not Thai traditional medicine generally.)
**Feedback:** The article demonstrates good adherence to many facts, particularly in the scientific and general trend sections. All ""Not Found"" facts from the Master Fact Sheet were correctly handled by omission, which is excellent for preventing hallucination. However, there is a notable data loss regarding specific compliance registrations, detailed cultural history, and several points from the Internal RAG facts. The most critical hallucination is the direct contradiction regarding Cinnamomum verum's mention in Thai traditional medicine, which significantly impacts clarity. Minor inferences were also present. The ""Strategic Analysis and Product Opportunities"" section was predominantly analytical and recommendatory, rather than presenting new facts, and thus did not contribute to factual hallucination.","** The article demonstrates excellent practical efficacy by comprehensively synthesizing the identified wellness trends for Cinnamon, including its immune-boosting, stress-reducing, and antimicrobial properties. It accurately reflects all points from the `Trends Data` and adds relevant supplementary information (antioxidant, anti-inflammatory) that enhances its value to a wellness audience.

Regarding implementation feasibility, the workflow design, particularly the split of tasks for compliance and safety data gathering, is highly effective and scalable. The writer agent successfully integrated the core implications of the `Compliance Data` by noting the existence of registered products, which confirms regulatory compliance. While the article didn't list all specific registration numbers, it effectively conveyed the regulatory status. The inclusion of safety information (GRAS status, coumarin distinction, side effects, data gaps for specific groups) further demonstrates a robust approach to content creation. This modular approach allows for specialized data collection, parallel processing, and ensures that the final content is both well-researched and compliant. The slight deduction in feasibility is because the article did not explicitly state that the product registrations were with the *Thai FDA* within the body text, which was present in the compliance data, but this is a minor detail in an otherwise strong integration. Overall, the system is well-designed for efficient and high-quality content production.","** The article demonstrates good adherence to many facts, particularly in the scientific and general trend sections. All ""Not Found"" facts from the Master Fact Sheet were correctly handled by omission, which is excellent for preventing hallucination. However, there is a notable data loss regarding specific compliance registrations, detailed cultural history, and several points from the Internal RAG facts. The most critical hallucination is the direct contradiction regarding Cinnamomum verum's mention in Thai traditional medicine, which significantly impacts clarity. Minor inferences were also present. The ""Strategic Analysis and Product Opportunities"" section was predominantly analytical and recommendatory, rather than presenting new facts, and thus did not contribute to factual hallucination."
26.มะลิ,Go,85,95,38,73,"*
Compliance Fact (Food Registration 1): registration\_number=10-1-02963-5-0247, product\_name=น้ำดื่มตรา มะลิวรรณ์ สาย3 / Maliwan Sai 3 Drinking Water, company\_name=บริษัท ไวท์ ปาร์ตี้ พลัส จำกัด, status=สถานะผลิตภัณฑ์(คงอยู่)\\ สถานะสถานที่ (คงอยู่)
Compliance Fact (Food Registration 2): registration\_number=10-1-03051-5-0019, product\_name=ขนมบุปผา (มะลิ) / Blooms Thai Shortbread Cookies (Jasmine), company\_name=กลุ่มอาชีพหมู่ 5 กระทุ่มราย, status=สถานะผลิตภัณฑ์(คงอยู่)\\ สถานะสถานที่ (คงอยู่)
Compliance Fact (Food Registration 3): registration\_number=10-1-03644-1-0097, product\_name=ช็อกโก้ คริสปี้ เบรกฟาสต์ จัสมินไรซ์ ซีเรียล ช็อกโกแลต เฟลเวอร์ (อาหารเช้า ธัญพืชจากข้าวกล้องหอม มะลิ ช็อกโกแลต)(ตรา ลูนนี่ย์ตูน) / CHOCO KRISPY BREAKFAST JASMINE RICE CEREAL CHOCOLATE FLAVOR (LOONEY TUNES BRAND), company\_name=บริษัท ไทยวิคเตอร์ฟู้ด จำกัด, status=สถานะผลิตภัณฑ์(คงอยู่)\\ สถานะสถานที่ (คงอยู่)
Compliance Fact (Food Registration 4): registration\_number=10-1-03644-1-0103, product\_name=อาหารเช้าซีเรียลจากข้าวกล้องหอม มะลิ รส โกโก้ (ตรา ช็อกโก้บูม), company\_name=บริษัท ไทยวิคเตอร์ฟู้ด จำกัด, status=สถานะผลิตภัณฑ์(คงอยู่)\\ สถานะสถานที่ (คงอยู่)
Compliance Fact (Food Registration 5): registration\_number=10-1-03644-1-0104, product\_name=อาหารเช้าซีเรียลจากข้าวกล้องหอม มะลิ รส สตรอเบอร์รี่ (ตรา พิ้งกี้บูม), company\_name=บริษัท ไทยวิคเตอร์ฟู้ด จำกัด, status=สถานะผลิตภัณฑ์(คงอยู่)\\ สถานะสถานที่ (คงอยู่)
Compliance Fact (Food Registration 6): registration\_number=10-1-03644-1-0105, product\_name=อาหารเช้าซีเรียลจากข้าวกล้องหอม มะลิ รส น้ำผึ้ง(ตรา ฮันนี่บูม), company\_name=บริษัท ไทยวิคเตอร์ฟู้ด จำกัด, status=สถานะผลิตภัณฑ์(คงอยู่)\\ สถานะสถานที่ (คงอยู่)
Compliance Fact (Food Registration 7): registration\_number=10-1-04741-1-0936, product\_name=โฮล หอม-มะลิ ไรซ์ พาวเดอร์ ดริ๊งค์ (เครื่องดื่มข้าวกล้องหอมมะลิชนิดผง) (เครื่องหมายการค้า อัลฟาเมตะ) / WHOLE HOM-MALI RICE POWDER DRINK (BROWN JASMINE RICE POWDER DRINK) (ALPHAMETA (TM)), company\_name=บริษัท โควิก เคทท์ อินเตอร์เนชั่นแนล (ประเทศไทย) จำกัด, status=สถานะผลิตภัณฑ์(คงอยู่)\\ สถานะสถานที่ (คงอยู่)
Compliance Fact (Food Registration 8): registration\_number=10-1-06754-5-1035, product\_name=เค้กนม ตรา โบว์ มะลิ / Milky Cake, company\_name=บริษัท โบว์เบเกอรี่เฮ้าส์ จำกัด, status=สถานะผลิตภัณฑ์(คงอยู่)\\ สถานะสถานที่ (คงอยู่)
Compliance Fact (Food Registration 9): registration\_number=10-1-08064-5-0035, product\_name=ชาจากพืช ทาร์ตเชอร์รี่ สตรอว์เบอร์รี่ เอลเดอร์เบอร์รี่ ราสป์เบอร์รี่ คาโมมายล์ ดอกคำฝอย ใบหม่อน มะลิ ชาอู่หลง (ตราชารมย์-ดี) / TART CHERRY, STRAWBERRY, ELDERBERRY, RASPBERRY, CHAMOMILE, SAFFLOWER, MULBERRY, JASMINE, OOLONG TEA INFUSION TEA (CHAROM-D BRAND), company\_name=บริษัท จมิรา จำกัด, status=สถานะผลิตภัณฑ์(ยกเลิกโดยผู้ประกอบการ 19/4/2565) \\ สถานะสถานที่ (คงอยู่ )
Compliance Fact (Food Registration 10): registration\_number=10-1-11652-5-0057, product\_name=ชาดอกไม้รวมแพ็ค 4 ชนิด​ (กุหลาบ ลาเวนเดอร์ มะลิ คาโมมายล์) (ตราอิ่มเอิบ) / Four Assorted Flower Teas (Rose Lavender Jasmine Chamomile) (Im-Erb Brand), company\_name=บริษัท ชีวารมณ์ จำกัด, status=สถานะผลิตภัณฑ์(คงอยู่)\\ สถานะสถานที่ (คงอยู่)
Safety Fact (Active Ingredient): Zinc Oxide
Safety Fact (Ingredient Purpose): Sunscreen
Safety Fact (Uses): Helps prevent sunburn. If used as directed with other sun protection measures (See Directions), decreases the risk of skin cancer and early skin aging cause by the sun.
Safety Fact (Warnings): For external use only. Do not use on damaged or broken skin. When using this product keep out of eyes. Rinse with water to remove. Stop use and ask doctor if skin rash occurs. Keep out of reach of children. If product is swallowed, get medical help or contact a Poison Control Center right away.
Safety Fact (Directions): Apply daily to cleansed skin, 15 minutes before sun exposure. Dispense into palm of hand and apply evenly across face and neck using upward strokes.
Safety Fact (Other Info): Protect this product from excessive heat and direct sun.
Safety Fact (Inactive Ingredients): Water, Caprylic/Capric Triglyceride, Dimethicone, Polyhydroxystearic Acid, Aloe Barbadensis Leaf Juice Powder, Jasminum Sambac (Jasmine) Leaf Cell Extract, Theobroma Cacao (Cocoa) Seed Extract, Schinus Molle Extract, Niacinamide, Hydroxyethyl Acrylate/Sodium Acryloyldimethyl Taurate Copolymer, Propanediol, Butylene Glycol, Polyisobutene, Methylpropanediol, Cetearyl Alcohol, Glyceryl Stearate Citrate, PEG-7 Trimethylolpropane Coconut Ether, Caprylyl Glycol, Sorbitan Isostearate, Polyquaternium-80, Glyceryl Caprylate, Didecyldimonium Chloride.
Safety Fact (Questions): Questions or comments? Call 760-940-2125
Lab Fact (Pharmacological Finding): Not found (This fact was misrepresented in the article as ""lack of comprehensive studies on its pharmacological effects"" instead of stating ""not found"")
Culture Fact (Environment - Malisamphan Community): The Malisamphan Community is located in the heart of Yala Province, surrounded by lush green forests and rolling hills. The community's proximity to nature has played a significant role in shaping its cultural practices and traditions.
Culture Fact (Organization - Malisamphan Community): The community has several organizations that work together to promote and preserve its cultural heritage. These organizations include cultural groups, traditional dance troupes, and community centers that offer classes and workshops on traditional Malay arts and crafts.
Culture Fact (Processing - Malisamphan Community): Azurao preparation
Internal RAG Fact (Herbal): The internal knowledge context does not explicitly mention มะลิ (Jasminum sambac). However, it discusses the benefits and uses of traditional Thai medicine, which may include various herbs and plants. The context highlights the importance of using natural and locally available resources for health and wellness, as well as the potential for cost savings by using traditional medicine instead of imported pharmaceuticals. Additionally, the context touches on the idea of self-sufficiency and growing one's own food and herbs to maintain good health. While มะลิ (Jasminum sambac) is not specifically mentioned, the context provides insight into the broader context of traditional Thai medicine and its potential applications.
**Hallucinated Entities (Facts in Article but not Fact Sheet):**
Introduction: ""the presence of this herb in various registered food products and its significance in traditional Thai medicine and culture suggest a growing interest in its use and benefits.""
Introduction: ""The incorporation of Jasminum sambac into food, beverages, and cosmetics indicates a trend towards natural and culturally inspired products.""
Safety, Regulatory, and Constraints: ""Products containing Jasminum sambac must be labeled with appropriate warnings and usage guidelines to minimize risks.""
Strategic Analysis: ""The market opportunity for Jasminum sambac-based products is promising, given the herb's cultural significance and its presence in various registered food products.""
Strategic Analysis: ""Technically, developing new products is feasible, considering the existing use of Jasminum sambac in food and cosmetics.""
Strategic Analysis: ""However, critical constraints include ensuring safety, particularly for vulnerable populations, and addressing the lack of comprehensive studies on its pharmacological effects."" (This also covers the misrepresentation of ""Lab Fact (Pharmacological Finding): Not found"")
Strategic Analysis: ""A strategic recommendation would be to develop jasmine-infused products that highlight the herb's cultural heritage and traditional use, with a focus on clear labeling and appropriate usage guidelines.""
Strategic Analysis: ""Partnering with cultural groups and investing in further research could provide a unique marketing angle and open up opportunities for health-related product claims.""
Conclusion: ""Jasminum sambac, with its rich cultural heritage and potential health benefits, presents a unique opportunity for product development in the food, beverage, and cosmetics industries.""
Conclusion: ""By understanding the traditional wisdom, scientific research, and safety considerations surrounding this herb, businesses can create products that not only capitalize on current trends but also respect and promote cultural preservation.""
Conclusion: ""Further research into the pharmacological effects and safety profile of Jasminum sambac will be crucial for unlocking its full potential in the wellness industry.""
**Feedback:** The ""Collaboration Robustness"" score is low due to significant data loss. A large number of detailed compliance facts (all 10 food registrations) and safety facts (all 8 specific safety details) were omitted from the article, being only vaguely referenced or not at all. Several cultural and internal RAG facts were also dropped or misrepresented. The ""Explanation Clarity"" score is moderately good. While the article correctly handled 10 out of 11 ""Not Found"" facts by either stating ""not found"" or omitting them, it introduced 11 instances of hallucination in the form of analysis, interpretation, strategic recommendations, and conclusions not directly supported by the Master Fact Sheet. One ""Not Found"" fact (Lab Fact - Pharmacological Finding) was also misrepresented as a ""lack of comprehensive studies"" instead of a direct ""not found"" statement.","*
Introduction: ""the presence of this herb in various registered food products and its significance in traditional Thai medicine and culture suggest a growing interest in its use and benefits.""
Introduction: ""The incorporation of Jasminum sambac into food, beverages, and cosmetics indicates a trend towards natural and culturally inspired products.""
Safety, Regulatory, and Constraints: ""Products containing Jasminum sambac must be labeled with appropriate warnings and usage guidelines to minimize risks.""
Strategic Analysis: ""The market opportunity for Jasminum sambac-based products is promising, given the herb's cultural significance and its presence in various registered food products.""
Strategic Analysis: ""Technically, developing new products is feasible, considering the existing use of Jasminum sambac in food and cosmetics.""
Strategic Analysis: ""However, critical constraints include ensuring safety, particularly for vulnerable populations, and addressing the lack of comprehensive studies on its pharmacological effects."" (This also covers the misrepresentation of ""Lab Fact (Pharmacological Finding): Not found"")
Strategic Analysis: ""A strategic recommendation would be to develop jasmine-infused products that highlight the herb's cultural heritage and traditional use, with a focus on clear labeling and appropriate usage guidelines.""
Strategic Analysis: ""Partnering with cultural groups and investing in further research could provide a unique marketing angle and open up opportunities for health-related product claims.""
Conclusion: ""Jasminum sambac, with its rich cultural heritage and potential health benefits, presents a unique opportunity for product development in the food, beverage, and cosmetics industries.""
Conclusion: ""By understanding the traditional wisdom, scientific research, and safety considerations surrounding this herb, businesses can create products that not only capitalize on current trends but also respect and promote cultural preservation.""
Conclusion: ""Further research into the pharmacological effects and safety profile of Jasminum sambac will be crucial for unlocking its full potential in the wellness industry.""
**Feedback:** The ""Collaboration Robustness"" score is low due to significant data loss. A large number of detailed compliance facts (all 10 food registrations) and safety facts (all 8 specific safety details) were omitted from the article, being only vaguely referenced or not at all. Several cultural and internal RAG facts were also dropped or misrepresented. The ""Explanation Clarity"" score is moderately good. While the article correctly handled 10 out of 11 ""Not Found"" facts by either stating ""not found"" or omitting them, it introduced 11 instances of hallucination in the form of analysis, interpretation, strategic recommendations, and conclusions not directly supported by the Master Fact Sheet. One ""Not Found"" fact (Lab Fact - Pharmacological Finding) was also misrepresented as a ""lack of comprehensive studies"" instead of a direct ""not found"" statement.","**
    The article demonstrates strong practical efficacy by delivering content highly relevant to a wellness audience interested in traditional herbs. Although the explicit ""Trends Data"" (context[0]) was not provided in this specific execution, the article adeptly inferred market interest from the extensive Thai FDA food registrations for Jasminum sambac (or related products like jasmine rice) and its rich cultural significance. This adaptive approach ensures the content remains engaging and informative, aligning with the brand's goals.

    Regarding implementation feasibility, the workflow design, which involves splitting tasks for compliance and safety data gathering, proved to be highly scalable and efficient. The writer agent successfully utilized the structured data from `check_compliance_task` by referencing the ""presence of this herb in various registered food products."" While the `find_safety_data_task` provided data for Jasminum sambac as an inactive ingredient in a sunscreen, the article still integrated regulatory considerations (e.g., GRAS status) and general safety warnings, demonstrating an ability to process and incorporate specialized information. This task-splitting mechanism is robust and allows for comprehensive, specialized data collection, which is crucial for a major wellness brand. The system is well-designed for future content generation.","** The ""Collaboration Robustness"" score is low due to significant data loss. A large number of detailed compliance facts (all 10 food registrations) and safety facts (all 8 specific safety details) were omitted from the article, being only vaguely referenced or not at all. Several cultural and internal RAG facts were also dropped or misrepresented. The ""Explanation Clarity"" score is moderately good. While the article correctly handled 10 out of 11 ""Not Found"" facts by either stating ""not found"" or omitting them, it introduced 11 instances of hallucination in the form of analysis, interpretation, strategic recommendations, and conclusions not directly supported by the Master Fact Sheet. One ""Not Found"" fact (Lab Fact - Pharmacological Finding) was also misrepresented as a ""lack of comprehensive studies"" instead of a direct ""not found"" statement."
27.สารภี,Go,85,95,45,100,"*
**Compliance Fact (Food Registration 1-10) - Specific Details:** The article failed to transfer the 40 specific data points for the 10 food registrations, including:
registration_number=10-1-27427-1-0002, product_name=เครื่องดื่มเกลือแร่ (ตรา เอ็ม-16) / ELECTROLYTE BEVERAGE (M-16 BRAND), company_name=ห้างหุ้นส่วนจำกัด ยู เอส พี 1984, status=สถานะผลิตภัณฑ์(คงอยู่)\ สถานะสถานที่ (คงอยู่)
(And the corresponding 4 data points for each of the subsequent 9 food registrations)
**Culture Fact (Community - Ban Saraphi):**
location: Chiang Mai
ethnic_group: Thai Yuan
community_highlight: No herbal-related information found.
name_etymology: The name ""Ban Saraphi"" is derived from the Thai word ""saraphi,"" which refers to a type of tree. According to local legend, the village was named after the tree that was planted at the entrance of the village.
community_environment: The village is situated in a rural area surrounded by forests and farmland. The villagers engage in agriculture, growing crops such as rice and vegetables.
community_organizations: The village has a community center that serves as a gathering place for villagers to discuss local issues and plan community events.
processing_method: Planting trees
**Culture Fact (Community - Ban Saraphi-Ban Rai (Phatthana)):**
location: Chiang Mai
ethnic_group: Thai Yuan
community_highlight: No herbal-related information found.
name_etymology: The name ""Ban Saraphi-Ban Rai"" is derived from the Thai words ""saraphi"" and ""rai,"" which refer to a type of tree and a field, respectively.
community_environment: The village is situated in a rural area surrounded by forests and farmland. The villagers engage in agriculture, growing crops such as rice and vegetables.
community_organizations: The village has a community center that serves as a gathering place for villagers to discuss local issues and plan community events.
processing_method: Planting trees
**Culture Fact (Community - Ban Chang Kham):**
location: Chiang Mai
ethnic_group: Thai Yuan
community_highlight: No herbal-related information found.
name_etymology: The name ""Ban Chang Kham"" is derived from the Thai words ""chang"" and ""kham,"" which refer to an elephant and a fence, respectively.
community_environment: The village is situated in a rural area surrounded by forests and farmland. The villagers engage in agriculture, growing crops such as rice and vegetables.
community_organizations: The village has a community center that serves as a gathering place for villagers to discuss local issues and plan community events.
processing_method: Planting trees
**Hallucinated Entities (Facts in Article but not Fact Sheet):**
None
**Feedback:** The Collaboration Robustness score is significantly impacted by the failure to transfer specific, granular details from the Master Fact Sheet, particularly concerning the 10 Food Registrations and the detailed cultural facts for the three communities. While the article generally acknowledged the existence of these facts (e.g., ""several products containing electrolytes have been registered"" or ""Communities like Ban Saraphi... have traditional wisdom""), it omitted the precise data points required for 100% accuracy under a zero-tolerance audit. The article exhibited excellent Explanation Clarity, successfully avoiding any hallucinated information and correctly handling all ""Not Found"" or ""None found"" entries by either explicitly stating the absence of data or by judicious omission without invention.","*
None
**Feedback:** The Collaboration Robustness score is significantly impacted by the failure to transfer specific, granular details from the Master Fact Sheet, particularly concerning the 10 Food Registrations and the detailed cultural facts for the three communities. While the article generally acknowledged the existence of these facts (e.g., ""several products containing electrolytes have been registered"" or ""Communities like Ban Saraphi... have traditional wisdom""), it omitted the precise data points required for 100% accuracy under a zero-tolerance audit. The article exhibited excellent Explanation Clarity, successfully avoiding any hallucinated information and correctly handling all ""Not Found"" or ""None found"" entries by either explicitly stating the absence of data or by judicious omission without invention.","** The article effectively addresses the potential of Mammea siamensis within general wellness trends, skillfully navigating the absence of specific trend data by framing it within broader health interests. This demonstrates good adaptability in content strategy. The workflow design, splitting data gathering into compliance and safety tasks, proved highly effective. The writer agent accurately synthesized the detailed compliance data and correctly identified the lack of specific safety information, showcasing the scalability and efficiency of this modular approach. The article is balanced, highlights opportunities, and correctly emphasizes the need for further research, making it ready for publication as a valuable initial assessment for our audience.","** The Collaboration Robustness score is significantly impacted by the failure to transfer specific, granular details from the Master Fact Sheet, particularly concerning the 10 Food Registrations and the detailed cultural facts for the three communities. While the article generally acknowledged the existence of these facts (e.g., ""several products containing electrolytes have been registered"" or ""Communities like Ban Saraphi... have traditional wisdom""), it omitted the precise data points required for 100% accuracy under a zero-tolerance audit. The article exhibited excellent Explanation Clarity, successfully avoiding any hallucinated information and correctly handling all ""Not Found"" or ""None found"" entries by either explicitly stating the absence of data or by judicious omission without invention."
28.กานพลู_,No-Go,30,80,32,58,"*
Compliance Fact (Food Registration 1): None found
Compliance Fact (Safety Dosage): Not found
Compliance Fact (Safety Warning): None found
Safety Fact (Active Ingredient): Ingredient 1 name: Allium sativum
Safety Fact (Active Ingredient): Ingredient 1 strength: 2000 mg in 2 U
Safety Fact (Active Ingredient): Ingredient 1 purpose: Not found
Safety Fact (Active Ingredient): Ingredient 2 name: Momordica charantia
Safety Fact (Active Ingredient): Ingredient 2 strength: 740 mg in 2 U
Safety Fact (Active Ingredient): Ingredient 2 purpose: Not found
Safety Fact (Ingredient Purpose): Ingredient 1 name: Allium sativum
Safety Fact (Ingredient Purpose): Ingredient 1 strength: 2000 mg in 2 U
Safety Fact (Ingredient Purpose): Ingredient 1 purpose: Not found
Safety Fact (Ingredient Purpose): Ingredient 2 name: Momordica charantia
Safety Fact (Ingredient Purpose): Ingredient 2 strength: 740 mg in 2 U
Safety Fact (Ingredient Purpose): Ingredient 2 purpose: Not found
Safety Fact (Uses): Decrease Ocular Pressure, Minimize Pressure Related Headaches, Improve Visual Acuity, Reduce Light Sensitivity
Safety Fact (Warnings): Not safe for pregnant women
Safety Fact (Warnings): Do not use if imprinted seal under cap is broken or missing.
Safety Fact (Directions): Take 2 capsules by mouth before breakfast and 2 capsules at night before dinner.
Safety Fact (Other Info): Keep bottle tightly closed.
Safety Fact (Other Info): Store in a cool dry place, out of children's reach.
Safety Fact (Inactive Ingredients): Vegetable Capsule (HPMC)
Safety Fact (Inactive Ingredients): Rice Flour
Safety Fact (Inactive Ingredients): Syzygium aromaticum L
Safety Fact (Questions): Not found
Toxicity Fact (Summary): Eugenol, also called clove oil, is an aromatic oil extracted from cloves that is used widely as a flavoring for foods and teas and as an herbal oil used topically to treat toothache and more rarely to be taken orally to treat gastrointestinal and respiratory complaints. Eugenol in therapeutic doses has not been implicated in causing serum enzyme elevations or clinically apparent liver injury, but ingestions of high doses, as with an overdose, can cause severe liver injury.
Toxicity Fact (Mechanism): In high concentrations, eugenol has cytotoxic activity both in vitro and in vivo, characteristics [along with its aromatic qualities] that support its use as an insecticide. Thus, liver injury from eugenol is likely direct hepatotoxicity.
Toxicity Fact (Side Effects): Allergic reactions
Toxicity Fact (Side Effects): painful gums and oral ulcers
Toxicity Fact (Side Effects): acute pulmonary toxicity
Toxicity Fact (Side Effects): severe lung injury
Toxicity Fact (Side Effects): renal dysfunction
Toxicity Fact (Side Effects): acidosis
Toxicity Fact (Side Effects): respiratory depression
Toxicity Fact (Side Effects): hypoglycemia
Toxicity Fact (Side Effects): coagulopathy
Toxicity Fact (Side Effects): hepatic encephalopathy
Toxicity Fact (Side Effects): seizures
Toxicity Fact (Side Effects): coma
Toxicity Fact (Side Effects): death.
Toxicity Fact (Case Reports): Several cases of severe liver injury have been reported after accidental overdose of eugenol containing herbal products, largely in children. Overdoses have been marked by the onset of agitation, decrease in consciousness and coma arising within hours on ingestion (10-30 mL of clove oil). There is typically an accompanying acidosis, respiratory depression and severe hypoglycemia requiring ventilation and intravenous glucose. Liver injury arises 12 to 24 hours after ingestion with marked elevations in serum aminotransferase levels and early coagulation abnormalities. Signs of hepatic failure arise rapidly, and jaundice can develop and deepen. The overall clinical presentation is typical of acute hepatic necrosis and similar to that of acetaminophen, iron or copper overdose.
Culture Fact (Location - Ban Dong Bang): Prachinburi Province
Culture Fact (Ethnic Group - Ban Dong Bang): Thai
Culture Fact (Community Highlight - Ban Dong Bang): Ban Dong Bang is a community known for its expertise in traditional herbal medicine. The community has a long history of using herbs to treat various ailments, and its members have developed a unique understanding of the medicinal properties of local plants. The community's herbal wisdom has been passed down through generations, and its members continue to play an important role in preserving and promoting traditional Thai herbal medicine.
Culture Fact (Name Etymology - Ban Dong Bang): The name ""Ban Dong Bang"" is derived from the Thai words ""ban"" meaning ""village"" and ""dong"" meaning ""bamboo forest"". The community is situated near a bamboo forest, which has been a source of inspiration for the community's herbal traditions. The name ""Bang"" refers to the community's location near a river, which has played a crucial role in the community's development and growth.
Culture Fact (Environment - Ban Dong Bang): Ban Dong Bang is situated in a rural area of Prachinburi Province, surrounded by lush forests and rolling hills. The community's environment has played a significant role in shaping its herbal traditions, with many of its members relying on the local flora for medicinal purposes. The community's proximity to the river has also facilitated trade and exchange with neighboring communities, allowing for the sharing of knowledge and ideas.
Culture Fact (Local Wisdom - Ban Dong Bang): The community's local wisdom is reflected in its traditional herbal practices, which have been passed down through generations. The community's members have developed a deep understanding of the medicinal properties of local plants, and have developed unique remedies for various ailments. The community's wisdom is also reflected in its approach to sustainable living, with many of its members practicing organic farming and relying on natural resources for their livelihood.
Culture Fact (Organization - Ban Dong Bang): Ban Dong Bang has a number of community organizations that play an important role in promoting and preserving traditional Thai herbal medicine. The community has a herbal medicine association, which provides training and support for its members. The community also has a number of cooperatives, which facilitate the sharing of knowledge and resources among its members.
Culture Fact (Local Name - Ban Dong Bang): Khamin Chan
Culture Fact (Use - Ban Dong Bang): Relieve stomach pain (The specific association of Ban Dong Bang using *Khamin Chan* for stomach pain is dropped, as the article erroneously associates this use with *กานพลู*.)
Culture Fact (Processing - Ban Dong Bang): Drying
Culture Fact (Location - Ban Khao Takhrao): Chachoengsao Province
Culture Fact (Ethnic Group - Ban Khao Takhrao): Thai
Culture Fact (Community Highlight - Ban Khao Takhrao): Ban Khao Takhrao is a community known for its expertise in traditional herbal medicine. The community has a long history of using herbs to treat various ailments, and its members have developed a unique understanding of the medicinal properties of local plants.
Culture Fact (Name Etymology - Ban Khao Takhrao): The name ""Ban Khao Takhrao"" is derived from the Thai words ""ban"" meaning ""village"" and ""khao"" meaning ""mountain"". The community is situated near a mountain, which has been a source of inspiration for the community's herbal traditions.
Culture Fact (Environment - Ban Khao Takhrao): Ban Khao Takhrao is situated in a rural area of Chachoengsao Province, surrounded by lush forests and rolling hills. The community's environment has played a significant role in shaping its herbal traditions, with many of its members relying on the local flora for medicinal purposes.
Culture Fact (Local Wisdom - Ban Khao Takhrao): The community's local wisdom is reflected in its traditional herbal practices, which have been passed down through generations. The community's members have developed a deep understanding of the medicinal properties of local plants, and have developed unique remedies for various ailments.
Culture Fact (Organization - Ban Khao Takhrao): Ban Khao Takhrao has a number of community organizations that play an important role in promoting and preserving traditional Thai herbal medicine. The community has a herbal medicine association, which provides training and support for its members.
Culture Fact (Processing - Ban Khao Takhrao): Steaming
Culture Fact (Location - Ban Nam Khun): Rayong Province
Culture Fact (Ethnic Group - Ban Nam Khun): Thai
Culture Fact (Community Highlight - Ban Nam Khun): Ban Nam Khun is a community known for its expertise in traditional herbal medicine. The community has a long history of using herbs to treat various ailments, and its members have developed a unique understanding of the medicinal properties of local plants.
Culture Fact (Name Etymology - Ban Nam Khun): The name ""Ban Nam Khun"" is derived from the Thai words ""ban"" meaning ""village"" and ""nam"" meaning ""water"". The community is situated near a river, which has played a crucial role in the community's development and growth.
Culture Fact (Environment - Ban Nam Khun): Ban Nam Khun is situated in a rural area of Rayong Province, surrounded by lush forests and rolling hills. The community's environment has played a significant role in shaping its herbal traditions, with many of its members relying on the local flora for medicinal purposes.
Culture Fact (Local Wisdom - Ban Nam Khun): The community's local wisdom is reflected in its traditional herbal practices, which have been passed down through generations. The community's members have developed a deep understanding of the medicinal properties of local plants, and have developed unique remedies for various ailments.
Culture Fact (Organization - Ban Nam Khun): Ban Nam Khun has a number of community organizations that play an important role in promoting and preserving traditional Thai herbal medicine. The community has a herbal medicine association, which provides training and support for its members.
Culture Fact (Processing - Ban Nam Khun): Roasting
Internal RAG Fact (Herbal): Overall, the context emphasizes the importance of traditional Thai medicine and self-sufficiency in promoting health and well-being.
Internal RAG Fact (Cultural): Additionally, กานพลู is sometimes used as a spice in Thai cuisine, particularly in dishes like tom yum soup.
Internal RAG Fact (Cultural): Overall, กานพลู is a significant herb in Thai traditional medicine and culture.
**Hallucinated Entities (Facts in Article but not Fact Sheet):**
The suggestion that emphasis on traditional Thai medicine and locally grown ingredients implies a growing interest in natural and traditional remedies.
The claim of a potential market opportunity for products leveraging cultural significance of Syzygium aromaticum for digestive health and natural wellness.
The statement that existing knowledge about Eugenol's medicinal properties presents a potential for product development.
The assertion that traditional practices and cultural significance of กานพลู underscore its potential in modern wellness products.
The conclusion that Eugenol's toxicity necessitates strict dosage control, clear labeling, and warnings against excessive use.
The general statement that safety facts emphasize careful product development to mitigate risks.
The general statement that compliance facts indicate a need for adherence to regulatory standards.
The strategic analysis regarding market opportunity for traditional/natural health products, technical potential of Eugenol, and critical safety constraints.
The recommendation for a strategic approach involving leveraging traditional medicinal properties with emphasis on safety, quality control, and educational marketing.
The suggestion of partnering with traditional Thai medicine communities for insights into local wisdom.
The conclusion that Syzygium aromaticum presents a promising opportunity for development in the wellness industry, particularly for digestive health and traditional remedies.
The recommendation for developers to create products leveraging medicinal properties, respecting and incorporating traditional knowledge.
The emphasis on a balanced approach prioritizing consumer safety, regulatory compliance, and traditional wisdom for successful development and marketing.
The claim that Ban Dong Bang uses กานพลู to relieve stomach pain. (Fact Sheet states Ban Dong Bang uses Khamin Chan for stomach pain.)
The statement: ""Syzygium aromaticum, also known as กานพลู, is not explicitly mentioned in the provided context as a specific herbal remedy."" (This sentence, while copied verbatim from FS #95, creates a direct contradiction with FS #96 and the article's own content regarding กานพลู's use in Thai traditional medicine, thus representing a contextual hallucination/misrepresentation of the overall factual landscape.)
**Feedback:** The Final Article demonstrates significant data loss, particularly concerning specific safety details (e.g., active/inactive ingredients, detailed warnings, directions) and comprehensive cultural information from the various communities (e.g., locations, ethnic groups, etymology, environment, local wisdom, organizations, processing methods). Many ""Not found"" entries from the Fact Sheet were not explicitly addressed in the article, contributing to data loss. Conversely, the article introduced numerous inferential statements, strategic analyses, and general conclusions that were not explicitly present in the Master Fact Sheet, leading to a substantial number of hallucinations. A critical factual hallucination involved incorrectly attributing the use of *กานพลู* to Ban Dong Bang for stomach pain, where the Fact Sheet specified *Khamin Chan*. Additionally, the article included a contradictory statement about *Syzygium aromaticum* not being explicitly mentioned as a specific herbal remedy, despite other facts confirming its long-standing use, which impacts clarity and factual consistency.","*
The suggestion that emphasis on traditional Thai medicine and locally grown ingredients implies a growing interest in natural and traditional remedies.
The claim of a potential market opportunity for products leveraging cultural significance of Syzygium aromaticum for digestive health and natural wellness.
The statement that existing knowledge about Eugenol's medicinal properties presents a potential for product development.
The assertion that traditional practices and cultural significance of กานพลู underscore its potential in modern wellness products.
The conclusion that Eugenol's toxicity necessitates strict dosage control, clear labeling, and warnings against excessive use.
The general statement that safety facts emphasize careful product development to mitigate risks.
The general statement that compliance facts indicate a need for adherence to regulatory standards.
The strategic analysis regarding market opportunity for traditional/natural health products, technical potential of Eugenol, and critical safety constraints.
The recommendation for a strategic approach involving leveraging traditional medicinal properties with emphasis on safety, quality control, and educational marketing.
The suggestion of partnering with traditional Thai medicine communities for insights into local wisdom.
The conclusion that Syzygium aromaticum presents a promising opportunity for development in the wellness industry, particularly for digestive health and traditional remedies.
The recommendation for developers to create products leveraging medicinal properties, respecting and incorporating traditional knowledge.
The emphasis on a balanced approach prioritizing consumer safety, regulatory compliance, and traditional wisdom for successful development and marketing.
The claim that Ban Dong Bang uses กานพลู to relieve stomach pain. (Fact Sheet states Ban Dong Bang uses Khamin Chan for stomach pain.)
The statement: ""Syzygium aromaticum, also known as กานพลู, is not explicitly mentioned in the provided context as a specific herbal remedy."" (This sentence, while copied verbatim from FS #95, creates a direct contradiction with FS #96 and the article's own content regarding กานพลู's use in Thai traditional medicine, thus representing a contextual hallucination/misrepresentation of the overall factual landscape.)
**Feedback:** The Final Article demonstrates significant data loss, particularly concerning specific safety details (e.g., active/inactive ingredients, detailed warnings, directions) and comprehensive cultural information from the various communities (e.g., locations, ethnic groups, etymology, environment, local wisdom, organizations, processing methods). Many ""Not found"" entries from the Fact Sheet were not explicitly addressed in the article, contributing to data loss. Conversely, the article introduced numerous inferential statements, strategic analyses, and general conclusions that were not explicitly present in the Master Fact Sheet, leading to a substantial number of hallucinations. A critical factual hallucination involved incorrectly attributing the use of *กานพลู* to Ban Dong Bang for stomach pain, where the Fact Sheet specified *Khamin Chan*. Additionally, the article included a contradictory statement about *Syzygium aromaticum* not being explicitly mentioned as a specific herbal remedy, despite other facts confirming its long-standing use, which impacts clarity and factual consistency.","**
    *   **Practical Efficacy (Relevance):** The article explicitly states in its ""Herbal in Wellness Trends"" section that ""specific trend facts are not available."" This is a critical failure point as the article cannot synthesize trends that were not identified or provided. While the article attempts to establish general relevance to traditional Thai medicine and natural remedies, it fundamentally fails to address the core requirement of synthesizing *identified* trends, making its relevance to specific market opportunities significantly compromised.
    *   **Implementation Feasibility (Scalability):** The overall workflow design, which involves splitting data gathering into specialized tasks (e.g., `analyze_trends_task`, `check_compliance_task`, `find_safety_data_task`) before the `write_article_task`, is conceptually sound, scalable, and efficient. This modular approach allows for parallel processing and specialized expertise. However, the *execution* of this specific instance revealed significant issues:
        1.  **Missing Inputs:** The `analyze_trends_task` (context[0]) and `check_compliance_task` (context[1]) outputs were missing, preventing the writer agent from accessing crucial data for the article. This indicates a pipeline failure.
        2.  **Data Mismatch and Augmentation:** The `find_safety_data_task` (context[2]) provided safety data for a product where ""Syzygium aromaticum L"" was listed as an *inactive ingredient*, and the *active ingredients* were ""Allium sativum"" and ""Momordica charantia."" Despite this, the article's ""Safety, Regulatory, and Constraints"" section focuses on ""Eugenol toxicity"" and ""severe liver injury"" related to Syzygium aromaticum, information that was *not* present in the provided `SAFETY_DATA`. This suggests the writer agent either augmented the content with unverified external information or misinterpreted the provided data, which is a major concern for content accuracy and reliability within a controlled workflow.
    *   **Go/No-Go Decision Justification:** The article is a ""No-Go"" for publication. The fundamental lack of specific trend data (as acknowledged by the article itself) severely impacts its relevance. More critically, the ""Safety, Regulatory, and Constraints"" section introduces unverified claims about Eugenol toxicity and liver injury that are not supported by the provided safety data, and the provided safety data itself was mismatched to the subject of the article. These issues present unacceptable risks for accuracy, compliance, and brand reputation. The workflow requires immediate debugging to ensure all upstream data is correctly gathered, relevant, and accurately utilized by the content generation agent.","** The Final Article demonstrates significant data loss, particularly concerning specific safety details (e.g., active/inactive ingredients, detailed warnings, directions) and comprehensive cultural information from the various communities (e.g., locations, ethnic groups, etymology, environment, local wisdom, organizations, processing methods). Many ""Not found"" entries from the Fact Sheet were not explicitly addressed in the article, contributing to data loss. Conversely, the article introduced numerous inferential statements, strategic analyses, and general conclusions that were not explicitly present in the Master Fact Sheet, leading to a substantial number of hallucinations. A critical factual hallucination involved incorrectly attributing the use of *กานพลู* to Ban Dong Bang for stomach pain, where the Fact Sheet specified *Khamin Chan*. Additionally, the article included a contradictory statement about *Syzygium aromaticum* not being explicitly mentioned as a specific herbal remedy, despite other facts confirming its long-standing use, which impacts clarity and factual consistency."
29.ลูกจันทน์เทศ,No-Go,85,80,59,100,"*
Lab Fact (Experimental Method): No experimental method available
Lab Fact (Extraction Method): No extraction method available
Lab Fact (Chromatography - TLC): No chromatography details available
Lab Fact (Cosmetic or Clinical Effect): No cosmetic or clinical effect available
Lab Fact (Quality Control): No quality control observations available
Compliance Fact (Food Registration 1): None found
Compliance Fact (Safety Dosage): No dosage found
Compliance Fact (Safety Warning): None found
Safety Fact (Active Ingredient): No active ingredients available
Safety Fact (Ingredient Purpose): No ingredient purpose available
Safety Fact (Uses): No uses available
Safety Fact (Warnings): No warnings available
Safety Fact (Directions): No directions available
Safety Fact (Other Info): No other information available
Safety Fact (Inactive Ingredients): No inactive ingredients available
Safety Fact (Questions): No questions available
Culture Fact (Location - Ban Dong Bang): Prachinburi Province
Culture Fact (Ethnic Group - Ban Dong Bang): Thai
Culture Fact (Name Etymology - Ban Dong Bang): The name ""Ban Dong Bang"" is derived from the Thai words ""ban"" meaning village, ""dong"" meaning forest, and ""bang"" meaning river.
Culture Fact (Environment - Ban Dong Bang): The community is situated in a fertile valley surrounded by forests and rivers, providing an abundance of natural resources.
Culture Fact (Organization - Ban Dong Bang): The community has a strong social structure, with various organizations and groups working together to promote their cultural heritage and traditional practices.
Culture Fact (Location - Ban Khok Sa-at): Chachoengsao Province
Culture Fact (Ethnic Group - Ban Khok Sa-at): Thai
Culture Fact (Name Etymology - Ban Khok Sa-at): The name ""Ban Khok Sa-at"" is derived from the Thai words ""ban"" meaning village, ""khok"" meaning hill, and ""sa-at"" meaning sacred.
Culture Fact (Environment - Ban Khok Sa-at): The community is situated in a hilly area surrounded by forests, providing an abundance of natural resources.
Culture Fact (Organization - Ban Khok Sa-at): The community has a strong social structure, with various organizations and groups working together to promote their cultural heritage and traditional practices.
Source URL (Trend): No trend URL available
Source URL (Compliance): No compliance URL available
**Hallucinated Entities (Facts in Article but not Fact Sheet):**
None
**Feedback:**","*
None
**Feedback:**","**
    **Practical Efficacy (Relevance):** The article successfully addresses the lack of explicit trend data for Myristica fragrans by acknowledging it upfront. It then strategically connects the herb to broader wellness interests through its traditional uses, identified scientific compounds (like β-sitosterol), and potential pharmacological effects. This approach effectively positions the content as relevant to a wellness audience seeking natural health solutions, even without direct market trend data for the specific ingredient. The synthesis of available information (or lack thereof) is well-handled.

    **Implementation Feasibility (Scalability):** The workflow design to split `check_compliance_task` and `find_safety_data_task` is highly scalable and efficient. It allows for specialized data retrieval and parallel processing, which is excellent for managing complex information. However, the execution in this instance had a critical flaw: the writer agent failed to incorporate the specific Thai FDA registration information for ลูกจันทน์เทศ (nutmeg) that was generated by the `check_compliance_task` (context[1]) into the ""Safety, Regulatory, and Constraints"" section of the final article. While the safety data was well-integrated, the omission of regulatory data is a significant oversight. The system design is robust, but the integration step needs improvement for full feasibility.

    **Go/No-Go Decision Justification:** The article is a ""No-Go"" for publication. Although the content is largely relevant and the workflow design is strategically sound, the critical omission of specific regulatory compliance data (Thai FDA registration information) is unacceptable for a major wellness brand. Regulatory information is paramount for product development, consumer trust, and legal compliance. This oversight must be corrected, and the article updated to include the available compliance data before it can be considered ready for publication.","**
    The **Collaboration Robustness** score reflects a significant amount of data loss. Out of 66 distinct facts present in the Master Fact Sheet, 27 (40.91%) were not transferred to the Final Article. This includes numerous ""No data available"" or ""None found"" statements across various categories (Lab, Compliance, Safety, Source URLs for Trend/Compliance), as well as specific cultural details (location, ethnic group, name etymology, environment, organization facts for both communities). While some omissions might be considered less central to the article's main narrative, from a zero-tolerance data integrity perspective, any missing fact constitutes data loss.

    The **Explanation Clarity** score is perfect at 100%. The Final Article successfully avoided hallucinating any factual information. All factual statements presented in the article are directly traceable to the Master Fact Sheet. Furthermore, the article correctly handled the `citation_apa: Not found` entries by explicitly stating ""[1] Not found"" in the references section, rather than inventing a citation. Interpretive, analytical, and summary statements within the article are clearly presented as such and are logical inferences based on the provided facts, not new, unsupported factual claims."
30.กระวาน_,No-Go,20,80,53,71,"*
`Lab Fact (Chromatography - TLC)`: Not found (Omitted without mention)
`Lab Fact (Cosmetic or Clinical Effect)`: Not found (Omitted without mention)
`Lab Fact (Quality Control)`: Not found (Omitted without mention)
`Science Fact (Compound)`: Not found (Article used information from Toxicity Summary instead of explicitly stating ""Not found"" for this specific fact)
`Compliance Fact (Food Registration 1 - registration_number)`: เลขสารบบอาหาร (Specific registration details omitted)
`Compliance Fact (Food Registration 1 - product_name)`: ชื่อผลิตภัณฑ์(TH) (Specific registration details omitted)
`Compliance Fact (Food Registration 1 - company_name)`: ชื่อผู้รับอนุญาต (Specific registration details omitted)
`Compliance Fact (Food Registration 1 - status)`: สถานะผลิตภัณฑ์ (Specific registration details omitted)
`Compliance Fact (Food Registration 2 - registration_number)`: None found (Omitted without mention of a second registration's absence)
`Compliance Fact (Food Registration 2 - product_name)`: None found (Omitted without mention)
`Compliance Fact (Food Registration 2 - company_name)`: None found (Omitted without mention)
`Compliance Fact (Food Registration 2 - status)`: None found (Omitted without mention)
`Compliance Fact (Safety Dosage)`: Not found (Article infers a need for consideration but does not state ""Not found"" for this specific fact)
`Compliance Fact (Safety Warning)`: Not found (Article infers a need for consideration but does not state ""Not found"" for this specific fact)
`Safety Fact (Active Ingredient)`: Not found (Omitted without mention)
`Safety Fact (Ingredient Purpose)`: Not found (Omitted without mention)
`Safety Fact (Uses)`: Not found (Omitted without mention)
`Safety Fact (Warnings)`: Not found (Omitted without mention)
`Safety Fact (Directions)`: Not found (Omitted without mention)
`Safety Fact (Other Info)`: Not found (Omitted without mention)
`Safety Fact (Inactive Ingredients)`: Not found (Omitted without mention)
`Safety Fact (Questions)`: Not found (Omitted without mention)
`Culture Fact (Name Etymology - Chong Community)`: The name ""Kravan"" is derived from the Khmer language... (Omitted without mention)
`Culture Fact (Environment - Chong Community)`: The Chong community is located in the Chanthaburi Province, which is known for its rich natural resources and diverse wildlife... (Location mentioned, but specific environmental details of the fact were omitted)
`Culture Fact (Organization - Chong Community)`: The Chong community has a number of organizations... (Omitted without mention)
**Hallucinated Entities (Facts in Article but not Fact Sheet):**
None
**Feedback:** The Collaboration Robustness score reflects significant data loss, as 25 out of 54 critical facts from the Master Fact Sheet were either entirely missing from the Final Article or not handled appropriately (e.g., specific compliance data, numerous 'Not found' safety and lab facts, and certain cultural details were not transferred). The Explanation Clarity score is a composite of two aspects: the absence of hallucination (100% accurate, as no facts were invented or contradicted the source) and the handling of ""Not found"" results. While the article correctly acknowledged 12 ""Not found"" entries (e.g., `citation_apa: not_found`, several `Lab Fact` and `Toxicity Fact` absences), it failed to explicitly address a considerable number (16 out of 28) of other ""Not found"" entries, simply omitting them without any indication of their absence. This inconsistency in handling 'Not found' facts reduced the overall clarity score, despite the complete absence of hallucinated content.","*
None
**Feedback:** The Collaboration Robustness score reflects significant data loss, as 25 out of 54 critical facts from the Master Fact Sheet were either entirely missing from the Final Article or not handled appropriately (e.g., specific compliance data, numerous 'Not found' safety and lab facts, and certain cultural details were not transferred). The Explanation Clarity score is a composite of two aspects: the absence of hallucination (100% accurate, as no facts were invented or contradicted the source) and the handling of ""Not found"" results. While the article correctly acknowledged 12 ""Not found"" entries (e.g., `citation_apa: not_found`, several `Lab Fact` and `Toxicity Fact` absences), it failed to explicitly address a considerable number (16 out of 28) of other ""Not found"" entries, simply omitting them without any indication of their absence. This inconsistency in handling 'Not found' facts reduced the overall clarity score, despite the complete absence of hallucinated content.","**
    *   **Practical Efficacy:** The article's ""Herbal in Wellness Trends"" section explicitly states that ""specific trend facts are not provided."" This directly reflects the absence of actual trend data from the `analyze_trends_task` (context[0]). While the article attempts to infer potential market opportunities from general knowledge, it cannot synthesize non-existent trends, making the content highly speculative and lacking in data-driven relevance for our wellness audience. For a major wellness brand, content in this critical section must be grounded in identified trends to be truly efficacious.
    *   **Implementation Feasibility:** The workflow design, which involves splitting tasks for compliance (context[1]) and safety (context[2]) data, is inherently scalable and efficient. The writer agent successfully acknowledged the lack of specific safety data from `find_safety_data_task` and incorporated this into the article's ""Safety, Regulatory, and Constraints"" section. While the article mentioned the importance of ""food registration,"" it did not explicitly integrate the specific (albeit placeholder) data from the `check_compliance_task`. This indicates a slight missed opportunity to demonstrate direct utilization of structured compliance input. However, the overall design for data gathering is sound, and the writer's ability to handle missing information gracefully is a positive sign for system robustness. The primary bottleneck for this article's publication is the upstream failure to generate comprehensive trend and safety data, not the workflow design itself or the writer's processing of *available* data.","** The Collaboration Robustness score reflects significant data loss, as 25 out of 54 critical facts from the Master Fact Sheet were either entirely missing from the Final Article or not handled appropriately (e.g., specific compliance data, numerous 'Not found' safety and lab facts, and certain cultural details were not transferred). The Explanation Clarity score is a composite of two aspects: the absence of hallucination (100% accurate, as no facts were invented or contradicted the source) and the handling of ""Not found"" results. While the article correctly acknowledged 12 ""Not found"" entries (e.g., `citation_apa: not_found`, several `Lab Fact` and `Toxicity Fact` absences), it failed to explicitly address a considerable number (16 out of 28) of other ""Not found"" entries, simply omitting them without any indication of their absence. This inconsistency in handling 'Not found' facts reduced the overall clarity score, despite the complete absence of hallucinated content."
31.โหระพา_,No-Go,25,90,77,76,"*
Compliance Fact (Food Registration 1): None found
Safety Fact (Active Ingredient): OCIMUM BASILICUM ROOT EXTRACT
Toxicity Fact (Summary): Basil has also been used to decrease breastmilk oversupply in Persian traditional medicine.
Toxicity Fact (Summary): Galactogogues should never replace evaluation and counseling on modifiable factors that affect milk production.
Toxicity Fact (Summary): No data exist on the excretion of any components of basil into breastmilk or on the safety and efficacy of basil in nursing mothers or infants.
Culture Fact (Location - Ban Muang Noi): Si Sawang
Culture Fact (Community Highlight - Ban Muang Noi): Ban Muang Noi is an old community that has been settled for over 100 years.
Culture Fact (Community Highlight - Ban Muang Noi): The community has a strong tradition of herbal medicine, with many plants used for various purposes.
Culture Fact (Name Etymology - Ban Muang Noi): The name ""Ban Muang Noi"" is derived from the Thai words ""ban"" meaning ""village"" and ""muang noi"" meaning ""small town"". The community is located in the Si Sawang district of Thailand.
Culture Fact (Environment - Ban Muang Noi): The community is situated in a rural area, surrounded by forests and farmland. The environment is conducive to the growth of various herbs and plants, including sweet basil.
Culture Fact (Local Wisdom - Ban Muang Noi): many elderly members knowledgeable about the uses of various herbs.
Culture Fact (Organization - Ban Muang Noi): The community has a number of organizations that promote the use of herbal medicine, including the Ban Muang Noi Herbal Medicine Association.
Culture Fact (Location - Jungfood Cafe): Charan Sanitwong 91, Soi 4
Culture Fact (Community Highlight - Jungfood Cafe): Jungfood Cafe is a restaurant that promotes the use of herbal medicine and edible flowers.
Culture Fact (Community Highlight - Jungfood Cafe): The cafe has a garden where various herbs and flowers are grown, including sweet basil.
Culture Fact (Name Etymology - Jungfood Cafe): The name ""Jungfood Cafe"" is derived from the Thai word ""jung"" meaning ""herb"" and ""food"" meaning ""food"".
Culture Fact (Environment - Jungfood Cafe): The cafe is located in a urban area, but has a garden where various herbs and flowers are grown.
Culture Fact (Local Wisdom - Jungfood Cafe): a number of staff members who are knowledgeable about the uses of various herbs.
Culture Fact (Organization - Jungfood Cafe): The cafe is part of a larger organization that promotes the use of herbal medicine and edible flowers.
Culture Fact (Location - Ban Klang): Ban Klang (location)
Culture Fact (Ethnic Group - Ban Klang): Karen
Culture Fact (Community Highlight - Ban Klang): Ban Klang is a Karen community that has a rich tradition of herbal medicine. The community has a number of elderly members who are knowledgeable about the uses of various herbs.
Culture Fact (Name Etymology - Ban Klang): The name ""Ban Klang"" is derived from the Thai word ""ban"" meaning ""village"" and ""klang"" meaning ""middle"".
Culture Fact (Environment - Ban Klang): The community is situated in a rural area, surrounded by forests and farmland. The environment is conducive to the growth of various herbs and plants, including sweet basil.
Culture Fact (Local Wisdom - Ban Klang): many elderly members knowledgeable about the uses of various herbs.
Culture Fact (Organization - Ban Klang): The community has a number of organizations that promote the use of herbal medicine, including the Ban Klang Herbal Medicine Association.
Internal RAG Fact (Herbal): traditional Thai medicine is considered old-fashioned and not suitable for modern times, but it can be effective in treating minor ailments and reducing medical expenses.
Internal RAG Fact (Herbal): The context also mentions the use of herbs in traditional Thai cooking and the benefits of growing one's own herbs to ensure safety and freshness.
Internal RAG Fact (Cultural): used in various dishes, including stir-fries and curries.
Internal RAG Fact (Cultural): It is often paired with other herbs, such as lemongrass and galangal, to create a flavorful and aromatic paste.
**Hallucinated Entities (Facts in Article but not Fact Sheet):**
""...its cultural significance and traditional use in various communities indicate a potential for products leveraging this herb.""
""...further supports its potential use in new product development.""
""The traditional farming methods and local wisdom surrounding the use of basil highlight its significance in these communities.""
""The safety and regulatory status of Ocimum basilicum is complex.""
""Any product development must carefully address these safety concerns.""
""The strategic plan for developing new products based on Ocimum basilicum involves identifying target markets and applications where the risks associated with estragole can be managed.""
""This could include products for culinary use or investing in research to identify and isolate safe and effective compounds from basil for medicinal purposes.""
""Partnerships with communities that traditionally use basil could provide valuable insights and support product acceptance.""
""Conducting thorough safety and efficacy studies, potentially focusing on non-lactating populations or uses where estragole's procarcinogenic potential is less of a concern, is essential for developing a viable and safe product portfolio.""
""Ocimum basilicum, or sweet basil, presents a complex yet promising opportunity for new product development.""
""Through careful market selection, research into safe compounds, and partnerships with traditional communities, it is possible to develop viable and safe products that leverage the potential of sweet basil.""
**Feedback:**","*
""...its cultural significance and traditional use in various communities indicate a potential for products leveraging this herb.""
""...further supports its potential use in new product development.""
""The traditional farming methods and local wisdom surrounding the use of basil highlight its significance in these communities.""
""The safety and regulatory status of Ocimum basilicum is complex.""
""Any product development must carefully address these safety concerns.""
""The strategic plan for developing new products based on Ocimum basilicum involves identifying target markets and applications where the risks associated with estragole can be managed.""
""This could include products for culinary use or investing in research to identify and isolate safe and effective compounds from basil for medicinal purposes.""
""Partnerships with communities that traditionally use basil could provide valuable insights and support product acceptance.""
""Conducting thorough safety and efficacy studies, potentially focusing on non-lactating populations or uses where estragole's procarcinogenic potential is less of a concern, is essential for developing a viable and safe product portfolio.""
""Ocimum basilicum, or sweet basil, presents a complex yet promising opportunity for new product development.""
""Through careful market selection, research into safe compounds, and partnerships with traditional communities, it is possible to develop viable and safe products that leverage the potential of sweet basil.""
**Feedback:**","**
    **Practical Efficacy (Relevance):** The article explicitly states, ""Although there are no explicit trend facts suggesting a current market buzz around Ocimum basilicum..."" This indicates that the `analyze_trends_task` (context[0], though not directly provided for audit) either yielded no relevant trends or the writer agent failed to identify/synthesize them effectively. While the article attempts to establish relevance through traditional use and GRAS status, it fundamentally fails to connect the herb to *current wellness trends* as expected for a major wellness brand. For content to be truly relevant and impactful, it must tap into identified market trends. The article accurately reports the *absence* of trends, but this makes the content itself less relevant to the strategic goal of leveraging trends for product positioning.

    **Implementation Feasibility (Scalability):** The workflow design, specifically the split of `check_compliance_task` (context[1], though not directly provided for audit) and `find_safety_data_task` (context[2]), is highly scalable and efficient. This modular approach allows for specialized data gathering and ensures comprehensive coverage of complex regulatory and safety information. The writer agent successfully integrated the safety data (context[2]) by discussing FDA GRAS status, potential risks (estragole, lactation), and the need for caution due to lack of clinical trials. This demonstrates that the structured data from the specialized tasks can be effectively utilized by the writer agent to inform the ""Safety, Regulatory, and Constraints"" section, making the overall process viable and scalable for future content generation.

    **Go/No-Go for Publication:** The article receives a ""No-Go"" for publication. While the workflow's feasibility is strong, the article's practical efficacy is severely hampered by its inability to identify and leverage current wellness trends for Ocimum basilicum. For a major wellness brand, content must be strategically relevant to market buzz to drive engagement and product interest. An article that explicitly states a lack of trend relevance, even if factually accurate, does not meet the strategic objective of a trend-focused content piece. Further research into market trends or a re-framing of the article's strategic intent would be required before publication.","**
    The article demonstrated good data integrity by accurately transferring a substantial portion of the factual information from the Master Fact Sheet and correctly handling all instances where information was explicitly ""Not found"" or ""None found."" This is reflected in a respectable robustness score. However, there was a notable loss of specific details, particularly from the extensive cultural facts and some nuanced points within the toxicity and internal RAG sections. The clarity score was impacted by the inclusion of several interpretive statements, strategic recommendations, and conclusions that, while potentially reasonable inferences, were not directly sourced as explicit facts from the Master Fact Sheet. To achieve a perfect score, the article would need to either explicitly state these as interpretations or ensure every statement is a direct transfer or a very close paraphrase of the provided facts, without adding new interpretive layers."
32.ตะไคร้หอม,Go,85,95,43,72,"*
Toxicity Fact (Mechanism): The exact mechanism of injury caused by methyleugenol is not fully understood, but it is believed that the substance may cause liver injury through the formation of toxic metabolites.
Toxicity Fact (Side Effects): Side effects reported in humans exposed to methyleugenol include nausea, vomiting, and dermatitis (only liver injury was mentioned in the article).
Toxicity Fact (Case Reports): Specific case reports of liver injury associated with methyleugenol exposure, including a 35-year-old woman and a 45-year-old man.
Culture Fact (Community - Bang Nam Pheung): Its urban/suburban characteristics.
Culture Fact (Ethnic Group - Bang Nam Pheung): Mon.
Culture Fact (Community Highlight - Bang Nam Pheung): Its urban/suburban characteristics.
Culture Fact (Local Wisdom - Bang Nam Pheung): Specific mention of turmeric and galangal alongside lemongrass in traditional practices.
Culture Fact (Processing - Bang Nam Pheung): The community uses local herbs such as turmeric, galangal, lemongrass, and cassia leaves for processing.
Culture Fact (Community - Ban Takolang): Its notable feature being the Ban Takolang Sufficiency Economy Learning Center.
Culture Fact (Location - Ban Takolang): Suan Phueng.
Culture Fact (Ethnic Group - Ban Takolang): Pakakayor.
Culture Fact (Community Highlight - Ban Takolang): Its notable feature being the Ban Takolang Sufficiency Economy Learning Center.
Culture Fact (Local Wisdom - Ban Takolang): Specific mention of turmeric and galangal alongside lemongrass in traditional practices.
Culture Fact (Processing - Ban Takolang): The community uses local herbs such as turmeric, lemongrass, and galangal for processing.
Culture Fact (Community - Pok): Its notable feature being the Pok community forest.
Culture Fact (Location - Pok): Huai Kaeo.
Culture Fact (Ethnic Group - Pok): Thai Yuan.
Culture Fact (Community Highlight - Pok): Its notable feature being the Pok community forest.
Culture Fact (Local Wisdom - Pok): Specific mention of turmeric and galangal alongside lemongrass in traditional practices.
Culture Fact (Processing - Pok): The community uses local herbs such as turmeric, lemongrass, and galangal for processing.
Internal RAG Fact (Herbal): Full details including benefits of traditional Thai medicine (reducing medical expenses, effective treatment for minor ailments, digestive issues) and the overall emphasis on its significance and relevance.
Internal RAG Fact (Cultural): Specific uses in Thai cuisine (soups, curries), its use in traditional Thai medicine for fever, cough, and sore throat, and the concluding statement about its versatility and value as an herb in Thai culture.
**Hallucinated Entities (Facts in Article but not Fact Sheet):**
The inference of ""potential interest in products"" and ""viable market for Cymbopogon nardus-based products"" based on cultural significance and growing demand for natural/herbal products (from ""Introduction to Herbal Trends"").
The general statement about ""the importance of understanding its chemical composition and and the potential health benefits and risks associated with its use"" (from ""Scientific Deep-Dive"").
The interpretation that ""These communities highlight the significance of local wisdom in preserving and promoting the use of herbal remedies"" (from ""Traditional Wisdom"").
The recommendation that ""It is essential to address these safety concerns through stringent measures, including careful dosing, thorough testing for toxicity, and clear labeling of potential risks"" (from ""Safety, Regulatory, and Constraints"").
The recommendation that ""Any product development must prioritize minimizing exposure to harmful levels of methyleugenol and ensuring that the benefits of the product outweigh the potential risks"" (from ""Safety, Regulatory, and Constraints"").
The strategic statement about ""Market Opportunity: The cultural significance and potential market demand for natural and herbal products suggest an opportunity for Cymbopogon nardus-based products"" (from ""Strategic Analysis and Product Opportunities"").
The claim of ""Technical Feasibility: Developing safe and effective products from Cymbopogon nardus is technically feasible"" (from ""Strategic Analysis and Product Opportunities"").
The strategic recommendation that ""Critical Constraints: Safety and toxicity concerns are paramount. Addressing these through careful product development, safety testing, and regulatory compliance is essential"" (from ""Strategic Analysis and Product Opportunities"").
The comprehensive ""Strategic Recommendation"" section outlining product development approach (from ""Strategic Analysis and Product Opportunities"").
The inference of ""potential modern applications"" in the conclusion.
The inference of ""growing demand for wellness and health solutions"" in the conclusion.
The concluding strategic recommendation: ""By prioritizing safety, conducting thorough research, and ensuring regulatory compliance, it is possible to develop products that not only capitalize on the cultural significance of Cymbopogon nardus but also provide safe and effective solutions for consumers.""
**Feedback:** The Collaboration Robustness score is low due to significant data loss, particularly regarding specific details from the Toxicity Facts (mechanism, full side effects, case reports) and numerous specific cultural facts (ethnic groups, locations, community highlights, and comprehensive lists of local herbs used for wisdom and processing for each community). While the article generally covers the overarching themes, it fails to transfer many critical, specific data points with 100% accuracy. The Explanation Clarity score is higher because the article largely adheres to the facts it does present, and it correctly handles instances where information was ""not found"" in the Master Fact Sheet (e.g., citation_apa, trend facts, abstracts). The identified hallucinations primarily consist of strategic recommendations, market inferences, or generalized statements that are not directly supported by explicit facts in the Master Fact Sheet, rather than outright factual inaccuracies.","*
The inference of ""potential interest in products"" and ""viable market for Cymbopogon nardus-based products"" based on cultural significance and growing demand for natural/herbal products (from ""Introduction to Herbal Trends"").
The general statement about ""the importance of understanding its chemical composition and and the potential health benefits and risks associated with its use"" (from ""Scientific Deep-Dive"").
The interpretation that ""These communities highlight the significance of local wisdom in preserving and promoting the use of herbal remedies"" (from ""Traditional Wisdom"").
The recommendation that ""It is essential to address these safety concerns through stringent measures, including careful dosing, thorough testing for toxicity, and clear labeling of potential risks"" (from ""Safety, Regulatory, and Constraints"").
The recommendation that ""Any product development must prioritize minimizing exposure to harmful levels of methyleugenol and ensuring that the benefits of the product outweigh the potential risks"" (from ""Safety, Regulatory, and Constraints"").
The strategic statement about ""Market Opportunity: The cultural significance and potential market demand for natural and herbal products suggest an opportunity for Cymbopogon nardus-based products"" (from ""Strategic Analysis and Product Opportunities"").
The claim of ""Technical Feasibility: Developing safe and effective products from Cymbopogon nardus is technically feasible"" (from ""Strategic Analysis and Product Opportunities"").
The strategic recommendation that ""Critical Constraints: Safety and toxicity concerns are paramount. Addressing these through careful product development, safety testing, and regulatory compliance is essential"" (from ""Strategic Analysis and Product Opportunities"").
The comprehensive ""Strategic Recommendation"" section outlining product development approach (from ""Strategic Analysis and Product Opportunities"").
The inference of ""potential modern applications"" in the conclusion.
The inference of ""growing demand for wellness and health solutions"" in the conclusion.
The concluding strategic recommendation: ""By prioritizing safety, conducting thorough research, and ensuring regulatory compliance, it is possible to develop products that not only capitalize on the cultural significance of Cymbopogon nardus but also provide safe and effective solutions for consumers.""
**Feedback:** The Collaboration Robustness score is low due to significant data loss, particularly regarding specific details from the Toxicity Facts (mechanism, full side effects, case reports) and numerous specific cultural facts (ethnic groups, locations, community highlights, and comprehensive lists of local herbs used for wisdom and processing for each community). While the article generally covers the overarching themes, it fails to transfer many critical, specific data points with 100% accuracy. The Explanation Clarity score is higher because the article largely adheres to the facts it does present, and it correctly handles instances where information was ""not found"" in the Master Fact Sheet (e.g., citation_apa, trend facts, abstracts). The identified hallucinations primarily consist of strategic recommendations, market inferences, or generalized statements that are not directly supported by explicit facts in the Master Fact Sheet, rather than outright factual inaccuracies.","** The article effectively synthesizes available information, especially concerning safety and traditional uses, which is highly relevant to our wellness audience. While it explicitly notes the absence of *specific* trend data for Cymbopogon nardus itself, it successfully contextualizes the herb within broader wellness trends (natural products, traditional medicine). This demonstrates an ability to create relevant content even when specific data is scarce, by connecting to overarching themes. The content is informative, balanced, and crucial safety information (methyleugenol toxicity) is prominently featured, enhancing its practical value.

The workflow design, particularly the split of tasks for compliance and safety data gathering (`check_compliance_task` and `find_safety_data_task`), proved highly effective. The writer agent clearly utilized the output from these specialized tasks, incorporating detailed safety and regulatory considerations into the ""Safety, Regulatory, and Constraints"" section. This modular approach is excellent for scalability, allowing for parallel processing, specialized expertise, and efficient data retrieval, which are critical for maintaining content quality and speed across a large volume of articles. This system is robust and cost-effective for gathering critical information. The article is well-prepared for publication.","** The Collaboration Robustness score is low due to significant data loss, particularly regarding specific details from the Toxicity Facts (mechanism, full side effects, case reports) and numerous specific cultural facts (ethnic groups, locations, community highlights, and comprehensive lists of local herbs used for wisdom and processing for each community). While the article generally covers the overarching themes, it fails to transfer many critical, specific data points with 100% accuracy. The Explanation Clarity score is higher because the article largely adheres to the facts it does present, and it correctly handles instances where information was ""not found"" in the Master Fact Sheet (e.g., citation_apa, trend facts, abstracts). The identified hallucinations primarily consist of strategic recommendations, market inferences, or generalized statements that are not directly supported by explicit facts in the Master Fact Sheet, rather than outright factual inaccuracies."
33.หญ้าแฝก_,No-Go,95,60,82,100,"*
Lab Fact (Chromatography - TLC): Not found
Lab Fact (Pharmacological Finding): Not found
Lab Fact (Cosmetic or Clinical Effect): Not found
Compliance Fact (Food Registration 1): None found
Culture Fact (Location - The Agricultural Museum in Honor of His Majesty the King): Pathum Thani Province
Culture Fact (Local Name - The Agricultural Museum in Honor of His Majesty the King): Vetiver Grass (หญ้าแฝก)
Culture Fact (Processing - The Agricultural Museum in Honor of His Majesty the King): Planting vetiver grass in slopes and embankments
Culture Fact (Location - Mae Um Phai Village): Mae Hong Son Province
Culture Fact (Local Name - Mae Um Phai Village): Vetiver Grass (หญ้าแฝก)
Culture Fact (Location - Thai Food Learning Center): Bangkok
Culture Fact (Local Name - Thai Food Learning Center): Vetiver Grass (หญ้าแฝก)
Culture Fact (Use - Thai Food Learning Center): Soil erosion prevention and landslide control
Culture Fact (Processing - Thai Food Learning Center): Planting vetiver grass in slopes and embankments
**Hallucinated Entities (Facts in Article but not Fact Sheet):**
None
**Feedback:** The article demonstrated strong clarity, with no instances of hallucinated facts. All statements in the article were either directly from the fact sheet, reasonable syntheses, or strategic recommendations logically derived from the provided data. Critically, all ""Not Found"" results from the fact sheet were handled correctly, either by explicitly stating their absence or by appropriate omission, without inventing information. However, several specific facts, particularly detailed 'Lab Facts', a 'Compliance Fact' (Food Registration), and several specific 'Culture Facts' (locations, local names, and specific processing/uses tied to cultural entities), were not transferred to the final article, leading to a reduction in the data robustness score.","*
None
**Feedback:** The article demonstrated strong clarity, with no instances of hallucinated facts. All statements in the article were either directly from the fact sheet, reasonable syntheses, or strategic recommendations logically derived from the provided data. Critically, all ""Not Found"" results from the fact sheet were handled correctly, either by explicitly stating their absence or by appropriate omission, without inventing information. However, several specific facts, particularly detailed 'Lab Facts', a 'Compliance Fact' (Food Registration), and several specific 'Culture Facts' (locations, local names, and specific processing/uses tied to cultural entities), were not transferred to the final article, leading to a reduction in the data robustness score.","**
    *   **Practical Efficacy:** The article successfully synthesized the wellness trends for Vetiver, incorporating all key points from the provided trends data into the ""Herbal in Wellness Trends"" section. The content is highly relevant to our wellness audience's interest in stress reduction, relaxation, and natural products.
    *   **Implementation Feasibility:** The workflow design, utilizing separate tasks for compliance and safety data gathering, is conceptually sound and scalable. However, the writer agent did not successfully integrate the specific compliance data (Thai FDA registration numbers for หญ้าแฝก) that the `check_compliance_task` indicated it found. While the writer correctly acknowledged the *lack* of safety and toxicity data from the `find_safety_data_task`, the failure to incorporate *found* regulatory data represents a significant gap in the workflow's practical execution and data integration. This diminishes the efficiency and value of the split task approach in this instance.
    *   **Go/No-Go for Publication:** The article explicitly states ""None of the safety facts, such as liver warnings and dosage limits, were found"" and ""No relevant information about หญ้าแฝก was found in the provided cultural context"" (despite the `check_compliance_task` indicating findings). For a major wellness brand, publishing an article that highlights a complete lack of safety and regulatory information for an herb, especially when some regulatory data was *supposedly found* but not included, is irresponsible and poses a significant brand risk. Further research to address safety gaps and a refined integration process for all compliance findings are essential before publication.","** The article demonstrated strong clarity, with no instances of hallucinated facts. All statements in the article were either directly from the fact sheet, reasonable syntheses, or strategic recommendations logically derived from the provided data. Critically, all ""Not Found"" results from the fact sheet were handled correctly, either by explicitly stating their absence or by appropriate omission, without inventing information. However, several specific facts, particularly detailed 'Lab Facts', a 'Compliance Fact' (Food Registration), and several specific 'Culture Facts' (locations, local names, and specific processing/uses tied to cultural entities), were not transferred to the final article, leading to a reduction in the data robustness score."
34.จำปี,Go,90,95,77,70,"*
Compliance Fact (Food Registration 1): registration_number=10-1-05956-5-0057, product_name=น้ำดื่มตรา จำปีบุรี / DRINKING WATER JUMPEE BURI BRAND, company_name=ห้างหุ้นส่วนสามัญริชชี่, status=สถานะผลิตภัณฑ์(คงอยู่)\ สถานะสถานที่ (คงอยู่)
Compliance Fact (Food Registration 2): registration_number=30-2-04054-2-0001, product_name=น้ำดื่ม (เครื่องหมายการค้าจดทะเบียน จำปีจำปา), company_name=ร้านน้ำดื่มจำปี จำปา, status=สถานะผลิตภัณฑ์(คงอยู่)\ สถานะสถานที่ (คงอยู่)
Compliance Fact (Food Registration 3): registration_number=70-2-05763-6-0001, product_name=ขนมโก๋งาเจ๊จู่, company_name=จำปี ขนมโก๋, status=สถานะผลิตภัณฑ์(คงอยู่)\ สถานะสถานที่ (คงอยู่)
Compliance Fact (Food Registration 4): registration_number=70-2-05763-6-0002, product_name=ขนมโก๋อ่อนเจ๊จู่, company_name=จำปี ขนมโก๋, status=สถานะผลิตภัณฑ์(คงอยู่)\ สถานะสถานที่ (คงอยู่)
Compliance Fact (Food Registration 5): registration_number=70-2-05763-6-0003, product_name=ขนมโก๋ไส้เจ๊จู่, company_name=จำปี ขนมโก๋, status=สถานะผลิตภัณฑ์(คงอยู่)\ สถานะสถานที่ (คงอยู่)
Culture Fact (Location - Ban Dong Bang): Chiang Mai Province
Culture Fact (Ethnic Group - Ban Dong Bang): Indigenous People
Culture Fact (Community Highlight - Ban Dong Bang): ""Ban Dong Bang is a community that has been actively involved in the conservation and restoration of natural resources, particularly forests and water sources."" (The initial descriptive sentence of the highlight)
Culture Fact (Name Etymology - Ban Dong Bang): The name ""Ban Dong Bang"" is derived from the Thai words ""ban"" meaning village, ""dong"" meaning forest, and ""bang"" meaning river. The name reflects the community's close relationship with the natural environment and their dependence on the forest and river for their livelihood.
Culture Fact (Environment - Ban Dong Bang): ""The community is located in a mountainous area, surrounded by forests and water sources. The environment is rich in biodiversity, with many species of plants and animals found in the area. The community has implemented measures to protect and conserve the environment, including the establishment of a community forest and the promotion of sustainable agriculture practices."" (The article did not include these specific environmental details).
Culture Fact (Organization - Ban Dong Bang): The community has a number of organizations and groups that work together to promote the conservation and restoration of natural resources. These include the Ban Dong Bang Community Forest Group, the Ban Dong Bang Water Conservation Group, and the Ban Dong Bang Sustainable Agriculture Group.
Internal RAG Fact (Cultural): No relevant information about จำปี was found in the provided cultural context.
**Hallucinated Entities (Facts in Article but not Fact Sheet):**
""Further market research is necessary to confirm the viability of Michelia alba-based products.""
""indicates a need for thorough safety assessments and toxicity studies to ensure the safe use of Michelia alba in new products."" (This is an inference/recommendation, not a direct fact from the Fact Sheet.)
""...but further research is necessary to confirm the safety of Michelia alba-based products.""
""The strategic plan for new product development based on Michelia alba highlights a potential market opportunity, technical feasibility, and the need to address safety and toxicity constraints.""
""The recommendation is to conduct further research in three key areas: market trends and consumer demand, technical development of sustainable and efficient production methods, and comprehensive safety and toxicity assessments.""
""Collaborating with communities like Ban Dong Bang could provide valuable insights and support the development of products that are not only scientifically sound but also culturally sensitive and sustainable.""
""Michelia alba, with its potential health benefits and traditional uses, presents an opportunity for the development of innovative products.""
""However, further research is necessary to confirm the viability of Michelia alba-based products, ensure their safety, and develop sustainable production methods.""
""By collaborating with communities like Ban Dong Bang and conducting comprehensive research, it is possible to create products that are not only scientifically sound but also culturally sensitive and sustainable.""
**Feedback:** The audit revealed significant data loss and hallucination. The ""Collaboration Robustness"" score is 77.78% because 12 critical facts, including all specific food registration details and several detailed cultural facts, were entirely dropped from the article. Additionally, the specific ""not found"" finding for the Internal RAG Cultural fact was also dropped. The ""Explanation Clarity"" score is 70.00% due to 9 instances of hallucination, primarily in the form of analytical statements, recommendations, and conclusions that were not directly present in the Master Fact Sheet. While the article generally handled ""not found"" results by either explicitly stating the absence of information or omitting the topic, the introduction of non-factual analysis and the omission of detailed compliance and cultural data significantly impact the overall data integrity.","*
""Further market research is necessary to confirm the viability of Michelia alba-based products.""
""indicates a need for thorough safety assessments and toxicity studies to ensure the safe use of Michelia alba in new products."" (This is an inference/recommendation, not a direct fact from the Fact Sheet.)
""...but further research is necessary to confirm the safety of Michelia alba-based products.""
""The strategic plan for new product development based on Michelia alba highlights a potential market opportunity, technical feasibility, and the need to address safety and toxicity constraints.""
""The recommendation is to conduct further research in three key areas: market trends and consumer demand, technical development of sustainable and efficient production methods, and comprehensive safety and toxicity assessments.""
""Collaborating with communities like Ban Dong Bang could provide valuable insights and support the development of products that are not only scientifically sound but also culturally sensitive and sustainable.""
""Michelia alba, with its potential health benefits and traditional uses, presents an opportunity for the development of innovative products.""
""However, further research is necessary to confirm the viability of Michelia alba-based products, ensure their safety, and develop sustainable production methods.""
""By collaborating with communities like Ban Dong Bang and conducting comprehensive research, it is possible to create products that are not only scientifically sound but also culturally sensitive and sustainable.""
**Feedback:** The audit revealed significant data loss and hallucination. The ""Collaboration Robustness"" score is 77.78% because 12 critical facts, including all specific food registration details and several detailed cultural facts, were entirely dropped from the article. Additionally, the specific ""not found"" finding for the Internal RAG Cultural fact was also dropped. The ""Explanation Clarity"" score is 70.00% due to 9 instances of hallucination, primarily in the form of analytical statements, recommendations, and conclusions that were not directly present in the Master Fact Sheet. While the article generally handled ""not found"" results by either explicitly stating the absence of information or omitting the topic, the introduction of non-factual analysis and the omission of detailed compliance and cultural data significantly impact the overall data integrity.","** The article demonstrates strong practical efficacy by accurately reflecting the absence of specific trend data and responsibly inferring potential from other available information (compliance, traditional use), while clearly stating the need for further market research. This nuanced approach ensures relevance without overstating opportunities. The implementation feasibility is excellent; the writer agent successfully integrated data from the distinct compliance and safety tasks, including acknowledging the lack of specific safety findings. The modular task-splitting approach (trends, compliance, safety) is a highly scalable and efficient workflow design for gathering comprehensive data, allowing for specialized processing and clear synthesis in the final output. The article is ready for publication as a well-balanced strategic analysis.","** The audit revealed significant data loss and hallucination. The ""Collaboration Robustness"" score is 77.78% because 12 critical facts, including all specific food registration details and several detailed cultural facts, were entirely dropped from the article. Additionally, the specific ""not found"" finding for the Internal RAG Cultural fact was also dropped. The ""Explanation Clarity"" score is 70.00% due to 9 instances of hallucination, primarily in the form of analytical statements, recommendations, and conclusions that were not directly present in the Master Fact Sheet. While the article generally handled ""not found"" results by either explicitly stating the absence of information or omitting the topic, the introduction of non-factual analysis and the omission of detailed compliance and cultural data significantly impact the overall data integrity."
35.ขมิ้นอ้อย,No-Go,90,70,49,69,"*
**Compliance Fact (Food Registration 1):** registration_number=10-1-13660-5-0117, product_name=ขมิ้นอ้อย / Zedoary, company_name=บริษัท โพธิ์ประดิษฐ์สมุนไพร จำกัด, status=สถานะผลิตภัณฑ์(ยกเลิกโดยผู้ประกอบการ 26/10/2561) \ สถานะสถานที่ (คงอยู่ )
**Compliance Fact (Food Registration 2):** registration_number=10-1-13660-5-0118, product_name=ขมิ้นอ้อย (ผง) / Zedoary (Powder), company_name=บริษัท โพธิ์ประดิษฐ์สมุนไพร จำกัด, status=สถานะผลิตภัณฑ์(ยกเลิกโดยผู้ประกอบการ 26/10/2561) \ สถานะสถานที่ (คงอยู่ )
**Compliance Fact (Herbal Product 1):** registration_number=G754/48, product_name=ยาหม่องขมิ้นอ้อย ตราหมอเฉลิมวังพรม / -, company_name=สมุนไพรวังพรม, status=คงอยู่
**Compliance Fact (Herbal Product 2):** registration_number=G172/50, product_name=ยาหม่องขมิ้นอ้อยตราหมอธนู / COMPOUND KHAMIN OI BALM TRA MHO THANU, company_name=วันดีโอสถ, status=คงอยู่
**Compliance Fact (Herbal Product 3):** registration_number=G298/45, product_name=ยาแคปซูลขมิ้นอ้อย ตราโอสถบัณฑิต / CAPSULE CURCUMA ZEDOARIA TRA OSOTH BANTHID, company_name=ห้างหุ้นส่วนจำกัด ภูมณีรัตน์เภสัช, status=ยกเลิก(3 พฤษภาคม 2562)
**Compliance Fact (Herbal Product 4):** registration_number=G15194/65, product_name=ยาแคปซูลผสมขมิ้นอ้อย ตราหมอเด่น / -, company_name=โรงงานยาสมุนไพรศีรษะอโศก, status=คงอยู่
**Compliance Fact (Herbal Product 5):** registration_number=G478/63, product_name=ยาแคปซูลผสมขมิ้นอ้อย ตราหมอเด่น / -, company_name=โรงงานยาสมุนไพรศรีษะอโศก, status=ยกเลิก
**Compliance Fact (Cosmetic 1):** registration_number=52-1-6300035825, product_name=ลำปางรักษ์สมุนไพร สบู่สมุนไพรชมิ้นชัน-ขมิ้นอ้อย / LAMPANG RAK SAMUNPHPAI SBU SMUNPHIR KHMINCHAN - KHMINXXY, company_name=นายมานพ ประโลมรัมย์(ลำปางรักษ์สมุนไพร), status=คงอยู่
**Compliance Fact (Cosmetic 2):** registration_number=10-1-6010040180, product_name=พิกัดหอม สบู่สมุนไพร ขมิ้นอ้อย - ขมิ้นชัน / PIKATHOM HERBAL SOAP KHAMIN OI - KHAMIN CHAN, company_name=นางสาวเทวินทร์ แก้วสมบัติ, status=ยกเลิก 20/2/2562
**Compliance Fact (Cosmetic 3):** registration_number=10-1-6200013342, product_name=มุมิน สบู่ล้างหน้ามุมิน (น้ำผึ้ง ขมิ้นอ้อย) / MUMIN MUMIN FACIAL SOAP (HONEY CURCUMA ZEDOARIA), company_name=สมศักดิ์ อำนาจศิลป์เจริญ, status=สิ้นอายุ
**Safety Fact (Active Ingredient):** Camphor (Synthetic)
**Safety Fact (Ingredient Purpose):** Topical Analgesic
**Safety Fact (Uses):** For the temporary relief of minor aches and pains of muscles and joints due to: simple backache, arthritis, strains, bruises, sprains
**Safety Fact (Warnings):** Specific warnings: ""This product may cause a rash on area of application."", ""if the appearance of this product has changed"", ""if you are hypersensitive to this product"", ""otherwise than as directed"".
**Safety Fact (Directions):** Adults and children 12 years of age and older: Apply the plaster to affected area after cleaning once a day. Remove after 12 hours. Reapply another one after 6 hours. Children under 12 years of age, consult a doctor. Children under 2 years of age: Do Not use, consult a doctor.
**Safety Fact (Other Info):** Keep container tightly closed. Store below 20°C (68°F) in a dry area.
**Safety Fact (Questions):** Manufactured by Tianshui Weishi Tongtai Pharmaceutical Co, Ltd No.3 Road, Shetang Industry Park, Tianshui Economy & Technology Development Area, Tianshui City, Gansu Province, China 741024 Distributed by Herba Natural Products, Inc. 211 41st Street, Brooklyn, NY 11232 Phone: (718)788-0222
**Toxicity Fact (Mechanism):** The mechanism of liver injury due to HDS is, in the majority of cases, unknown.
**Toxicity Fact (Side Effects):** The published experience with HDS associated liver toxicity is growing, but limited for many of the myriad available products. As in conventional pharmaceuticals, the confidence with which a diagnosis of liver injury is made depends, to a great extent, on the number of previously reported and published cases.
**Toxicity Fact (Case Reports):** The diagnosis of HDS associated liver injury is predicated upon the usual principles of causality assessment, including establishing a chronology which implicates the HDS as having been taken before the onset of injury, exclusion of other causes of liver disease, and the response to withdrawal.
**Culture Fact (Ethnic Group - Ban Dong Bang):** Thai
**Culture Fact (Environment - Ban Dong Bang):** Ban Dong Bang is situated in a rural area of Prachinburi Province, surrounded by lush forests and fertile fields.
**Culture Fact (Organization - Ban Dong Bang):** Ban Dong Bang has a number of community organizations that work to preserve and promote traditional herbal medicine.
**Culture Fact (Processing - Ban Dong Bang):** Drying
**Culture Fact (Source - Ban Dong Bang):** https://www.sac.or.th/database/anthropology/communities/detail/12345 (The explicit fact that this URL is the source for Ban Dong Bang details within the cultural section).
**Hallucinated Entities (Facts in Article but not Fact Sheet):**
Introduction: Attributing ""anti-inflammatory, antibacterial, and antioxidant properties"" directly to *Curcuma zedoaria* based on broader *Curcuma species* research, rather than specifically *C. zedoaria*.
Traditional Wisdom: The interpretive statement ""reflecting the community's deep connection with their environment and traditional practices.""
Safety, Regulatory, and Constraints: The recommendation ""emphasizing the need for careful consideration of dosage and ingredient interactions.""
Strategic Analysis and Product Opportunities section (all statements are analytical/recommendations, not MFS facts):
""The strategic plan for new product development based on Curcuma zedoaria involves leveraging its traditional use and cultural significance while ensuring rigorous scientific testing and regulatory compliance.""
""The market opportunity for Curcuma zedoaria is significant, given its potential anti-inflammatory, antibacterial, and antioxidant properties.""
""Technical feasibility seems viable, with existing research and traditional use providing a basis for product development.""
""However, critical constraints related to safety and toxicity must be addressed through careful product formulation, dosage consideration, and monitoring of liver function in users.""
""A strategic recommendation would be to develop products that capitalize on the unique selling proposition of Curcuma zedoaria's traditional use and cultural significance, while adhering to strict safety and regulatory standards.""
Conclusion section (all statements are analytical/conclusions, not MFS facts):
""Curcuma zedoaria, with its rich traditional use and potential health benefits, presents a compelling opportunity for development in modern wellness products.""
""By understanding its scientific properties, respecting its cultural significance, and addressing safety and regulatory concerns, it is possible to unlock the full potential of Curcuma zedoaria.""
""As the world continues to seek natural and effective solutions for health and wellness, herbs like Curcuma zedoaria are poised to play a significant role, offering a bridge between traditional wisdom and modern healthcare needs.""
**Feedback:** The article demonstrated strong data integrity in transferring scientific abstracts, associated APA citations (including correct handling of ""(n.d.)""), and internal RAG facts. The handling of ""Not Found"" entries from the Master Fact Sheet (e.g., Safety Dosage, Safety Warning) was exemplary, as these were correctly omitted. However, the article suffered from significant data loss, particularly regarding the specific details of compliance registrations (food, herbal, cosmetic products), most safety instructions (active ingredient, uses, directions, other info, manufacturer contact), and the nuanced details of toxicity facts (mechanism, side effects, case reports). Furthermore, a substantial portion of the article, notably the ""Strategic Analysis and Product Opportunities"" and ""Conclusion"" sections, consisted of analytical statements, inferences, and recommendations that did not originate directly from the Master Fact Sheet. This constitutes a high degree of hallucination when strictly auditing for facts derived solely from the provided source of truth.","*
Introduction: Attributing ""anti-inflammatory, antibacterial, and antioxidant properties"" directly to *Curcuma zedoaria* based on broader *Curcuma species* research, rather than specifically *C. zedoaria*.
Traditional Wisdom: The interpretive statement ""reflecting the community's deep connection with their environment and traditional practices.""
Safety, Regulatory, and Constraints: The recommendation ""emphasizing the need for careful consideration of dosage and ingredient interactions.""
Strategic Analysis and Product Opportunities section (all statements are analytical/recommendations, not MFS facts):
""The strategic plan for new product development based on Curcuma zedoaria involves leveraging its traditional use and cultural significance while ensuring rigorous scientific testing and regulatory compliance.""
""The market opportunity for Curcuma zedoaria is significant, given its potential anti-inflammatory, antibacterial, and antioxidant properties.""
""Technical feasibility seems viable, with existing research and traditional use providing a basis for product development.""
""However, critical constraints related to safety and toxicity must be addressed through careful product formulation, dosage consideration, and monitoring of liver function in users.""
""A strategic recommendation would be to develop products that capitalize on the unique selling proposition of Curcuma zedoaria's traditional use and cultural significance, while adhering to strict safety and regulatory standards.""
Conclusion section (all statements are analytical/conclusions, not MFS facts):
""Curcuma zedoaria, with its rich traditional use and potential health benefits, presents a compelling opportunity for development in modern wellness products.""
""By understanding its scientific properties, respecting its cultural significance, and addressing safety and regulatory concerns, it is possible to unlock the full potential of Curcuma zedoaria.""
""As the world continues to seek natural and effective solutions for health and wellness, herbs like Curcuma zedoaria are poised to play a significant role, offering a bridge between traditional wisdom and modern healthcare needs.""
**Feedback:** The article demonstrated strong data integrity in transferring scientific abstracts, associated APA citations (including correct handling of ""(n.d.)""), and internal RAG facts. The handling of ""Not Found"" entries from the Master Fact Sheet (e.g., Safety Dosage, Safety Warning) was exemplary, as these were correctly omitted. However, the article suffered from significant data loss, particularly regarding the specific details of compliance registrations (food, herbal, cosmetic products), most safety instructions (active ingredient, uses, directions, other info, manufacturer contact), and the nuanced details of toxicity facts (mechanism, side effects, case reports). Furthermore, a substantial portion of the article, notably the ""Strategic Analysis and Product Opportunities"" and ""Conclusion"" sections, consisted of analytical statements, inferences, and recommendations that did not originate directly from the Master Fact Sheet. This constitutes a high degree of hallucination when strictly auditing for facts derived solely from the provided source of truth.","**
    The article demonstrates strong **Practical Efficacy (Relevance)**. It successfully introduces Curcuma zedoaria within the context of modern wellness trends, highlighting its potential anti-inflammatory, antibacterial, and antioxidant properties, and its role in managing conditions like endometriosis. The ""Scientific Deep-Dive"" effectively synthesizes research to support these claims, making the content highly relevant to our wellness audience. The narrative is engaging and positions the herb well for product opportunities.

    However, the **Implementation Feasibility (Scalability)** of the workflow, specifically the writer agent's adherence to using the provided structured data, requires improvement. While the strategy of splitting tasks to gather compliance and safety data is excellent for scalability and efficiency, the execution had notable flaws:
    1.  **Compliance Data Utilization:** The article acknowledged ""compliance facts"" but did not fully leverage the detailed structured data. It generalized about product registrations rather than distinguishing between active and cancelled statuses, or specific product categories (food, herbal, cosmetic), which would have added more precise market insights.
    2.  **Safety Data Utilization:** While some safety data (warnings for external use, inactive ingredients) was correctly extracted from the provided `SAFETY_DATA`, a critical claim about ""liver injury associated with herbal and dietary supplements"" was introduced without being sourced from the provided `SAFETY_DATA`. This is a significant issue for a wellness brand, as all safety claims must be rigorously sourced from the provided context or explicitly attributed if external knowledge is used. This deviation undermines the reliability and trustworthiness of the content generated by the workflow.

    The un-sourced safety claim is a critical concern that prevents immediate publication. For a wellness brand, accuracy and precise sourcing for safety information are non-negotiable. Therefore, the article is currently a **No-Go for Publication**. It requires revision to either explicitly source the liver injury claim from the provided context (if it was implicitly there or from a missing `analyze_trends_task` output that should have been provided) or remove it if it cannot be directly supported by the provided safety data. This also highlights a need to refine the writer agent's instructions for stricter adherence to provided data for all claims, especially those related to safety and regulatory compliance.","** The article demonstrated strong data integrity in transferring scientific abstracts, associated APA citations (including correct handling of ""(n.d.)""), and internal RAG facts. The handling of ""Not Found"" entries from the Master Fact Sheet (e.g., Safety Dosage, Safety Warning) was exemplary, as these were correctly omitted. However, the article suffered from significant data loss, particularly regarding the specific details of compliance registrations (food, herbal, cosmetic products), most safety instructions (active ingredient, uses, directions, other info, manufacturer contact), and the nuanced details of toxicity facts (mechanism, side effects, case reports). Furthermore, a substantial portion of the article, notably the ""Strategic Analysis and Product Opportunities"" and ""Conclusion"" sections, consisted of analytical statements, inferences, and recommendations that did not originate directly from the Master Fact Sheet. This constitutes a high degree of hallucination when strictly auditing for facts derived solely from the provided source of truth."
36.กระทือ,Go,95,90,94,100,"*
Compliance Fact (Food Registration 1): None found
Compliance Fact (Safety Dosage): Not found
Compliance Fact (Safety Warning): None found
Safety Fact (Active Ingredient): Not found
Safety Fact (Ingredient Purpose): Not found
Safety Fact (Uses): Not found
Safety Fact (Warnings): Not found
Safety Fact (Directions): Not found
Safety Fact (Other Info): Not found
Safety Fact (Inactive Ingredients): Not found
Safety Fact (Questions): Not found
Toxicity Fact (Summary): Not found
Toxicity Fact (Mechanism): Not found
Toxicity Fact (Side Effects): Not found
Toxicity Fact (Case Reports): Not found","*
None","** The article effectively synthesizes the trends related to Shampoo Ginger, highlighting its benefits for hair health, digestion, and inflammation, aligning well with the identified trends. The ""Herbal in Wellness Trends"" section accurately reflects the information gathered from the trend analysis. The split of tasks for compliance and safety data seems scalable, as the writer successfully integrated the information into the ""Safety, Regulatory, and Constraints"" section. The workflow appears efficient, allowing for focused data gathering and integration into the article. Further optimization might involve refining the queries for the compliance and safety tasks to ensure even more targeted data retrieval.
```","**
The Collaboration Robustness score is 94% because several ""Not Found"" safety and compliance facts were not explicitly mentioned in the final article, although the ""Safety, Regulatory, and Constraints"" section alludes to their absence and the need for further research. The Explanation Clarity score is 100% because all facts presented in the article were verifiable against the Master Fact Sheet, and the ""Not Found"" results were handled correctly by not inventing information. The scientific abstracts were accurately represented.
```"
37.ชะพลู,No-Go,75,80,90,100,"*
Compliance Fact (Food Registration 1): registration_number=10-1-13660-5-0220, product_name=ชะพลู / Wildbetal leafbush, company_name=บริษัท โพธิ์ประดิษฐ์สมุนไพร จำกัด, status=สถานะผลิตภัณฑ์(คงอยู่)\ สถานะสถานที่ (คงอยู่)
Compliance Fact (Food Registration 2): registration_number=10-1-13660-5-0221, product_name=ชะพลู (ผง) / Wildbetal leafbush (Powder), company_name=บริษัท โพธิ์ประดิษฐ์สมุนไพร จำกัด, status=สถานะผลิตภัณฑ์(คงอยู่)\ สถานะสถานที่ (คงอยู่)
Compliance Fact (Food Registration 3): registration_number=11-1-19160-5-0006, product_name=5 จากูล เฮิร์บ (ผลิตภัณฑ์เสริมอาหารสารสกัดจากขิง, สารสกัดจากขมิ้น, ชะพลูชนิดผง, สารสกัดจากกระเทียม, สารสกัดจากพริกไทยดำ) / 5 Jagool Herbs (Dietary Supplement Product Ginger Extract, Turmeric Extract, Wild betle leaf bush Powder, Garlic Extract, Black Pepper Extract), company_name=บริษัท คลินิกบ้านยาสมุนไพร จำกัด, status=สถานะผลิตภัณฑ์(คงอยู่)\ สถานะสถานที่ (คงอยู่)
Compliance Fact (Food Registration 4): registration_number=14-2-00367-6-0013, product_name=น้ำผักรวม 100% (บัวบก,ชะพลู,ย่านาง,เตยหอม,ใบหม่อน) / 100%VEGETABLE  JUICE (PENNYWORT, CHAPLU, BAMBOO GRASS, PANDAN ,  MULBERRY LEAF ), company_name=บริษัท เวล ดี โปรดักส์ จำกัด (มหาชน)(สำนักงานใหญ่), status=สถานะผลิตภัณฑ์(คงอยู่)\ สถานะสถานที่ (คงอยู่)
Compliance Fact (Cosmetic Registration 1): registration_number=61-1-5300005, product_name=วิสาหกิจชุมชนแปรรูปสมุนไพรตรารจนา วิสาหกิจชุมชนแปรรูปสมุนไพรตรารจนา  สบู่เหลวผสมสมุนไพร ชะพลู /  วิสาหกิจชุมชนแปรรูปสมุนไพรตรารจนา  สบู่เหลวผสมสมุนไพร ชะพลู, company_name=นายวรายุ  ลี้ประเสริฐ (วิสาหกิจชุมชนแปรรูปผลิตภัณฑ์สมุนไพรตรารจนา), status=ยกเลิก 10/9/2561
Culture Fact (Community - Ongkarn Mahamagrood Paadkig): community_name=Ongkarn Mahamagrood Paadkig (โองการมหามะกรูดแปดกิ่ง), location=-, ethnic_group=-, community_highlight=No herbal-related information found, name_etymology=No herbal-related information found, community_environment=No herbal-related information found, local_wisdom=No herbal-related information found, community_organizations=No herbal-related information found, local_name=-, use=-, processing_method=-, source_url=https://manuscripts.sac.or.th/article-download.php?id=42
Culture Fact (Community - Samnuan Phasa Chak Ya Mawng Yai EP.02 Ton Long Daeng): community_name=Samnuan Phasa Chak Ya Mawng Yai EP.02 Ton Long Daeng (สำนวนภาษาจากยาหม้อใหญ่ EP.02 ตอน ลงแดง), location=-, ethnic_group=-, community_highlight=No herbal-related information found, name_etymology=No herbal-related information found, community_environment=No herbal-related information found, local_wisdom=The text mentions the use of Chaphlu (ชะพลู) as a medicinal herb to treat various ailments, including indigestion and bloating, community_organizations=No herbal-related information found, local_name=Chaphlu (ชะพลู), use=Treating indigestion and bloating, processing_method=Drying, source_url=https://www.sac.or.th/portal/th/article/detail/402
Culture Fact (Community - Thai - Food): community_name=Thai - Food, location=-, ethnic_group=-, community_highlight=No herbal-related information found, name_etymology=No herbal-related information found, community_environment=The text mentions the use of various plants, including Chaphlu (ชะพลู), as ingredients in traditional Thai cooking, local_wisdom=No herbal-related information found, community_organizations=No herbal-related information found, local_name=Chaphlu (ชะพลู), use=Cooking ingredient, processing_method=-, source_url=https://southeastasia.sac.or.th/subject.php?c_id=9&sj_id=76
Safety Fact (Active Ingredient): Not found
Safety Fact (Ingredient Purpose): Not found
Safety Fact (Uses): Not found
Safety Fact (Warnings): Not found
Safety Fact (Directions): Not found
Safety Fact (Other Info): Not found
Safety Fact (Inactive Ingredients): Not found
Safety Fact (Questions): Not found
Toxicity Fact (Mechanism): Not found
Toxicity Fact (Side Effects): Not found
Toxicity Fact (Case Reports): Not found
Source URL (Safety): Not found","*
None","** The article demonstrates good efficacy by connecting the herb to the general trend of natural remedies and traditional medicine. The feasibility is reasonable as the compliance data was used. However, the lack of safety data and trends data prevents a ""Go"" for publication. It is crucial to include the safety data and trends data before publication.","**
The Collaboration Robustness score is 90% because some compliance and culture facts from the Master Fact Sheet were not included in the Final Article. All ""Not Found"" safety and toxicity facts were correctly handled by stating a lack of comprehensive safety data and noting that specific safety warnings were not found. No hallucinated entities were detected, resulting in a 100% Explanation Clarity score.
```"
38.เสลดพังพอนตัวเมีย,Go,90,85,85,95,"*
Compliance Fact (Herbal Product Registration 3): registration_number=G259/62, product_name=ยาน้ำมันผสมเสลดพังพอนตัวเมีย / COMPOUND SALET PHANG PHON TUA-MIA MEDICATED OIL, company_name=ห้างหุ้นส่วนจำกัดสมุนไพรธิดาพร, status=คงอยู่
Compliance Fact (Herbal Product Registration 4): registration_number=G274/65, product_name=ยาหม่องผสมเสลดพังพอนตัวเมีย ตราเฌอเอม สูตร 2 / CHERAIM BRAND COMPOUND CLINACANTHUS NUTANS BALM FORMULA 2, company_name=ห้างหุ้นส่วน จิสประพัจน์, status=คงอยู่
Compliance Fact (Herbal Product Registration 5): registration_number=G470/65, product_name=ยาครีมผสมเสลดพังพอนตัวเมีย ตรา บางกอก บาล์ม / -, company_name=โกลเด้นลีฟ, status=ทะเบียนคงอยู่ แต่ผู้ผลิตยกเลิกกิจการ ทำให้ไม่สามารถผลิตได้
Safety Fact (Active Ingredient): Camphor, Menthol
Safety Fact (Ingredient Purpose): Topical Analgesic
Safety Fact (Uses): For temporarily relief of pain and itching associated with insect bites,minor skin irritations and infections, rashes, boils, minor aches and pains of muscles and joints, dizziness
Safety Fact (Warnings): For external use only When using this product Use only as directed Do not apply to wounds and broken skin Avoid contact with eyes Stop use and ask a doctor if condition worsens severe skin irritation occurs symptoms persist for more than 7 days or clear up and reoccur within a few days
Safety Fact (Directions): Apply thin layer to or rub gently upon the desired area or inhale as needed. Repeat 3 to 4 times daily. For infants under 12 months of age, consult physician before use
Safety Fact (Other Info): This product may cause allergic reaction in some individuals, test on small area before use Store at 68° to 85°F (20° to 30°C)
Safety Fact (Inactive Ingredients): Aloe Vera, Barleria Lupulina, Beach Morning Glory, Betel leaf, Clinacanthus Nutans Lindau, Coconut oil, Crinum Veld Lily, Garden Quinine, Paraffin, Petrolatum,Zingiber Cassamunar.","*
None","** The article effectively synthesizes the trends data, highlighting the traditional uses and potential health benefits of Clinacanthus nutans (Snake Jasmine). The ""Herbal in Wellness Trends"" section accurately reflects the information found in the trend analysis. The ""Safety, Regulatory, and Constraints"" section demonstrates successful integration of compliance and safety data, indicating that the split tasks are a viable and scalable method for gathering data. The article acknowledges both the benefits and potential risks, providing a balanced perspective. Minor improvements could include more specific details on the regulatory landscape and potential side effects, but overall the article is well-researched and ready for publication.
```","**
The Collaboration Robustness score reflects the data loss of several Compliance Facts and Safety Facts. The Explanation Clarity score is high because the article correctly handles the ""Not Found"" for citation_apa by stating ""Not found"". The article does not hallucinate any facts. The dropped entities should be included to improve completeness.
```"
39.เสลดพังพอนตัวผู้,Go,70,90,85,100,"*
Compliance Fact (Herbal Product Registration 1): registration_number=G632/60, product_name=ยาน้ำมันสมุนไพรผสมเสลดพังพอนตัวผู้ ตราโพธิ์เงิน โพธิ์ทอง / -, company_name=บริษัท กุลนารถ แกรนด์ จำกัด, status=ยกเลิก(18 มีนาคม 2563)
Compliance Fact (Herbal Product Registration 2): registration_number=G598/63, product_name=ยาน้ำมันผสมเสลดพังพอนตัวผู้ / COMPOUND SALET PHANG PHON TUA-PHU MEDICATED OIL, company_name=พรีราน่า เนเจอร์, status=คงอยู่
Compliance Fact (Herbal Product Registration 3): registration_number=G477/60, product_name=ยาหม่องสมุนไพรผสมเสลดพังพอนตัวผู้ / -, company_name=บริษัท ไบโอโปร จำกัด, status=คงอยู่
Compliance Fact (Herbal Product Registration 4): registration_number=G569/63, product_name=ยาขี้ผึ้งผสมเสลดพังพอนตัวผู้ / COMPOUND HOP HEADED BARLERIA OINTMENT, company_name=ลิ้มเซ่งฮึง, status=คงอยู่
Compliance Fact (Herbal Product Registration 5): registration_number=G558/60, product_name=ยาหม่องสมุนไพรผสมเสลดพังพอนตัวผู้ / -, company_name=บริษัท ไบโอโปร จำกัด, status=คงอยู่
Internal RAG Fact (Cultural): No relevant information about เสลดพังพอนตัวผู้ was found in the provided cultural context.","*
None","** The article adequately addresses the trends data, acknowledging the lack of specific trend information for Hop Headed Barleria and reasonably inferring market interest from existing product registrations. The integration of compliance and safety data is well-executed, demonstrating the effectiveness of the split-task workflow. The article could be strengthened by including more specific information on the registered products (e.g., their intended use) to better connect with potential wellness trends.","**
The Collaboration Robustness score is 85% because several compliance facts related to herbal product registrations were dropped from the final article. The Explanation Clarity score is 100% because there were no hallucinated entities, and the ""Not found"" result for citation_apa was correctly handled by stating ""[1] Not found"" in the references. The article accurately reflects the information present in the fact sheet, except for the omissions mentioned above. The article sources consulted section accurately reflects the source URLs in the Master Fact Sheet.
```"
40.ขี้เหล็ก_,No-Go,50,60,26,69,"*
**Compliance Facts (Food Registrations):** All 20 specific sub-facts related to the 5 food registrations were omitted (e.g., registration_number=10-1-13660-5-0157, product_name=Cassod Tree, company_name=บริษัท โพธิ์ประดิษฐ์สมุนไพร จำกัด, status=สถานะผลิตภัณฑ์(คงอยู่)\ สถานะสถานที่ (คงอยู่), and similar details for the other 4 registrations).
**Compliance Fact (Safety Dosage):** The status ""Not found"" was omitted.
**Compliance Fact (Safety Warning):** The status ""None found"" was omitted.
**Safety Fact (Active Ingredient):** The status ""None found"" was omitted.
**Safety Fact (Ingredient Purpose):** The status ""None found"" was omitted.
**Safety Fact (Uses):** The status ""None found"" was omitted.
**Safety Fact (Warnings):** The status ""None found"" was omitted.
**Safety Fact (Directions):** The status ""None found"" was omitted.
**Safety Fact (Other Info):** The status ""None found"" was omitted.
**Safety Fact (Inactive Ingredients):** The status ""None found"" was omitted.
**Safety Fact (Questions):** The status ""None found"" was omitted.
**Toxicity Fact (Side Effects):** Specific side effects ""Dermatitis"" and ""Rash"" were omitted.
**Toxicity Fact (Case Reports):** The specific detail ""case series of 5 patients who developed liver injury after taking Senna siamea for constipation"" was omitted.
**Internal RAG Fact (Herbal):** The mention of ""ใบมะกรูด"" was omitted.
**Internal RAG Fact (Herbal):** The meta-fact that ""Senna siamea, also known as ขี้เหล็ก, is not explicitly mentioned in the provided context"" (referring to the RAG context's limitation) was omitted.
**Culture Fact (Wat Phatthasima):** Location (Nakhon Si Thammarat Province), Ethnic Group (Unspecified), specific environmental detail (""mix of forests, hills, and plains""), specific local wisdom phrasing, specific organization phrasing, all 10 specific local names, all 10 specific uses, all 9 specific processing methods, and its specific source URL (https://culturio.sac.or.th/storage/content/resource/JTDbcOUd5XDDDziBp3m1sgJDr5ngTznD.pdf) were omitted.
**Culture Fact (Wat Phatthasima (2)):** Location (Nakhon Si Thammarat Province), Ethnic Group (Unspecified), specific environmental detail (""mix of forests, hills, and plains""), specific local wisdom phrasing, specific organization phrasing, all 10 specific local names, all 3 specific uses, all 9 specific processing methods, and its specific source URL (https://culturio.sac.or.th/content/1459) were omitted.
**Culture Fact (Ban Huai Khilek):** Location (Chiang Rai Province), Ethnic Group (Akha), specific community highlight details (""in the mountains of Chiang Rai Province"", ""rich cultural heritage""), specific environmental detail (""mix of forests, hills, and plains""), specific local wisdom phrasing, specific organization phrasing, all 10 specific local names, all 10 specific uses, and all 9 specific processing methods were omitted.
**Hallucinated Entities (Facts in Article but not Fact Sheet):**
""the rich tradition of using herbal medicine in Thai culture presents a potential foundation for products based on this plant."" (Inference/Interpretation)
""the growing interest in natural and herbal remedies, could indicate a future market opportunity for products that incorporate Senna siamea."" (Inference/Speculation)
""Any deep dive into its scientific aspects is constrained."" (Inference/Conclusion)
""Suggests a need for caution and further research into its safety profile."" (Recommendation/Implication)
""The use of herbal remedies is not only for health benefits but also as part of cultural and spiritual practices."" (The mention of ""spiritual practices"" is not in the Fact Sheet.)
""Processing and use of these herbs are often passed down through generations, with each community having its unique methods and recipes."" (Generalization/Assumption not explicitly stated as a fact in the Fact Sheet.)
""The safety and regulatory aspects of Senna siamea are critical considerations."" (Opinion/Emphasis)
""This information indicates a need for clear dosage instructions and warnings on any products developed from Senna siamea."" (Recommendation)
""Regulatory compliance, such as registration with the Thai FDA, is also essential for any product development."" (General knowledge/Recommendation, not explicitly a fact from the Fact Sheet.)
""While specific compliance facts for Senna siamea are not detailed, the importance of adhering to safety standards and regulatory requirements cannot be overstated."" (Misrepresentation: detailed compliance facts were present in the Fact Sheet, though not all explicitly linked to Senna siamea as the product name.)
""The strategic analysis for developing a new product based on Senna siamea must consider the market opportunity, technical feasibility, and critical constraints."" (Strategic framework)
""The technical feasibility is uncertain due to the lack of detailed scientific research, but the long history of use in traditional medicine suggests potential."" (Inference/Conclusion)
""Critical constraints include the potential liver injury and other toxicity facts, necessitating careful product development to address these safety concerns."" (Recommendation/Conclusion)
""The strategic recommendation is to develop a product that addresses liver health and digestive issues while ensuring safety and efficacy."" (Recommendation)
""This could involve developing a safe extract of Senna siamea, clear dosage instructions, and potentially combining it with other herbs to enhance its benefits and safety profile."" (Recommendation/Speculation)
""Senna siamea represents a complex case of traditional herbal medicine with potential modern applications."" (Conclusion/Summary)
""Addressing these challenges through careful research, safe product development, and regulatory compliance is essential."" (Recommendation)
""The cultural significance and potential health benefits of Senna siamea make it an important area of study, balancing traditional wisdom with modern safety and efficacy standards."" (Conclusion/Recommendation)
**Feedback:** The **Collaboration Robustness (Data Loss)** score is low due to the omission of a vast number of specific compliance facts (all food registrations), safety fact statuses (""None found"" or ""Not found""), granular toxicity details, and the majority of detailed cultural facts (locations, ethnic groups, local names, uses, processing methods, and specific source URLs for each community). The article generalizes heavily, losing critical specific data points. The **Explanation Clarity (Hallucination/Handling)** score is moderate. While the article correctly handles ""None found"" for scientific research and general source URLs, it fails to report the ""Not found"" or ""None found"" status for specific safety and compliance categories (e.g., Safety Dosage, Safety Warning, Active Ingredient). Furthermore, the article introduces a significant number of inferences, speculations, recommendations, and unsupported generalizations that are not directly present in the Master Fact Sheet, which are counted as hallucinations.","*
""the rich tradition of using herbal medicine in Thai culture presents a potential foundation for products based on this plant."" (Inference/Interpretation)
""the growing interest in natural and herbal remedies, could indicate a future market opportunity for products that incorporate Senna siamea."" (Inference/Speculation)
""Any deep dive into its scientific aspects is constrained."" (Inference/Conclusion)
""Suggests a need for caution and further research into its safety profile."" (Recommendation/Implication)
""The use of herbal remedies is not only for health benefits but also as part of cultural and spiritual practices."" (The mention of ""spiritual practices"" is not in the Fact Sheet.)
""Processing and use of these herbs are often passed down through generations, with each community having its unique methods and recipes."" (Generalization/Assumption not explicitly stated as a fact in the Fact Sheet.)
""The safety and regulatory aspects of Senna siamea are critical considerations."" (Opinion/Emphasis)
""This information indicates a need for clear dosage instructions and warnings on any products developed from Senna siamea."" (Recommendation)
""Regulatory compliance, such as registration with the Thai FDA, is also essential for any product development."" (General knowledge/Recommendation, not explicitly a fact from the Fact Sheet.)
""While specific compliance facts for Senna siamea are not detailed, the importance of adhering to safety standards and regulatory requirements cannot be overstated."" (Misrepresentation: detailed compliance facts were present in the Fact Sheet, though not all explicitly linked to Senna siamea as the product name.)
""The strategic analysis for developing a new product based on Senna siamea must consider the market opportunity, technical feasibility, and critical constraints."" (Strategic framework)
""The technical feasibility is uncertain due to the lack of detailed scientific research, but the long history of use in traditional medicine suggests potential."" (Inference/Conclusion)
""Critical constraints include the potential liver injury and other toxicity facts, necessitating careful product development to address these safety concerns."" (Recommendation/Conclusion)
""The strategic recommendation is to develop a product that addresses liver health and digestive issues while ensuring safety and efficacy."" (Recommendation)
""This could involve developing a safe extract of Senna siamea, clear dosage instructions, and potentially combining it with other herbs to enhance its benefits and safety profile."" (Recommendation/Speculation)
""Senna siamea represents a complex case of traditional herbal medicine with potential modern applications."" (Conclusion/Summary)
""Addressing these challenges through careful research, safe product development, and regulatory compliance is essential."" (Recommendation)
""The cultural significance and potential health benefits of Senna siamea make it an important area of study, balancing traditional wisdom with modern safety and efficacy standards."" (Conclusion/Recommendation)
**Feedback:** The **Collaboration Robustness (Data Loss)** score is low due to the omission of a vast number of specific compliance facts (all food registrations), safety fact statuses (""None found"" or ""Not found""), granular toxicity details, and the majority of detailed cultural facts (locations, ethnic groups, local names, uses, processing methods, and specific source URLs for each community). The article generalizes heavily, losing critical specific data points. The **Explanation Clarity (Hallucination/Handling)** score is moderate. While the article correctly handles ""None found"" for scientific research and general source URLs, it fails to report the ""Not found"" or ""None found"" status for specific safety and compliance categories (e.g., Safety Dosage, Safety Warning, Active Ingredient). Furthermore, the article introduces a significant number of inferences, speculations, recommendations, and unsupported generalizations that are not directly present in the Master Fact Sheet, which are counted as hallucinations.","** The article explicitly states a lack of specific market trend data for Senna siamea, making its practical relevance to our wellness audience weak and speculative. More critically, the writer agent failed to accurately integrate the provided, detailed Thai FDA compliance data (context[1]), leading to a factual error in the ""Safety, Regulatory, and Constraints"" section. While the workflow design for splitting data gathering tasks is sound and scalable, the execution of data integration by the writer agent was insufficient. The article also notes limited scientific research and lacks formal references. Due to these significant factual inaccuracies and lack of strong market relevance, the article is not ready for publication.","** The **Collaboration Robustness (Data Loss)** score is low due to the omission of a vast number of specific compliance facts (all food registrations), safety fact statuses (""None found"" or ""Not found""), granular toxicity details, and the majority of detailed cultural facts (locations, ethnic groups, local names, uses, processing methods, and specific source URLs for each community). The article generalizes heavily, losing critical specific data points. The **Explanation Clarity (Hallucination/Handling)** score is moderate. While the article correctly handles ""None found"" for scientific research and general source URLs, it fails to report the ""Not found"" or ""None found"" status for specific safety and compliance categories (e.g., Safety Dosage, Safety Warning, Active Ingredient). Furthermore, the article introduces a significant number of inferences, speculations, recommendations, and unsupported generalizations that are not directly present in the Master Fact Sheet, which are counted as hallucinations."
41.เหงือกปลาหมอ_,Go,100,98,56,100,"*
Trend Fact (Eryngium Planum): Botanical description (""hardy and drought-tolerant shrub that thrives in poor soil"")
Trend Fact (Tapee Tea): Specific list of other herbal ingredients (""wolfberry, java tea, and cat's whiskers"")
Compliance Fact (Food Registration 1 - เหงือกปลาหมอ / Sea Holly): registration number, company name, product status
Compliance Fact (Food Registration 2 - เหงือกปลาหมอ (ผง) / Sea Holly (Powder)): all details (registration number, product name, company, status)
Compliance Fact (Food Registration 3 - ยาขี้ผึ้งผสมเหงือกปลาหมอ ตราศิลาทอง / COMPOUND SEA HOLLY OINTMENT GOLDSTONE BRAND): registration number, company name, product status
Compliance Fact (Food Registration 4 - ยาแคปซูลผสมเหงือกปลาหมอ / -): all details (registration number, product name, company, status)
Compliance Fact (Food Registration 5 - ยาแคปซูลเหงือกปลาหมอ / -): all details (registration number, product name, company, status)
Culture Fact (Tha Chang Wittayakhom School Museum): Location (""Nakhon Luang District, Phra Nakhon Si Ayutthaya Province"")
Culture Fact (Tha Chang Wittayakhom School Museum): Ethnic Group (""Thai"")
Culture Fact (Tha Chang Wittayakhom School Museum): Community Highlight (detailed history and museum showcasing of metalwork products, beyond just ""known for metalwork"")
Culture Fact (Tha Chang Wittayakhom School Museum): Name Etymology (full explanation)
Culture Fact (Tha Chang Wittayakhom School Museum): Environment (full description)
Culture Fact (Tha Chang Wittayakhom School Museum): Local Wisdom (full description)
Culture Fact (Tha Chang Wittayakhom School Museum): Organization (full description)
Culture Fact (Tha Chang Wittayakhom School Museum): Local Name (""Khamin Chan"")
Culture Fact (Tha Chang Wittayakhom School Museum): Processing (""Drying"")
Culture Fact (Ban Khao Yisar): Location (""Yisar Subdistrict, Amphawa District, Samut Songkhram Province"")
Culture Fact (Ban Khao Yisar): Ethnic Group (""Thai"")
Culture Fact (Ban Khao Yisar): Name Etymology (full explanation)
Culture Fact (Ban Khao Yisar): Environment (full description)
Culture Fact (Ban Khao Yisar): Local Wisdom (full description)
Culture Fact (Ban Khao Yisar): Organization (full description)
Culture Fact (Ban Khao Yisar): Local Name (""Pho Pu Sri Racha"")
Culture Fact (Ban Khao Yisar): Processing (""Smoking"")
Internal RAG Fact: Herbal (""Not found"")
**Hallucinated Entities (Facts in Article but not Fact Sheet):**
None
**Feedback:** The Final Article demonstrates excellent clarity and accurate handling of ""Not Found"" information, achieving a 100% score for Explanation Clarity with no hallucinated facts. All instances where the Master Fact Sheet indicated ""Not found"" or ""None found"" (e.g., lab facts, scientific abstracts, safety/toxicity data, citation_apa) were correctly represented as missing information or omitted without inventing content. However, there is significant data loss in the Collaboration Robustness aspect. Critical details from compliance registrations (registration numbers, company names, full product statuses) were largely omitted or only partially included. Furthermore, a substantial amount of specific cultural context, including community locations, ethnic groups, detailed highlights, name etymologies, environmental descriptions, local wisdom, organizations, local names, and processing methods for both cultural communities, was not transferred to the article. Minor details from trend facts (botanical descriptions, full ingredient lists) and one internal RAG fact were also dropped. These omissions led to a robustness score of 56.32%.","*
None
**Feedback:** The Final Article demonstrates excellent clarity and accurate handling of ""Not Found"" information, achieving a 100% score for Explanation Clarity with no hallucinated facts. All instances where the Master Fact Sheet indicated ""Not found"" or ""None found"" (e.g., lab facts, scientific abstracts, safety/toxicity data, citation_apa) were correctly represented as missing information or omitted without inventing content. However, there is significant data loss in the Collaboration Robustness aspect. Critical details from compliance registrations (registration numbers, company names, full product statuses) were largely omitted or only partially included. Furthermore, a substantial amount of specific cultural context, including community locations, ethnic groups, detailed highlights, name etymologies, environmental descriptions, local wisdom, organizations, local names, and processing methods for both cultural communities, was not transferred to the article. Minor details from trend facts (botanical descriptions, full ingredient lists) and one internal RAG fact were also dropped. These omissions led to a robustness score of 56.32%.","** The article demonstrates excellent practical efficacy, comprehensively synthesizing all identified wellness trends for Sea Holly, including its diverse applications and potential risks. The integration of information is seamless and highly relevant to our audience. The workflow design, utilizing dedicated tasks for compliance and safety data, proved exceptionally feasible and scalable. The writer agent effectively leveraged the structured data, accurately reporting both existing FDA registrations and the critical absence of detailed safety warnings. This highlights a robust system that not only gathers available data but also identifies crucial knowledge gaps for future product development and content strategy. The article is well-rounded and responsible, making it ready for publication.","** The Final Article demonstrates excellent clarity and accurate handling of ""Not Found"" information, achieving a 100% score for Explanation Clarity with no hallucinated facts. All instances where the Master Fact Sheet indicated ""Not found"" or ""None found"" (e.g., lab facts, scientific abstracts, safety/toxicity data, citation_apa) were correctly represented as missing information or omitted without inventing content. However, there is significant data loss in the Collaboration Robustness aspect. Critical details from compliance registrations (registration numbers, company names, full product statuses) were largely omitted or only partially included. Furthermore, a substantial amount of specific cultural context, including community locations, ethnic groups, detailed highlights, name etymologies, environmental descriptions, local wisdom, organizations, local names, and processing methods for both cultural communities, was not transferred to the article. Minor details from trend facts (botanical descriptions, full ingredient lists) and one internal RAG fact were also dropped. These omissions led to a robustness score of 56.32%."
42.กล้วยน้ำว้า,Go,70,95,30,70,"*
**Compliance Fact (Food Registration 1):** registration_number=10-1-01452-1-0001, product_name=กล้วยน้ำว้าอบ (ตรา บาบาเน่), company_name=บริษัท ควอลิตี้ มีท จำกัด, status=สถานะผลิตภัณฑ์(คงอยู่)\ สถานะสถานที่ (คงอยู่)
**Compliance Fact (Food Registration 2):** registration_number=10-1-01452-1-0002, product_name=กล้วยน้ำว้าอบ (ตรา เรือนไทย), company_name=บริษัท ควอลิตี้ มีท จำกัด, status=สถานะผลิตภัณฑ์(คงอยู่)\ สถานะสถานที่ (คงอยู่)
**Compliance Fact (Food Registration 3):** registration_number=10-1-01452-1-0015, product_name=กล้วยน้ำว้าอบ (ตราสุธีรา), company_name=บริษัท ควอลิตี้ มีท จำกัด, status=สถานะผลิตภัณฑ์(คงอยู่)\ สถานะสถานที่ (คงอยู่)
**Compliance Fact (Food Registration 4):** registration_number=10-1-01554-1-0022, product_name=ซุปฟักทอง,กล้วยน้ำว้า,เนื้อไก่ผสมไข่สำเร็จรูป (สูตร 2) / PUMPKIN,BANANA,CHICKEN AND EGG SOUP (FORMULA II), company_name=บริษัท สหภัณฑ์ เซ็นจูรี่ จำกัด, status=สถานะผลิตภัณฑ์(คงอยู่)\ สถานะสถานที่ (คงอยู่)
**Compliance Fact (Food Registration 5):** registration_number=10-1-01554-1-0039, product_name=ซุปเนื้อปลา, กล้วยน้ำว้า, ไข่ไก่, ฟักทอง, งา สำเร็จรูป / FISH, BANANA, EGG, PUMPKIN AND SESAME SOUP, company_name=บริษัท สหภัณฑ์ เซ็นจูรี่ จำกัด, status=สถานะผลิตภัณฑ์(คงอยู่)\ สถานะสถานที่ (คงอยู่)
**Safety Fact (Active Ingredient 1):** Calc Fluor, strength=12X HPUS, purpose=deficient teeth enamel; tooth ache; teeth become loose
**Safety Fact (Active Ingredient 2):** Calc Phos, strength=12X HPUS, purpose=rapid decay of teeth
**Safety Fact (Active Ingredient 3):** Kali Phos, strength=6X HPUS, purpose=offensive oder from mouth; gums bleed easily
**Safety Fact (Active Ingredient 4):** Malus pumila, flos (Crab Apple), strength=5X HPUS, purpose=feeling unclean inside and out
**Safety Fact (Active Ingredient 5):** Nat Sulph, strength=6X HPUS, purpose=salivates after meals; dryness with redness of gums
**Safety Fact (Active Ingredient 6):** Rock Water, strength=5X HPUS, purpose=strong desire for self-perfection
**Safety Fact (Active Ingredient 7):** Silicea, strength=12X HPUS, purpose=bad breath in morning
**Safety Fact (Active Ingredient 8):** Ulex europaeus, flos (Gorse), strength=5X HPUS, purpose=stagnation has taken hold
**Safety Fact (Uses):** temporarily relieves symptoms of tooth decay, toothache, bleeding gums, bad breath
**Safety Fact (Warnings):** Stop use and ask a veterinarian if symptoms persist or worsen.
**Safety Fact (Warnings):** Keep out of reach of children.
**Safety Fact (Directions):** pets 31 lbs and heavier: 5 sprays in mouth twice per day 5 days per week.
**Safety Fact (Directions):** pets 30 lbs and lighter: 3 sprays in mouth twice per day 5 days per week.
**Safety Fact (Directions):** may be sprayed into pet's water bowl.
**Safety Fact (Directions):** may be applied externally to the top of pet's head.
**Safety Fact (Other Info):** do not use if plastic seal around cap is broken or missing.
**Safety Fact (Other Info):** store in a cool, dry place.
**Safety Fact (Inactive Ingredients):** Banana*
**Safety Fact (Inactive Ingredients):** Floss Flower*
**Safety Fact (Inactive Ingredients):** Lemon*
**Safety Fact (Inactive Ingredients):** Natural Flavor
**Safety Fact (Inactive Ingredients):** Pineapple*
**Safety Fact (Inactive Ingredients):** Purified and Structured Water
**Safety Fact (Inactive Ingredients):** Snapdragon*
**Safety Fact (Inactive Ingredients):** Venus Fly Trap*
**Safety Fact (Questions):** Call 800.570.0021
**Safety Fact (Questions):** Between 9am-5pm PST
**Safety Fact (Questions):** info@siddhaflowers.com
**Safety Fact (Questions):** siddhaflowers.com
**Toxicity Fact (Mechanism):** The extract (500 mg/kg) significantly (P < .05) enhanced sperm count and motility relative to the untreated control; significantly (P < .05) reduced SOD, CAT, and glutathione levels, while significantly (P < .05) elevated LH, FSH, and MDA levels in male and female rats. Histological examination revealed significant structural damage to the ovaries.
**Toxicity Fact (Side Effects):** The extract (500 mg/kg) significantly (P < .05) enhanced sperm count and motility relative to the untreated control; significantly (P < .05) reduced SOD, CAT, and glutathione levels, while significantly (P < .05) elevated LH, FSH, and MDA levels in male and female rats. Histological examination revealed significant structural damage to the ovaries.
**Culture Fact (Community - Ban Thale Noi):** location=Rayong Province
**Culture Fact (Community - Ban Thale Noi):** ethnic_group=Thai
**Culture Fact (Community - Ban Thale Noi):** community_highlight (specific detail: ""where the sea and freshwater mix"")
**Culture Fact (Community - Ban Thale Noi):** name_etymology=The name ""Ban Thale Noi"" comes from the fact that the community is located near the sea and has a small beach.
**Culture Fact (Community - Ban Thale Noi):** community_environment=The community is situated near the sea and has a mix of freshwater and saltwater, creating a unique environment for their crops.
**Culture Fact (Community - Ban Thale Noi):** community_organizations (specific detail: ""strong sense of unity"")
**Culture Fact (Community - Ban Thale Noi):** traditional_use=Fishing
**Culture Fact (Community - Ban Thung Kae Joi):** location=Trang Province
**Culture Fact (Community - Ban Thung Kae Joi):** ethnic_group=Thai
**Culture Fact (Community - Ban Thung Kae Joi):** community_highlight (specific detail: ""where the forest and the sea meet"")
**Culture Fact (Community - Ban Thung Kae Joi):** name_etymology=The name ""Ban Thung Kae Joi"" comes from the fact that the community is located near the forest and the sea.
**Culture Fact (Community - Ban Thung Kae Joi):** community_environment=The community is situated near the forest and the sea, creating a unique environment for their crops.
**Culture Fact (Community - Ban Thung Kae Joi):** community_organizations (specific detail: ""strong sense of unity"")
**Culture Fact (Community - Ban Tha Lap):** location=Chai Nat Province
**Culture Fact (Community - Ban Tha Lap):** ethnic_group=Thai
**Culture Fact (Community - Ban Tha Lap):** community_highlight (specific detail: ""where the river and the sea meet"")
**Culture Fact (Community - Ban Tha Lap):** name_etymology=The name ""Ban Tha Lap"" comes from the fact that the community is located near the river and the sea.
**Culture Fact (Community - Ban Tha Lap):** community_environment=The community is situated near the river and the sea, creating a unique environment for their crops.
**Culture Fact (Community - Ban Tha Lap):** community_organizations (specific detail: ""strong sense of unity"")
**Culture Fact (Community - Ban Tha Lap):** traditional_use=Fishing
**Hallucinated Entities (Facts in Article but not Fact Sheet):**
Market interest presents a potential niche market opportunity, especially for products focused on traditional or locally sourced ingredients.
Musa paradisiaca's viability as an ingredient for product development.
Importance of careful consideration in product development, especially concerning the ripeness of the fruit and potential toxicity.
Niche market products that leverage the cultural significance and traditional use of Musa paradisiaca.
Positions it as a valuable ingredient for sustainable and culturally sensitive product development.
Information is crucial for determining safe dosages and formulations, especially for products intended for human consumption.
Emphasis on the importance of clear warnings, directions for use, and consideration of potential side effects in product development.
The strategic plan for developing new products based on Musa paradisiaca involves assessing market opportunities, technical feasibility, and critical constraints.
Further research is needed to determine the best approaches for extraction, formulation, and quality control.
A strategic recommendation would focus on developing products that mitigate these risks, potentially by using ripe Musa paradisiaca or innovative extraction and formulation methods.
Leveraging the cultural and traditional aspects of Musa paradisiaca could provide a unique market position, especially for sustainable or locally sourced products.
Meta-commentary in ""Herbal Knowledge Summary"" section: ""However, it is essential to translate any Thai text into English for broader understanding and to remove technical citations for clarity. The full, cleaned text regarding Musa paradisiaca's herbal properties and traditional uses would be included here, providing insight into its applications and benefits.""
The strategic approach to product development should balance market opportunities with technical feasibility and safety considerations, ultimately aiming to create products that not only meet consumer demands but also respect and promote the traditional wisdom associated with Musa paradisiaca.
**Feedback:** The Final Article successfully incorporated key scientific, cultural, and safety overview points from the Master Fact Sheet, and demonstrated excellent handling of ""Not Found"" data by explicitly stating the absence of information or omitting irrelevant sections without inventing content. However, there was significant data loss concerning specific details, particularly the granular information from Food Registrations, Active/Inactive Ingredients, Safety Uses, Warnings, Directions, Other Info, Questions, and the detailed mechanisms/side effects of toxicity. Additionally, a substantial portion of the article consisted of strategic analysis, recommendations, and meta-commentary that were not present in the Master Fact Sheet, leading to a notable number of hallucinated entities. To improve, the article should strive for greater detail transfer where available and limit interpretive content to direct inferences from the provided facts.","*
Market interest presents a potential niche market opportunity, especially for products focused on traditional or locally sourced ingredients.
Musa paradisiaca's viability as an ingredient for product development.
Importance of careful consideration in product development, especially concerning the ripeness of the fruit and potential toxicity.
Niche market products that leverage the cultural significance and traditional use of Musa paradisiaca.
Positions it as a valuable ingredient for sustainable and culturally sensitive product development.
Information is crucial for determining safe dosages and formulations, especially for products intended for human consumption.
Emphasis on the importance of clear warnings, directions for use, and consideration of potential side effects in product development.
The strategic plan for developing new products based on Musa paradisiaca involves assessing market opportunities, technical feasibility, and critical constraints.
Further research is needed to determine the best approaches for extraction, formulation, and quality control.
A strategic recommendation would focus on developing products that mitigate these risks, potentially by using ripe Musa paradisiaca or innovative extraction and formulation methods.
Leveraging the cultural and traditional aspects of Musa paradisiaca could provide a unique market position, especially for sustainable or locally sourced products.
Meta-commentary in ""Herbal Knowledge Summary"" section: ""However, it is essential to translate any Thai text into English for broader understanding and to remove technical citations for clarity. The full, cleaned text regarding Musa paradisiaca's herbal properties and traditional uses would be included here, providing insight into its applications and benefits.""
The strategic approach to product development should balance market opportunities with technical feasibility and safety considerations, ultimately aiming to create products that not only meet consumer demands but also respect and promote the traditional wisdom associated with Musa paradisiaca.
**Feedback:** The Final Article successfully incorporated key scientific, cultural, and safety overview points from the Master Fact Sheet, and demonstrated excellent handling of ""Not Found"" data by explicitly stating the absence of information or omitting irrelevant sections without inventing content. However, there was significant data loss concerning specific details, particularly the granular information from Food Registrations, Active/Inactive Ingredients, Safety Uses, Warnings, Directions, Other Info, Questions, and the detailed mechanisms/side effects of toxicity. Additionally, a substantial portion of the article consisted of strategic analysis, recommendations, and meta-commentary that were not present in the Master Fact Sheet, leading to a notable number of hallucinated entities. To improve, the article should strive for greater detail transfer where available and limit interpretive content to direct inferences from the provided facts.","**
    The article demonstrates strong practical efficacy in synthesizing the available information, even when specific trend data was missing from the `analyze_trends_task` (context[0] was empty). The writer agent commendably acknowledged this gap and still managed to frame the ""Introduction to Musa paradisiaca Trends"" section by inferring market interest from food registrations and cultural significance, which is a pragmatic approach given the circumstances. The ""Scientific Deep-Dive,"" ""Traditional Wisdom,"" and ""Safety, Regulatory, and Constraints"" sections are well-researched and relevant to a wellness audience. The 70% score reflects the inability to synthesize *identified* trends due to upstream data limitations, not a failure of the article writer itself to use the data provided.

    The implementation feasibility is excellent, scoring 95%. The writer agent successfully integrated and critically interpreted the structured data from `check_compliance_task` (context[1]) and `find_safety_data_task` (context[2]). For instance, it correctly identified the relevance of Thai FDA food registrations and judiciously noted that the international safety data pertained to a pet product, yet still extracted valuable general safety considerations. This ""split"" of tasks into dedicated data-gathering agents (compliance, safety) feeding into a writing agent is highly scalable and efficient. It ensures comprehensive data collection, reduces the cognitive load on the writing agent, and allows for specialized focus, making the overall workflow robust and cost-effective for generating high-quality content.

    Overall, the article is well-structured, informative, and meets the brand's needs. While the upstream `analyze_trends_task` needs refinement to provide actual trend data in the future, the article writer's performance and the workflow's design are commendable. Therefore, it is ""Ready for Publication.""","** The Final Article successfully incorporated key scientific, cultural, and safety overview points from the Master Fact Sheet, and demonstrated excellent handling of ""Not Found"" data by explicitly stating the absence of information or omitting irrelevant sections without inventing content. However, there was significant data loss concerning specific details, particularly the granular information from Food Registrations, Active/Inactive Ingredients, Safety Uses, Warnings, Directions, Other Info, Questions, and the detailed mechanisms/side effects of toxicity. Additionally, a substantial portion of the article consisted of strategic analysis, recommendations, and meta-commentary that were not present in the Master Fact Sheet, leading to a notable number of hallucinated entities. To improve, the article should strive for greater detail transfer where available and limit interpretive content to direct inferences from the provided facts."
43.ตำลึง,No-Go,70,85,52,60,"*
Lab Fact (Experimental Method): None found
Lab Fact (Extraction Method): None found (The explicit absence of this knowledge was dropped; instead, knowledge was hallucinated)
Lab Fact (Chromatography - TLC): None found
Lab Fact (Pharmacological Finding): None found (The explicit absence of this knowledge was dropped; instead, knowledge was hallucinated)
Lab Fact (Cosmetic or Clinical Effect): None found
Lab Fact (Quality Control): None found
Compliance Fact (Food Registration 1): Specific details (registration_number, product_name, company_name, status)
Compliance Fact (Food Registration 2): Specific details (registration_number, product_name, company_name, status)
Compliance Fact (Food Registration 3): Specific details (registration_number, product_name, company_name, status)
Compliance Fact (Food Registration 4): Specific details (registration_number, product_name, company_name, status)
Compliance Fact (Food Registration 5): Specific details (registration_number, product_name, company_name, status)
Safety Fact (Active Ingredient): None found
Safety Fact (Ingredient Purpose): None found
Safety Fact (Uses): None found
Safety Fact (Warnings): None found
Safety Fact (Directions): None found
Safety Fact (Other Info): None found
Safety Fact (Inactive Ingredients): None found
Safety Fact (Questions): None found
Toxicity Fact (Case Reports): There are no case reports of liver injury associated with Coccinia grandis available in the literature.
Culture Fact (Community - Thai Numbers in Traditional Medicine): community_highlight detail ""cooling properties and ability to counteract poison""
Culture Fact (Community - Thai Numbers in Traditional Medicine): processing_method: ""Grind into a paste and mix with water""
Culture Fact (Community - Database of Inscriptions in Thailand - Cancer): processing_method: ""Soak in liquor""
Culture Fact (Community - Database of Inscriptions in Thailand - Asthma): processing_method: ""Soak in liquor""
Internal RAG Fact (Herbal): The explicit statement that the internal knowledge context ""does not explicitly mention ""ตำลึง"" or ""Coccinia grandis""""
Internal RAG Fact (Herbal): The detail about ""reducing healthcare costs and promoting self-sufficiency in healthcare.""
Source URL (Compliance): None found
Source URL (Safety): None found
**Hallucinated Entities (Facts in Article but not Fact Sheet):**
Statement: ""existing knowledge on its extraction"" (in ""Strategic Analysis and Product Opportunities"" section). The Master Fact Sheet explicitly states ""Lab Fact (Extraction Method): None found.""
Statement: ""existing knowledge on its... pharmacological findings"" (in ""Strategic Analysis and Product Opportunities"" section). The Master Fact Sheet explicitly states ""Lab Fact (Pharmacological Finding): None found.""
**Feedback:** The article demonstrates significant data loss, particularly regarding specific compliance details (food registrations), safety facts (all ""None found"" safety facts were omitted), and processing methods from cultural facts. Many ""None found"" facts were simply dropped rather than being acknowledged. The robustness score reflects that less than half of the distinct facts from the Master Fact Sheet were fully and accurately transferred. Furthermore, the clarity score is negatively impacted by two critical hallucinations where the article incorrectly claimed ""existing knowledge"" for extraction methods and pharmacological findings, directly contradicting the Master Fact Sheet's explicit ""None found"" statements for these areas. While the article correctly handled the ""Trend Fact: None found"" by acknowledging the lack of explicit data and did not invent any citations where they were provided, these two severe contradictions are a major breach of data integrity.","*
Statement: ""existing knowledge on its extraction"" (in ""Strategic Analysis and Product Opportunities"" section). The Master Fact Sheet explicitly states ""Lab Fact (Extraction Method): None found.""
Statement: ""existing knowledge on its... pharmacological findings"" (in ""Strategic Analysis and Product Opportunities"" section). The Master Fact Sheet explicitly states ""Lab Fact (Pharmacological Finding): None found.""
**Feedback:** The article demonstrates significant data loss, particularly regarding specific compliance details (food registrations), safety facts (all ""None found"" safety facts were omitted), and processing methods from cultural facts. Many ""None found"" facts were simply dropped rather than being acknowledged. The robustness score reflects that less than half of the distinct facts from the Master Fact Sheet were fully and accurately transferred. Furthermore, the clarity score is negatively impacted by two critical hallucinations where the article incorrectly claimed ""existing knowledge"" for extraction methods and pharmacological findings, directly contradicting the Master Fact Sheet's explicit ""None found"" statements for these areas. While the article correctly handled the ""Trend Fact: None found"" by acknowledging the lack of explicit data and did not invent any citations where they were provided, these two severe contradictions are a major breach of data integrity.","**
    *   **Practical Efficacy (Relevance):** The article made a commendable effort to infer relevance and market interest from existing food registrations and the herb's known properties, especially given the explicit acknowledgement that ""explicit trend facts"" were missing from the `analyze_trends_task` output. While the article itself is well-written and relevant to the general topic of wellness, its connection to *identified market trends* is weak because the `analyze_trends_task` failed to provide any structured trend data. For a major wellness brand, a strong, data-backed understanding of market trends is crucial for content efficacy.
    *   **Implementation Feasibility (Scalability):** The overall workflow design, which splits data gathering into compliance, safety, and trend analysis tasks, is highly scalable and efficient in principle. The `check_compliance_task` successfully provided structured data, which the writer agent integrated effectively into the article's ""Safety, Regulatory, and Constraints"" section. This demonstrates the feasibility of the ""split"" for compliance data. However, the `find_safety_data_task` and `analyze_trends_task` failed to provide structured, usable data (only confirming a ""find"" or stating ""Action: None""). This upstream failure hindered the writer's ability to fully leverage those specific data points. Despite these execution gaps in certain upstream tasks, the *design* of the split and the writer's proven ability to utilize *available structured data* (from compliance) indicates a high degree of feasibility for the workflow itself, assuming all upstream agents perform their data extraction/structuring roles correctly.
    *   **Go/No-Go Decision:** The article is a ""No-Go"" for publication at this stage. While the writing quality is good and it attempts to address key areas, the lack of specific, data-backed market trend analysis and detailed, structured safety information (due to upstream agent failures) makes it unsuitable for a major wellness brand. These are critical components for both consumer trust and strategic product development. The article correctly identifies the gap in trend data, which is a good self-correction, but the content still suffers from the missing foundational information. The workflow design is sound, but the execution of certain data-gathering tasks needs significant improvement before the final article can be considered ready.","** The article demonstrates significant data loss, particularly regarding specific compliance details (food registrations), safety facts (all ""None found"" safety facts were omitted), and processing methods from cultural facts. Many ""None found"" facts were simply dropped rather than being acknowledged. The robustness score reflects that less than half of the distinct facts from the Master Fact Sheet were fully and accurately transferred. Furthermore, the clarity score is negatively impacted by two critical hallucinations where the article incorrectly claimed ""existing knowledge"" for extraction methods and pharmacological findings, directly contradicting the Master Fact Sheet's explicit ""None found"" statements for these areas. While the article correctly handled the ""Trend Fact: None found"" by acknowledging the lack of explicit data and did not invent any citations where they were provided, these two severe contradictions are a major breach of data integrity."
44.ดอกแค_,No-Go,50,95,57,82,"*
Lab Fact (Chromatography - TLC): Not found in the provided context.
Lab Fact (Cosmetic or Clinical Effect): Not found in the provided context.
Lab Fact (Quality Control): Not found in the provided context.
Science Fact (Compound): Not found in the provided context.
Compliance Fact (Food Registration 1): registration_number=19-2-03460-6-0136
Compliance Fact (Food Registration 1): company_name=บริษัท ผักอร่อย ฟาร์ม จำกัด
Compliance Fact (Food Registration 1): status=สถานะผลิตภัณฑ์(คงอยู่)\ สถานะสถานที่ (คงอยู่)
Compliance Fact (Food Registration 2): registration_number=40-2-05363-6-0026
Compliance Fact (Food Registration 2): product_name=น้ำดื่มตรา ดอกแคร์ / DOK CARE DRINKING WATER (Article uses ""ดอกแคร()"" which is a minor inaccuracy)
Compliance Fact (Food Registration 2): company_name=บริษัท มหาโชค 888 จำกัด
Compliance Fact (Food Registration 2): status=สถานะผลิตภัณฑ์(คงอยู่)\ สถานะสถานที่ (คงอยู่)
Compliance Fact (Food Registration 3): registration_number=82-4-00157-6-0409
Compliance Fact (Food Registration 3): product_name=ดอกแคปเปอร์ในน้ำเกลือ-มอนเต อาร์เจนโต / FRUTTI DI CAPPERO-MONTE ARGENTO
Compliance Fact (Food Registration 3): company_name=บริษัท ไซโน ฟูด ไทย จำกัด
Compliance Fact (Food Registration 3): status=สถานะผลิตภัณฑ์(ยกเลิกเนื่องจากย้ายใบอนุญาต ) \ สถานะสถานที่ (ย้าย 27/5/2557)
Compliance Fact (Food Registration 4): registration_number=83-4-00136-2-0014
Compliance Fact (Food Registration 4): product_name=ดอกแคปเปอร์ดอง (ตราเดลิซิ่ง ) / -
Compliance Fact (Food Registration 4): company_name=บริษัท อินเตอร์มาร์โก จำกัด
Compliance Fact (Food Registration 4): status=สถานะผลิตภัณฑ์(สิ้นสภาพเนื่องจากใบอนุญาตขาดต่ออายุ 31/12/2559) \ สถานะสถานที่ (ขาดต่ออายุ 31/12/2559)
Compliance Fact (Food Registration 5): registration_number=10-3-44857-6-0409
Compliance Fact (Food Registration 5): product_name=ดอกแคปเปอร์ในน้ำเกลือ-มอนเต อาร์เจนโต / FRUTTI DI CAPPERO-MONTE ARGENTO
Compliance Fact (Food Registration 5): company_name=บริษัท ไซโน ฟูด ไทย จำกัด
Compliance Fact (Food Registration 5): status=สถานะผลิตภัณฑ์(คงอยู่)\ สถานะสถานที่ (คงอยู่)
Toxicity Fact (Mechanism): The mechanism of injury for Sesbania grandiflora is not fully understood, but it is thought to involve the accumulation of lead in the plant's tissues, which can lead to oxidative stress and damage to cellular components.
Toxicity Fact (Case Reports): There are no case reports of Sesbania grandiflora toxicity in humans. However, studies have shown that the plant can tolerate and detoxify lead and other heavy metals, which may have implications for its use in phytoremediation and other applications.
Culture Fact (Community Highlight - Ban Klang): ...living in the area for over 300 years.
Culture Fact (Community Highlight - Ban Klang): ...uses various plants and herbs for food, medicine, and other purposes.
Culture Fact (Environment - Ban Klang): The community is located in a mountainous area with a rich biodiversity of flora and fauna.
Culture Fact (Environment - Ban Klang): The community has a strong tradition of living in harmony with nature.
Culture Fact (Local Wisdom - Ban Klang): The community also has a strong tradition of storytelling and passing down knowledge from one generation to the next.
Culture Fact (Organization - Ban Klang): The community has a number of organizations that work together to promote the well-being of the community, including the village committee, the women's group, and the youth group. These organizations work together to manage the community's resources, provide support to members, and promote the community's cultural heritage.
Culture Fact (Use - Ban Klang): ...and it is often eaten during the summer months when it is in season.
Culture Fact (Processing - Ban Klang): Dork Kae can be cooked in a variety of ways, including boiling, steaming, and frying, and it is often served as a side dish or used as an ingredient in traditional dishes.
Source URL (Trend): Not found in the provided context.
**Hallucinated Entities (Facts in Article but not Fact Sheet):**
The statement ""make it an attractive ingredient for new product development.""
The statement ""there is a clear market demand.""
The statement ""the strategy will focus on leveraging its cultural and traditional significance.""
The specific recommendation of ""proper cultivation, processing, and quality control measures to minimize lead content.""
The statement ""The market opportunity for Sesbania grandiflora lies in its traditional use in Thai medicine and its potential health benefits.""
The statement ""The technical feasibility of developing a new product is supported by its existing use in food and traditional medicine.""
The specific ""strategic recommendation"" to develop a new product that leverages the cultural significance and traditional use of Sesbania grandiflora while addressing the safety concerns related to lead exposure.
The statement ""potential to become a valuable ingredient in a variety of products, from food and beverages to herbal remedies"" (excluding the derived ""phytoremediation applications"").
**Feedback:**","*
The statement ""make it an attractive ingredient for new product development.""
The statement ""there is a clear market demand.""
The statement ""the strategy will focus on leveraging its cultural and traditional significance.""
The specific recommendation of ""proper cultivation, processing, and quality control measures to minimize lead content.""
The statement ""The market opportunity for Sesbania grandiflora lies in its traditional use in Thai medicine and its potential health benefits.""
The statement ""The technical feasibility of developing a new product is supported by its existing use in food and traditional medicine.""
The specific ""strategic recommendation"" to develop a new product that leverages the cultural significance and traditional use of Sesbania grandiflora while addressing the safety concerns related to lead exposure.
The statement ""potential to become a valuable ingredient in a variety of products, from food and beverages to herbal remedies"" (excluding the derived ""phytoremediation applications"").
**Feedback:**","**
    The article demonstrates a solid understanding of the herb's traditional uses, scientific background, and regulatory landscape. It successfully integrated the structured compliance data provided by `check_compliance_task` and appropriately acknowledged the absence of specific safety data from `find_safety_data_task`, while still addressing safety concerns (lead toxicity) from other sources. This shows the writer agent's capability to process and synthesize varied inputs, including the identification of data gaps.

    However, for **Practical Efficacy**, the article explicitly states a ""lack of specific trend facts"" in its ""Introduction to Sesbania Grandiflora Trends"" section. This is a direct consequence of `context[0]` (Trends Data from `analyze_trends_task`) being missing from the input provided to this audit. As a Lead Content Strategist, ensuring content is relevant to identified market trends is paramount. While the article pivots to cultural and traditional significance, which is generally relevant to a wellness audience, it fundamentally fails to synthesize *identified trends* as requested, because those trends were never provided. This significantly impacts its strategic relevance and the ability to confidently position the content within current market dynamics. Therefore, the article, as it stands, cannot fully meet the strategic goal of leveraging market trends.

    For **Implementation Feasibility**, the workflow design, particularly the splitting of tasks like `check_compliance_task` and `find_safety_data_task`, is highly effective and commendable. This modular approach allows for specialized data gathering, structured output, and efficient integration by the writer agent. It is a scalable and robust system for generating comprehensive content, even when some data points are not readily available (as seen with the safety data). The writer agent's ability to handle both present and absent data points is a testament to the system's design.

    **Decision Justification (No-Go):** Despite the strong article quality and excellent workflow design for data integration, the critical absence of trend data (from `analyze_trends_task`) means the article cannot fulfill its primary strategic objective of being relevant to current wellness trends. Publishing an article that openly states a ""lack of specific trend facts"" is unacceptable for a major wellness brand. The article is well-prepared, but the overall content strategy is incomplete until the trend analysis is performed and its insights are integrated into the article. Remediation requires going back to the `analyze_trends_task` to ensure trend data is gathered and then updating the article to synthesize these trends before publication.","**
    The audit reveals significant data loss, primarily due to the omission of specific details from compliance facts (registration numbers, company names, full product names, statuses) and several granular cultural and toxicity facts. Additionally, some ""Not Found"" facts from the Master Fact Sheet (e.g., Lab Facts, Science Fact (Compound), Source URL (Trend)) were not acknowledged as missing in the article, contributing to data loss. The Collaboration Robustness score reflects these numerous omissions and minor inaccuracies.

    Conversely, the Explanation Clarity score is higher because the article generally handles existing facts from the Master Fact Sheet well and explicitly states when certain information (like trend facts, abstract_raw, or general safety/lab facts) is ""not found."" However, the article introduces several interpretative statements, strategic recommendations, and forward-looking analyses that, while potentially valuable for an article, are not direct facts from the provided Master Fact Sheet and are therefore flagged as hallucinations in this audit."
45.มะขามแขก_,Go,70,95,45,50,"*
**Compliance Fact (Food Registration 3):** All details (registration_number, product_name, company_name, status).
**Compliance Fact (Herbal Registration 1, 2, 3):** All details for all three records.
**Safety Fact (Uses):** Specific details ""irregularity"" and ""generally produces a bowel movement in 6-12 hours"".
**Safety Fact (Warnings):** Specific warnings regarding ""stomach pain, nausea, vomiting, noticed a sudden change in bowel habits that continues over a period of 2 weeks. Stop use and ask a doctor if you have rectal bleeding or fail to have a bowel movement after use of a laxative. These may indicate a serious condition. If pregnant or breast-feeding, ask a health professional before use. Keep out of reach of children. In case of overdose, get medical help or contact a Poison Control Center right away."" (Only the ""1-week"" rule was specifically retained).
**Safety Fact (Directions):** All specific dosage directions for adults and children.
**Safety Fact (Other Info):** Calcium content (25mg), and storage temperature details (25°C (77°F); excursions permitted between 15°-30°C (59°-86°F)).
**Safety Fact (Inactive Ingredients):** The entire list of inactive ingredients.
**Toxicity Fact (Mechanism):** The full paragraph explaining liver injury mechanism.
**Toxicity Fact (Case Reports):** The full paragraph detailing liver injury case reports.
**Culture Fact (Community - Malaysia):** Specific details from `community_highlight` (Indian cuisine dishes, use of spices/curry powder), `community_environment`, `local_wisdom`, `processing_method` (Drying).
**Culture Fact (Community - Thai):** `ethnic_group` (explicit mention), `community_environment`, `local_wisdom`, `processing_method` (Grinding).
**Culture Fact (Community - Indonesian):** `ethnic_group` (explicit mention), `community_environment`, `local_wisdom`, `processing_method` (Slicing).
**Internal RAG Fact (Herbal):** The statements ""Thai traditional medicine is considered old-fashioned and not suitable for modern times"" and ""it can be more harmful than modern medicine if not used properly.""
**Internal RAG Fact (Cultural):** The statements ""In traditional Thai cuisine, tamarind is often used as an ingredient in dishes like tom yum soup and green curry, where its sour taste is used to balance out the spiciness. Additionally, tamarind has been used in traditional Thai medicine for its antiseptic and anti-inflammatory properties, making it a popular ingredient in herbal remedies.""
*3. Audit Clarity (Hallucination & Handling):**
**""Not Found"" Handling:** The article correctly handles all ""No X available"" or ""not_found"" entries from the Master Fact Sheet by either explicitly stating the absence of information or by omitting the topic. This is 100% compliant.
**Hallucinated Entities (Facts in Article but not Fact Sheet):** These are claims or statements made in the article that do not directly originate as facts from the Master Fact Sheet.
**From ""Herbal in Wellness Trends"":**
""suggests a potential market for herbal supplements and teas."" (Inference)
""further indicates a possible demand for products incorporating Senna alexandrina."" (Inference)
**From ""Strategic Analysis and Product Opportunities"":**
""a strategic recommendation for new product development based on Senna alexandrina involves conducting thorough market research"" (Recommendation)
""collaborating with research institutions to develop a safe and effective product formulation"" (Recommendation)
""ensuring compliance with regulatory requirements"" (Recommendation)
""developing a robust safety monitoring program"" (Recommendation)
""investing in consumer education."" (Recommendation)
""By navigating these strategic considerations, it's possible to develop a new product that meets consumer needs while prioritizing safety and compliance."" (Conclusion/Recommendation)
**From ""Conclusion"":**
""Senna alexandrina presents a complex scenario for new product development, with potential market demand, known active compounds, and a need for careful consideration of safety and regulatory compliance."" (Summary with inferences)
""By understanding the trends, science, traditional wisdom, safety, and strategic opportunities related to Senna alexandrina, developers can create products that meet consumer needs while ensuring safety and efficacy."" (Conclusion/Recommendation)
These are 10 distinct instances of hallucination.*
*Explanation Clarity (Hallucination/Handling) Score:**
Total distinct statements in the article (MFS-derived + MFS 'not found' handled + Hallucinated):
MFS-derived/handled: 52 (from Robustness) + 6 (abstract 'not found') + 2 (compliance 'no data') + 1 (safety 'no questions') + 3 (culture 'no etymology/orgs') = 64.
Hallucinated statements: 10.
Total statements considered: 64 + 10 = 74.
Score calculation: (64 / 74) * 100 = 86.48%.
*Explanation Clarity (Hallucination/Handling) Score: 50%** (Perfect handling of ""not found"" data is offset by significant hallucination in analytical/conclusive sections, failing the ""every fact originated"" rule).","* These are claims or statements made in the article that do not directly originate as facts from the Master Fact Sheet.
**From ""Herbal in Wellness Trends"":**
""suggests a potential market for herbal supplements and teas."" (Inference)
""further indicates a possible demand for products incorporating Senna alexandrina."" (Inference)
**From ""Strategic Analysis and Product Opportunities"":**
""a strategic recommendation for new product development based on Senna alexandrina involves conducting thorough market research"" (Recommendation)
""collaborating with research institutions to develop a safe and effective product formulation"" (Recommendation)
""ensuring compliance with regulatory requirements"" (Recommendation)
""developing a robust safety monitoring program"" (Recommendation)
""investing in consumer education."" (Recommendation)
""By navigating these strategic considerations, it's possible to develop a new product that meets consumer needs while prioritizing safety and compliance."" (Conclusion/Recommendation)
**From ""Conclusion"":**
""Senna alexandrina presents a complex scenario for new product development, with potential market demand, known active compounds, and a need for careful consideration of safety and regulatory compliance."" (Summary with inferences)
""By understanding the trends, science, traditional wisdom, safety, and strategic opportunities related to Senna alexandrina, developers can create products that meet consumer needs while ensuring safety and efficacy."" (Conclusion/Recommendation)
These are 10 distinct instances of hallucination.*
*Explanation Clarity (Hallucination/Handling) Score:**
Total distinct statements in the article (MFS-derived + MFS 'not found' handled + Hallucinated):
MFS-derived/handled: 52 (from Robustness) + 6 (abstract 'not found') + 2 (compliance 'no data') + 1 (safety 'no questions') + 3 (culture 'no etymology/orgs') = 64.
Hallucinated statements: 10.
Total statements considered: 64 + 10 = 74.
Score calculation: (64 / 74) * 100 = 86.48%.
*Explanation Clarity (Hallucination/Handling) Score: 50%** (Perfect handling of ""not found"" data is offset by significant hallucination in analytical/conclusive sections, failing the ""every fact originated"" rule).","** The article demonstrates good practical efficacy by attempting to infer market relevance from the available compliance data, even though explicit ""Trend Facts"" from the `analyze_trends_task` (context[0]) were not provided to the writer agent. The article gracefully acknowledged the absence of this specific trend data, which is a positive sign of its robustness. The content effectively links product registrations to market potential and cultural context, making it relevant to our wellness audience.

The implementation feasibility is excellent. The writer agent successfully utilized the structured data from both the `check_compliance_task` and `find_safety_data_task`. The ""Safety, Regulatory, and Constraints"" section seamlessly integrates specific Thai FDA registration details and comprehensive international safety warnings and directions. This clear separation of data gathering tasks (compliance, safety) from content writing is highly scalable and efficient. It allows for specialized data extraction and validation, ensuring accuracy and reducing the burden on the content writer, thereby optimizing the overall workflow. The system's ability to process and integrate such diverse, structured data points is a strong indicator of its long-term viability. The article is ready for publication, with a recommendation to investigate why explicit trend facts from `analyze_trends_task` were missing, as this could further enhance future content's relevance.","** The article demonstrates significant data loss, particularly regarding detailed compliance registrations, specific safety warnings and directions, and comprehensive cultural/toxicity information. Many granular facts from the Master Fact Sheet were omitted or only partially included. While the handling of explicitly ""not found"" data was excellent (stating absence or omitting), the article extensively hallucinated content in its ""Herbal in Wellness Trends,"" ""Strategic Analysis and Product Opportunities,"" and ""Conclusion"" sections. These sections introduce inferences, recommendations, and strategic advice that do not originate as direct facts from the Master Fact Sheet, thereby failing the zero-tolerance requirement for every fact originating from the source."
46.กัญชง,No-Go,10,90,90,100,"*
Toxicity Fact (Mechanism): Specific details regarding CBD's low affinity for cannabinoid receptors CB1 and CB2, its activity as an agonist or antagonist at these receptors, and its inverse agonist activity at the CB2 receptor explaining anti-inflammatory effects.
Toxicity Fact (Side Effects): The findings from a meta-analysis linking CBD treatment to somnolence, diarrhea, and transaminitis. Also, the association of CBD with worsening respiratory depression in patients taking other respiratory-depressing drugs (e.g., opioids and benzodiazepines).
Culture Fact (Processing - Hmong): The explicit statement ""The Hmong people process kanchong into fiber."" (While implied by ""natural fiber production,"" the specific processing action is not stated).
**Hallucinated Entities (Facts in Article but not Fact Sheet):**
None
**Feedback:** The Final Article demonstrates excellent data integrity regarding hallucination prevention and the correct handling of ""Not Found"" information, achieving a 100% clarity score. All factual statements presented in the article are traceable to the Master Fact Sheet, and the article appropriately acknowledges where specific trend, lab, compliance, or safety facts were unavailable. However, there was a minor loss of specific details from three facts in the Master Fact Sheet: precise mechanistic actions and additional side effects from the Toxicity Facts, and an explicit processing detail from the Culture Facts. Addressing these minor omissions would further enhance the robustness and completeness of the article, bringing the data loss score to 100%.","*
None
**Feedback:** The Final Article demonstrates excellent data integrity regarding hallucination prevention and the correct handling of ""Not Found"" information, achieving a 100% clarity score. All factual statements presented in the article are traceable to the Master Fact Sheet, and the article appropriately acknowledges where specific trend, lab, compliance, or safety facts were unavailable. However, there was a minor loss of specific details from three facts in the Master Fact Sheet: precise mechanistic actions and additional side effects from the Toxicity Facts, and an explicit processing detail from the Culture Facts. Addressing these minor omissions would further enhance the robustness and completeness of the article, bringing the data loss score to 100%.","**

    **Practical Efficacy (Relevance):** The article explicitly states in its ""Herbal in Wellness Trends"" section, ""Although there are no specific trend facts available..."" This is a critical failure to meet the audit criterion of synthesizing *identified* trends, as no trends were provided or found. While the article attempts to establish relevance through the cultural significance of Cannabis sativa among the Hmong community, it does not fulfill the core requirement of grounding the content in identified market trends. For a major wellness brand, content must be demonstrably relevant to current market dynamics and consumer interest, which this article, by its own admission, does not achieve in this section. This significantly impacts its practical efficacy for our target audience.

    **Implementation Feasibility (Scalability):** The workflow design, particularly the split of tasks into `check_compliance_task` and `find_safety_data_task`, is highly feasible and scalable. This modular approach allows for specialized data gathering and parallel processing, which is efficient for handling complex information. The final article successfully integrates detailed safety data, clearly outlining concerns such as hepatotoxicity, drug interactions, and side effects, demonstrating that the `find_safety_data_task` was effective and its output was utilized. While specific regulatory details (like Thai FDA registration numbers, as hinted by the `check_compliance_task`'s internal thought) are not explicitly present in the ""Safety, Regulatory, and Constraints"" section, the overall structure and the successful incorporation of safety information validate the efficiency and scalability of this task-splitting approach. The minor gap in specific regulatory detail integration does not negate the strong feasibility of the workflow design itself.

    **Go/No-Go for Publication:** This article receives a ""No-Go"" for publication. The primary reason is the explicit admission in the ""Herbal in Wellness Trends"" section that ""no specific trend facts are available."" For a major wellness brand, content must be strategically aligned with market trends to ensure practical efficacy and audience relevance. Publishing an article that lacks this foundational trend analysis would be a significant oversight. The article is well-written and addresses safety concerns comprehensively, but the absence of identified trends means its strategic value and market positioning are severely compromised. It requires a revision after the `analyze_trends_task` successfully identifies and provides relevant trend data.","** The Final Article demonstrates excellent data integrity regarding hallucination prevention and the correct handling of ""Not Found"" information, achieving a 100% clarity score. All factual statements presented in the article are traceable to the Master Fact Sheet, and the article appropriately acknowledges where specific trend, lab, compliance, or safety facts were unavailable. However, there was a minor loss of specific details from three facts in the Master Fact Sheet: precise mechanistic actions and additional side effects from the Toxicity Facts, and an explicit processing detail from the Culture Facts. Addressing these minor omissions would further enhance the robustness and completeness of the article, bringing the data loss score to 100%."
47.กระท่อม_,No-Go,100,70,65,90,"*
Compliance Fact (Food Registration 1): registration\_number=12-1-13657-5-0102
Compliance Fact (Food Registration 1): company\_name=บริษัท ไทยเอฟดี จำกัด
Compliance Fact (Food Registration 1): status=สถานะผลิตภัณฑ์(คงอยู่)\ สถานะสถานที่ (คงอยู่)
Compliance Fact (Food Registration 2): registration\_number=12-2-02856-2-0014
Compliance Fact (Food Registration 2): company\_name=บริษัท ยันฮี วิตามิน วอเตอร์ จำกัด
Compliance Fact (Food Registration 2): status=สถานะผลิตภัณฑ์(คงอยู่)\ สถานะสถานที่ (คงอยู่)
Compliance Fact (Food Registration 3): registration\_number=14-2-01458-2-0001
Compliance Fact (Food Registration 3): company\_name=กระท่อมปลายนา
Compliance Fact (Food Registration 3): status=สถานะผลิตภัณฑ์(คงอยู่)\ สถานะสถานที่ (คงอยู่)
Compliance Fact (Food Registration 4): registration\_number=73-1-15864-5-0036
Compliance Fact (Food Registration 4): company\_name=บริษัท แน็พ ไบโอเทค จำกัด
Compliance Fact (Food Registration 4): status=สถานะผลิตภัณฑ์(คงอยู่)\ สถานะสถานที่ (คงอยู่)
Compliance Fact (Food Registration 5): registration\_number=73-1-15864-5-0039
Compliance Fact (Food Registration 5): company\_name=บริษัท แน็พ ไบโอเทค จำกัด
Compliance Fact (Food Registration 5): status=สถานะผลิตภัณฑ์(คงอยู่)\ สถานะสถานที่ (คงอยู่)
Safety Fact (Active Ingredient): Adenosinum Triphosphoricum Dinatrum, Adrenal Cortex (Suis), Bacopa Speciosa, Chininum Sulphuricum, Cina, Dopamine Hydrochloride, Equol, Gambogia, Iodium, Lycopodium Clavatum, Morgan Gaertner, Oxytocin, Pantothenic Acid, Phosphorus, Rhodiola, Serotonin (Hydrochloride), Stomach (Suis), Thyroidinum (Suis)
Safety Fact (Ingredient Purpose): Excessive Appetite, Greed in Eating, Eating Ameliorates, Sugar Craving, Carbohydrate Craving, Fat Craving
Safety Fact (Uses): For the temporary relief of symptoms including: eating ameliorates, greed in eating, excessive appetite, sugar craving, carbohydrate craving, fat craving.
Safety Fact (Inactive Ingredients): Demineralized water, 25% ethanol
Safety Fact (Questions): Dist. By: Deseret Biologicals, Inc. 469 W. Parkland Drive Sandy, UT 84070 www.desbio.com 800-827-8204
Culture Fact (Community - Ta Khan Pom's Hut): Ta Khan Pom's Hut
Culture Fact (Local Name - Ta Khan Pom's Hut): Hut
Culture Fact (Use - Ta Khan Pom's Hut): Vegetable gardening
Culture Fact (Processing - Ta Khan Pom's Hut): Urine watering
Culture Fact (Source - Ta Khan Pom's Hut): https://folktales.sac.or.th/folktale-details.php?id=221
**Hallucinated Entities (Facts in Article but not Fact Sheet):**
""The culture facts suggest that kratom has been used in traditional Thai medicine, with benefits and potential health effects."" (Contradicts Internal RAG facts)
""This suggests that it is technically feasible to develop and manufacture kratom-based products."" (An inference, not a direct fact from the Fact Sheet)
""Therefore, it is crucial to design products that address these safety concerns, such as providing clear dosage instructions and warnings."" (A recommendation/conclusion, not a direct fact from the Fact Sheet)
**Feedback:**","*
""The culture facts suggest that kratom has been used in traditional Thai medicine, with benefits and potential health effects."" (Contradicts Internal RAG facts)
""This suggests that it is technically feasible to develop and manufacture kratom-based products."" (An inference, not a direct fact from the Fact Sheet)
""Therefore, it is crucial to design products that address these safety concerns, such as providing clear dosage instructions and warnings."" (A recommendation/conclusion, not a direct fact from the Fact Sheet)
**Feedback:**","**
    **Practical Efficacy (Relevance):** The ""Herbal in Wellness Trends"" section of the article is exceptionally well-synthesized and directly relevant to the provided `Trends Data`. It accurately captures the historical use, chemical effects, prevalence, common product forms, and reported benefits and risks of Kratom as identified in the trend analysis. This section alone demonstrates high efficacy in leveraging trend insights for audience relevance.

    **Implementation Feasibility (Scalability):** The workflow design to split data gathering into `check_compliance_task` and `find_safety_data_task` is conceptually sound, scalable, and efficient for modular data acquisition. The writer agent successfully utilized and integrated the structured data from the `Compliance Data`, demonstrating the system's capability to process and incorporate specific regulatory information. However, a critical flaw emerged with the `Safety Data` provided by the `find_safety_data_task`. The data was entirely irrelevant to Kratom (Mitragyna speciosa), instead detailing a homeopathic product for appetite control. While the writer agent *mechanically* integrated this structured (but incorrect) safety data into the article, this fundamental error in the upstream data retrieval renders the overall content production process unreliable for critical information like safety. The system design is good, and the writer's ability to consume structured data is proven, but the lack of a robust data validation layer in the `find_safety_data_task` makes the current implementation unfeasible for generating accurate and trustworthy content on sensitive topics.

    **Go/No-Go for Publication:** No-Go. Despite the strong relevance in the trends section, the article contains critically incorrect and misleading safety information due to flawed input from the `find_safety_data_task`. Publishing an article with inaccurate safety warnings for a substance like Kratom is unacceptable for a wellness brand and poses significant risks to our audience and brand reputation. The workflow needs a mechanism to validate the relevance and accuracy of the data retrieved by specialized tasks, especially for safety information, before it is passed to the writer agent. Additionally, the ""Traditional Wisdom"" and ""Herbal Knowledge Summary"" sections also included irrelevant cultural context, indicating a broader need for more precise RAG or data filtering.","**
    The audit reveals significant data loss, primarily concerning detailed compliance registration data (registration numbers, company names, and status for each product) and a substantial portion of the Safety Facts (active ingredients, ingredient purpose, uses, inactive ingredients, and contact information). Several specific culture facts, while mentioned contextually, were not transferred as distinct factual entities from the Fact Sheet. This results in a robustness score of 65.75%, indicating a notable failure in transferring all critical information with 100% accuracy.

    Regarding clarity, the article generally handles ""Not found"" entries correctly, either by explicitly stating ""not provided"" or by omitting the information without invention. However, there are three instances of hallucination: one direct contradiction of the Internal RAG facts regarding kratom's mention in traditional Thai medicine, and two instances of making inferences or recommendations that are not explicitly stated as facts in the Master Fact Sheet. This leads to an explanation clarity score of 90.91%. To achieve zero-tolerance compliance, all inferences and recommendations must be explicitly sourced or clearly identified as analysis rather than facts."
48.ปลาไหลเผือก,Go,75,90,31,100,"*
Culture Fact (Community - Ban Dong Bang): Location (Prachinburi Province)
Culture Fact (Community - Ban Dong Bang): Ethnic Group (Thai)
Culture Fact (Community - Ban Dong Bang): Community Highlight (full text: ""Ban Dong Bang is a community known for its expertise in traditional herbal medicine. The community has a long history of using herbs to treat various ailments, and their knowledge has been passed down through generations. The community's herbal wisdom is not only limited to treatment but also extends to the use of herbs in daily life, such as in cooking and as a natural remedy for common health issues."")
Culture Fact (Community - Ban Dong Bang): Name Etymology (full text)
Culture Fact (Community - Ban Dong Bang): Environment (full text)
Culture Fact (Community - Ban Dong Bang): Local Wisdom (full text)
Culture Fact (Community - Ban Dong Bang): Organization (full text)
Culture Fact (Community - Ban Dong Bang): Processing (Drying)
Culture Fact (Community - Ban Kao Sam Yot): Location (Chachoengsao Province)
Culture Fact (Community - Ban Kao Sam Yot): Ethnic Group (Thai)
Culture Fact (Community - Ban Kao Sam Yot): Community Highlight (full text: ""Ban Kao Sam Yot is a community that specializes in the production of traditional herbal medicine. The community has developed a unique approach to health and wellness, which emphasizes the use of natural remedies and holistic practices."")
Culture Fact (Community - Ban Kao Sam Yot): Name Etymology (full text)
Culture Fact (Community - Ban Kao Sam Yot): Environment (full text)
Culture Fact (Community - Ban Kao Sam Yot): Local Wisdom (full text)
Culture Fact (Community - Ban Kao Sam Yot): Organization (full text)
Culture Fact (Community - Ban Kao Sam Yot): Use (specific: ""Relieve stomach pain"" generalized to ""medicinal properties"")
Culture Fact (Community - Ban Kao Sam Yot): Processing (Drying)
Internal RAG Fact (Cultural): Full text regarding ปลาไหลเผือก's properties (hot/spicy flavor, digestion, anti-inflammatory, antioxidant, fever, rheumatism).
Lab Fact (Experimental Method): None found (omitted)
Lab Fact (Chromatography - TLC): None found (omitted)
Lab Fact (Cosmetic or Clinical Effect): None found (omitted)
Lab Fact (Quality Control): None found (omitted)
Science Fact (Compound): Not found (omitted)
Science Fact (Abstracts) Study 1: abstract_raw (Not found, omitted)
Science Fact (Abstracts) Study 1: citation_apa (Not found, omitted)
Science Fact (Abstracts) Study 2: abstract_raw (Not found, omitted)
Science Fact (Abstracts) Study 2: citation_apa (Not found, omitted)
Compliance Fact (Food Registration 1): None found (omitted)
Safety Fact (Active Ingredient): Not found (omitted)
Safety Fact (Ingredient Purpose): Not found (omitted)
Safety Fact (Uses): Not found (omitted)
Safety Fact (Warnings): Not found (omitted)
Safety Fact (Directions): Not found (omitted)
Safety Fact (Other Info): Not found (omitted)
Safety Fact (Inactive Ingredients): Not found (omitted)
Safety Fact (Questions): Not found (omitted)
Toxicity Fact (Mechanism): Not found (omitted)
Toxicity Fact (Side Effects): Not found (omitted)
Toxicity Fact (Case Reports): Not found (omitted)
Source URL (Trend): Not found (omitted)
Source URL (Compliance): Not found (omitted)
Source URL (Safety): Not found (omitted)
Source URL (Toxicity): Not found (omitted)
**Hallucinated Entities (Facts in Article but not Fact Sheet):**
None
**Feedback:** The article demonstrates significant data loss, particularly regarding detailed cultural facts and numerous ""not found"" findings from the Master Fact Sheet that were simply omitted rather than explicitly addressed or implicitly acknowledged. Many specific details about the Ban Dong Bang and Ban Kao Sam Yot communities, as well as the properties of ปลาไหลเผือก from the cultural RAG fact, were not transferred. However, the article maintained perfect clarity, as it did not hallucinate any information. All facts presented originated from the Master Fact Sheet, and ""not found"" results were handled appropriately, either by stating the absence of information or by discussing the need for such information without inventing data. The handling of `citation_apa: not_found` was exemplary.","*
None
**Feedback:** The article demonstrates significant data loss, particularly regarding detailed cultural facts and numerous ""not found"" findings from the Master Fact Sheet that were simply omitted rather than explicitly addressed or implicitly acknowledged. Many specific details about the Ban Dong Bang and Ban Kao Sam Yot communities, as well as the properties of ปลาไหลเผือก from the cultural RAG fact, were not transferred. However, the article maintained perfect clarity, as it did not hallucinate any information. All facts presented originated from the Master Fact Sheet, and ""not found"" results were handled appropriately, either by stating the absence of information or by discussing the need for such information without inventing data. The handling of `citation_apa: not_found` was exemplary.","** The article effectively addresses Eurycoma longifolia within the context of herbal wellness, demonstrating relevance to our audience. It commendably acknowledges the lack of specific trend data (reflecting the outcome of `analyze_trends_task`), and pivots to explore cultural significance and general benefits. The content is well-structured and informative.

From a feasibility standpoint, the workflow design with dedicated tasks for trends, compliance, and safety is highly scalable and efficient. The writer agent successfully utilized the critical safety data identified by `find_safety_data_task` (the cardiovascular case study) to inform the ""Safety, Regulatory, and Constraints"" section, which is paramount for a wellness brand. While specific compliance data was not available from `check_compliance_task`, the writer handled this by focusing on general regulatory needs. The system demonstrated its ability to produce a valuable article even with incomplete upstream data. To further enhance future articles, we should investigate methods to improve the depth of trend analysis and specific regulatory data gathering for less common herbs. The strong emphasis on safety makes this article ready for publication.","** The article demonstrates significant data loss, particularly regarding detailed cultural facts and numerous ""not found"" findings from the Master Fact Sheet that were simply omitted rather than explicitly addressed or implicitly acknowledged. Many specific details about the Ban Dong Bang and Ban Kao Sam Yot communities, as well as the properties of ปลาไหลเผือก from the cultural RAG fact, were not transferred. However, the article maintained perfect clarity, as it did not hallucinate any information. All facts presented originated from the Master Fact Sheet, and ""not found"" results were handled appropriately, either by stating the absence of information or by discussing the need for such information without inventing data. The handling of `citation_apa: not_found` was exemplary."
49.หมามุ่ย_,No-Go,60,20,28,88,"*
Lab Fact (Chromatography - TLC): No chromatography details available
Lab Fact (Cosmetic or Clinical Effect): No cosmetic or clinical effect available
Lab Fact (Quality Control): No quality control observation available
Science Fact (Compound): No compound name available
Compliance Fact (Food Registration 1): None found
Compliance Fact (Food Registration 2): None found
Compliance Fact (Safety Dosage): Not found
Compliance Fact (Safety Warning): None found
Safety Fact (Active Ingredient 1 - name): Dolichos pruriens 9C
Safety Fact (Active Ingredient 1 - strength): 0.443 mg of the active ingredient per pellet
Safety Fact (Active Ingredient 1 - purpose): Not found
Safety Fact (Ingredient Purpose): Not found
Safety Fact (Uses): Itching worse at night
Safety Fact (Directions): Adults and children: At the onset of symptoms, dissolve 5 pellets under the tongue 3 times a day until symptoms are relieved or as directed by a doctor.
Safety Fact (Other Info): Do not use if pellet dispenser seal is broken. Contains approx 80 pellets. How to dispense pellets? Turn tube upside down. Twist until 5 pellets are dispensed into cap. Carefully remove the cap and use it to pour pellets under the tongue.
Safety Fact (Inactive Ingredients): lactose, sucrose
Safety Fact (Questions): 1-800-BOIRON-1 (1-800-264-7661), BoironUSA.com Info@boiron.com
Culture Fact (Community - Ban Nuea - community_name): Ban Nuea
Culture Fact (Community - Ban Nuea - location): Ubon Ratchathani Province
Culture Fact (Community - Ban Nuea - ethnic_group): Thai
Culture Fact (Community - Ban Nuea - community_highlight): No herbal-related information found
Culture Fact (Community - Ban Nuea - name_etymology): No herbal-related information found
Culture Fact (Community - Ban Nuea - community_environment): No herbal-related information found
Culture Fact (Community - Ban Nuea - local_wisdom): Mamui is a plant with medicinal properties, used in the stem and branches, which are boiled or dried and consumed.
Culture Fact (Community - Ban Nuea - community_organizations): No herbal-related information found
Culture Fact (Community - Ban Nuea - local_name): Mamui
Culture Fact (Community - Ban Nuea - traditional_use): Used in the stem and branches, which are boiled or dried and consumed.
Culture Fact (Community - Ban Nuea - processing_method): Boiling or drying
Culture Fact (Community - Ban Tam Yae - community_name): Ban Tam Yae
Culture Fact (Community - Ban Tam Yae - location): Ubon Ratchathani Province
Culture Fact (Community - Ban Tam Yae - ethnic_group): Thai
Culture Fact (Community - Ban Tam Yae - community_highlight): No herbal-related information found
Culture Fact (Community - Ban Tam Yae - name_etymology): No herbal-related information found
Culture Fact (Community - Ban Tam Yae - community_environment): No herbal-related information found
Culture Fact (Community - Ban Tam Yae - local_wisdom): Agriculture is the main occupation that supports life and family.
Culture Fact (Community - Ban Tam Yae - community_organizations): No herbal-related information found
Culture Fact (Community - Ban Tam Yae - local_name): Ban Tam Yae
Culture Fact (Community - Ban Tam Yae - traditional_use): Agriculture
Culture Fact (Community - Ban Tam Yae - processing_method): Agriculture
Culture Fact (Community - Ban Wang Kan - community_name): Ban Wang Kan
Culture Fact (Community - Ban Wang Kan - location): Mae Hong Son Province
Culture Fact (Community - Ban Wang Kan - ethnic_group): Thai
Culture Fact (Community - Ban Wang Kan - community_highlight): No herbal-related information found
Culture Fact (Community - Ban Wang Kan - name_etymology): No herbal-related information found
Culture Fact (Community - Ban Wang Kan - community_environment): No herbal-related information found
Culture Fact (Community - Ban Wang Kan - local_wisdom): Agriculture is the main occupation that supports life and family.
Culture Fact (Community - Ban Wang Kan - community_organizations): No herbal-related information found
Culture Fact (Community - Ban Wang Kan - local_name): Ban Wang Kan
Culture Fact (Community - Ban Wang Kan - traditional_use): Agriculture
Culture Fact (Community - Ban Wang Kan - processing_method): Agriculture
Internal RAG Fact (Herbal): No herbal internal summary available
Source URL (Trend): No trend source URL available
Source URL (Science): No science source URL available
**Hallucinated Entities (Facts in Article but not Fact Sheet):**
The statement ""The product should be designed with safety precautions in mind, and further research is needed to fully understand the potential toxicity and safety concerns associated with Mucuna pruriens"" is an interpretation and recommendation, not a direct fact from the Master Fact Sheet. The toxicity facts provided are specifically for Itraconazole, not Mucuna pruriens.
The statement ""The critical constraints for product development include safety concerns and the need for further research to confirm efficacy"" is a synthesized conclusion/recommendation, not a direct fact.
The statement ""The strategic recommendation is to conduct further research on the active compounds, extraction methods, and pharmacological effects of Mucuna pruriens, prioritizing safety precautions and adhering to regulatory compliance"" is a strategic recommendation, not a direct fact.
The statement ""With further research and development, a new product could be created to capitalize on this opportunity while ensuring safety and efficacy"" is a future-oriented statement/recommendation, not a direct fact.
**Feedback:** The article successfully incorporated key ""No X available"" facts and the detailed ""Internal RAG Fact (Cultural)"" and ""Toxicity Fact"" sections. The handling of ""citation_apa: not_found"" was accurate. However, there was significant data loss, particularly regarding specific compliance data, detailed safety facts (e.g., active ingredients, dosage, directions), and granular cultural community information. These specific facts were entirely omitted. Additionally, the article introduced several synthesized conclusions and recommendations that were not directly present as facts in the Master Fact Sheet, leading to a moderate hallucination score. To improve robustness, more explicit mention or acknowledgment of the absence of certain facts (like specific lab details or compliance data) would be beneficial, rather than simply omitting them. To improve clarity, all statements should be directly traceable to the Master Fact Sheet, avoiding interpretations or recommendations not explicitly stated.","*
The statement ""The product should be designed with safety precautions in mind, and further research is needed to fully understand the potential toxicity and safety concerns associated with Mucuna pruriens"" is an interpretation and recommendation, not a direct fact from the Master Fact Sheet. The toxicity facts provided are specifically for Itraconazole, not Mucuna pruriens.
The statement ""The critical constraints for product development include safety concerns and the need for further research to confirm efficacy"" is a synthesized conclusion/recommendation, not a direct fact.
The statement ""The strategic recommendation is to conduct further research on the active compounds, extraction methods, and pharmacological effects of Mucuna pruriens, prioritizing safety precautions and adhering to regulatory compliance"" is a strategic recommendation, not a direct fact.
The statement ""With further research and development, a new product could be created to capitalize on this opportunity while ensuring safety and efficacy"" is a future-oriented statement/recommendation, not a direct fact.
**Feedback:** The article successfully incorporated key ""No X available"" facts and the detailed ""Internal RAG Fact (Cultural)"" and ""Toxicity Fact"" sections. The handling of ""citation_apa: not_found"" was accurate. However, there was significant data loss, particularly regarding specific compliance data, detailed safety facts (e.g., active ingredients, dosage, directions), and granular cultural community information. These specific facts were entirely omitted. Additionally, the article introduced several synthesized conclusions and recommendations that were not directly present as facts in the Master Fact Sheet, leading to a moderate hallucination score. To improve robustness, more explicit mention or acknowledgment of the absence of certain facts (like specific lab details or compliance data) would be beneficial, rather than simply omitting them. To improve clarity, all statements should be directly traceable to the Master Fact Sheet, avoiding interpretations or recommendations not explicitly stated.","**
    **Practical Efficacy (Relevance):** The article's ""Herbal in Wellness Trends"" section accurately states that ""no specific trend facts available for Mucuna pruriens."" Assuming the `analyze_trends_task` (context[0]) indeed yielded no specific trends, the article is relevant in its acknowledgment and pivots appropriately to traditional use as a market opportunity. However, it does not demonstrate the synthesis of rich trend data, as it explicitly states the absence of such data for this specific herb.

    **Implementation Feasibility (Scalability):** While the conceptual split of tasks for gathering compliance and safety data is a sound and scalable strategy, the execution in the final article is critically flawed.
    1.  **Compliance Data (context[1]):** The article completely failed to incorporate the crucial information from the Thai FDA status, which indicated ""None found"" for all registrations. This omission is a significant regulatory oversight.
    2.  **Safety Data (context[2]):** Although the article correctly extracted the general warning from the `dailymed` source, it then introduced extensive and entirely irrelevant safety information about ""itraconazole,"" confusing it with Mucuna pruriens. Itraconazole is a different drug, and its detailed safety profile has no place in an article about Mucuna pruriens unless a specific interaction or contraindication was being discussed, which it was not. This indicates a severe breakdown in the writer agent's ability to accurately integrate and filter information from the structured data provided by the specialized safety task.

    **Conclusion:** The presence of critical factual errors (confusing Mucuna pruriens with Itraconazole) and the complete failure to incorporate regulatory compliance data make this article unsuitable for publication. The workflow, as demonstrated, is not scalable or efficient in practice because the final integration step introduces significant errors and omissions, requiring extensive manual correction.","** The article successfully incorporated key ""No X available"" facts and the detailed ""Internal RAG Fact (Cultural)"" and ""Toxicity Fact"" sections. The handling of ""citation_apa: not_found"" was accurate. However, there was significant data loss, particularly regarding specific compliance data, detailed safety facts (e.g., active ingredients, dosage, directions), and granular cultural community information. These specific facts were entirely omitted. Additionally, the article introduced several synthesized conclusions and recommendations that were not directly present as facts in the Master Fact Sheet, leading to a moderate hallucination score. To improve robustness, more explicit mention or acknowledgment of the absence of certain facts (like specific lab details or compliance data) would be beneficial, rather than simply omitting them. To improve clarity, all statements should be directly traceable to the Master Fact Sheet, avoiding interpretations or recommendations not explicitly stated."
50.กฤษณา_,No-Go,0,60,15,77,"* Identified 226 facts that were in the Fact Sheet but missing from the Article.
**Hallucinated Entities:** Identified 8 statements in the Article that were not directly from the Fact Sheet (inferences, recommendations, high-level summaries).
**""Not Found"" Handling:** Verified that explicit ""Not found"" entries from the Fact Sheet (e.g., `Trend Fact: Not found`, `abstract_raw: Not found`, `citation_apa: Not found`, `Toxicity Fact (Side Effects): Not found`, `Lab Fact`s) were correctly acknowledged or appropriately summarized as absent in the article. This aspect of handling was good for the ""Not found"" items that *were* addressed. However, several ""Not found"" items were simply dropped without mention, contributing to data loss.
*Calculations:**
**Total Fact Sheet Facts (F_FS):** 266
**Fact Sheet Facts Present/Handled in Article (F_P):** 40
**Collaboration Robustness (Data Loss) Score:** (40 / 266) * 100 = 15.03%
**Total Article Facts/Statements (A_F_Total):** 40
**Article Facts/Statements Originating from Fact Sheet (A_F_Origin):** 31
**Explanation Clarity (Hallucination/Handling) Score:** (31 / 40) * 100 = 77.5%
**Collaboration Robustness (Data Loss):** 15.03%
**Explanation Clarity (Hallucination/Handling):** 77.5%
**Dropped Entities (Facts in Fact Sheet but not Article):**
Science Fact (Compound): Not found
All 5 Compliance Fact (Food Registration) entries, including their registration numbers, product names, company names, and statuses. (e.g., registration_number=10-1-19355-5-0036, product_name=ชา กฤษณา (ตรา งามระหง) / Agarwood tea (Ngamrahong brand), company_name=ห้างหุ้นส่วนจำกัด ภูมณีรัตน์เภสัช, status=สถานะผลิตภัณฑ์(ยกเลิกโดยผู้ประกอบการ 27/5/2563) \ สถานะสถานที่ (คงอยู่ ))
Compliance Fact (Safety Dosage): Not found
Compliance Fact (Safety Warning): Not found
All 20 Safety Fact (Active Ingredient) entries, including names (e.g., Agnus Castus, Ambra Grisea), strengths (e.g., 12X, 6X), and purposes (e.g., Narcissism, Codependency).
All 20 Safety Fact (Ingredient Purpose) entries, including names, strengths, and purposes.
Safety Fact (Uses): ""For the temporary relief of the symptoms including: lack of self esteem, codependency, lack of self confidence, narcissism.""
Safety Fact (Directions): ""Consult a physician for use in children under 12 years of age.""
Safety Fact (Other Info): ""Dist. By: Deseret Biologicals, Inc. 469 W. Parkland Drive, Sandy, UT 84070, www.desbio.com, 800-827-8204""
Safety Fact (Questions): ""Dist. By: Deseret Biologicals, Inc. 469 W. Parkland Drive, Sandy, UT 84070, www.desbio.com, 800-827-8204""
Toxicity Fact (Mechanism): ""The mechanism of injury is not explicitly stated in the article. However, it is mentioned that the isolated compounds, particularly cucurbitacin E, neocucurbitan A, neocucurbitan B, and cucurbitacin E 2-O-β-d-glucopyranoside, act as STAT3 inhibitors, which may contribute to their anticancer effects.""
Toxicity Fact (Case Reports): ""There are no case reports mentioned in the article.""
Culture Fact (Community - Kritsana 1): All specific details (community_name, location, ethnic_group, community_highlight, name_etymology, community_environment, local_wisdom, community_organizations, local_name, traditional_use, processing_method).
Culture Fact (Community - Yawa Muslim Community): Specific details like location (""Sathorn District, Bangkok""), ethnic_group (""Yawa Muslim""), name_etymology, community_environment, community_organizations (""mosque""), local_name, processing_method.
Culture Fact (Community - Sakai Community): Specific details like location (""Yala Province""), ethnic_group (""Sakai""), name_etymology, community_environment, community_organizations (""traditional system of healthcare""), local_name, processing_method (""Using incantations and rituals"").
Internal RAG Fact (Cultural): ""The plant is also used as a natural remedy for fever, cough, and sore throat.""
Internal RAG Fact (Cultural): ""Overall, กฤษณา is a versatile plant that has been used for centuries in traditional Thai medicine and cooking.""
Source URL (Trend): Not found
**Hallucinated Entities (Facts in Article but not Fact Sheet):**
Inference about ""potential interest in traditional Thai medicine and unique herbal products"" (from ""Introduction to Herbal Trends"" section).
Inference that Yawa Muslim Community's ceremonies ""may include the use of herbal medicines like Aquilaria crassna"" (from ""Traditional Wisdom"" section).
Strategic plan suggestion to ""explore niche markets where Aquilaria crassna can be positioned as a unique ingredient with traditional and cultural significance"" (from ""Strategic Analysis and Product Opportunities"" section).
Recommendation that ""Critical constraints related to safety and toxicity must be prioritized, including thorough assessments to ensure safe product development"" (from ""Strategic Analysis and Product Opportunities"" section).
Strategic recommendation to ""conduct further research on market potential, technical feasibility, and safety profiles, ensuring that product development respects and acknowledges the traditional and cultural heritage of Aquilaria crassna"" (from ""Strategic Analysis and Product Opportunities"" section).
Conclusion: ""Aquilaria crassna presents a fascinating case of a traditional herb with potential anticancer effects and significant cultural value in traditional Thai medicine and cooking.""
Conclusion: ""While there are challenges in terms of technical feasibility and safety constraints, further research and development could unlock its potential in niche markets interested in unique herbal products.""
Conclusion: ""It is essential to approach product development with caution, respecting the traditional knowledge and cultural heritage associated with Aquilaria crassna.""
**Feedback:** The article demonstrates significant data loss, particularly regarding detailed compliance information (food registrations), comprehensive safety facts (active ingredients, uses, specific directions, other info), and many granular cultural community details. Many ""Not found"" entries from the Master Fact Sheet were not explicitly acknowledged in the article, contributing to the low robustness score. While the article correctly handled some ""Not found"" facts when it chose to address them (e.g., Trend Fact, abstract\_raw, citation\_apa, Toxicity Side Effects), a large quantity of detailed factual information was entirely omitted. Additionally, the article introduced several interpretive statements, strategic recommendations, and high-level conclusions that were not directly present in the Master Fact Sheet, leading to a moderate level of hallucination.","* Identified 8 statements in the Article that were not directly from the Fact Sheet (inferences, recommendations, high-level summaries).
**""Not Found"" Handling:** Verified that explicit ""Not found"" entries from the Fact Sheet (e.g., `Trend Fact: Not found`, `abstract_raw: Not found`, `citation_apa: Not found`, `Toxicity Fact (Side Effects): Not found`, `Lab Fact`s) were correctly acknowledged or appropriately summarized as absent in the article. This aspect of handling was good for the ""Not found"" items that *were* addressed. However, several ""Not found"" items were simply dropped without mention, contributing to data loss.
*Calculations:**
**Total Fact Sheet Facts (F_FS):** 266
**Fact Sheet Facts Present/Handled in Article (F_P):** 40
**Collaboration Robustness (Data Loss) Score:** (40 / 266) * 100 = 15.03%
**Total Article Facts/Statements (A_F_Total):** 40
**Article Facts/Statements Originating from Fact Sheet (A_F_Origin):** 31
**Explanation Clarity (Hallucination/Handling) Score:** (31 / 40) * 100 = 77.5%
**Collaboration Robustness (Data Loss):** 15.03%
**Explanation Clarity (Hallucination/Handling):** 77.5%
**Dropped Entities (Facts in Fact Sheet but not Article):**
Science Fact (Compound): Not found
All 5 Compliance Fact (Food Registration) entries, including their registration numbers, product names, company names, and statuses. (e.g., registration_number=10-1-19355-5-0036, product_name=ชา กฤษณา (ตรา งามระหง) / Agarwood tea (Ngamrahong brand), company_name=ห้างหุ้นส่วนจำกัด ภูมณีรัตน์เภสัช, status=สถานะผลิตภัณฑ์(ยกเลิกโดยผู้ประกอบการ 27/5/2563) \ สถานะสถานที่ (คงอยู่ ))
Compliance Fact (Safety Dosage): Not found
Compliance Fact (Safety Warning): Not found
All 20 Safety Fact (Active Ingredient) entries, including names (e.g., Agnus Castus, Ambra Grisea), strengths (e.g., 12X, 6X), and purposes (e.g., Narcissism, Codependency).
All 20 Safety Fact (Ingredient Purpose) entries, including names, strengths, and purposes.
Safety Fact (Uses): ""For the temporary relief of the symptoms including: lack of self esteem, codependency, lack of self confidence, narcissism.""
Safety Fact (Directions): ""Consult a physician for use in children under 12 years of age.""
Safety Fact (Other Info): ""Dist. By: Deseret Biologicals, Inc. 469 W. Parkland Drive, Sandy, UT 84070, www.desbio.com, 800-827-8204""
Safety Fact (Questions): ""Dist. By: Deseret Biologicals, Inc. 469 W. Parkland Drive, Sandy, UT 84070, www.desbio.com, 800-827-8204""
Toxicity Fact (Mechanism): ""The mechanism of injury is not explicitly stated in the article. However, it is mentioned that the isolated compounds, particularly cucurbitacin E, neocucurbitan A, neocucurbitan B, and cucurbitacin E 2-O-β-d-glucopyranoside, act as STAT3 inhibitors, which may contribute to their anticancer effects.""
Toxicity Fact (Case Reports): ""There are no case reports mentioned in the article.""
Culture Fact (Community - Kritsana 1): All specific details (community_name, location, ethnic_group, community_highlight, name_etymology, community_environment, local_wisdom, community_organizations, local_name, traditional_use, processing_method).
Culture Fact (Community - Yawa Muslim Community): Specific details like location (""Sathorn District, Bangkok""), ethnic_group (""Yawa Muslim""), name_etymology, community_environment, community_organizations (""mosque""), local_name, processing_method.
Culture Fact (Community - Sakai Community): Specific details like location (""Yala Province""), ethnic_group (""Sakai""), name_etymology, community_environment, community_organizations (""traditional system of healthcare""), local_name, processing_method (""Using incantations and rituals"").
Internal RAG Fact (Cultural): ""The plant is also used as a natural remedy for fever, cough, and sore throat.""
Internal RAG Fact (Cultural): ""Overall, กฤษณา is a versatile plant that has been used for centuries in traditional Thai medicine and cooking.""
Source URL (Trend): Not found
**Hallucinated Entities (Facts in Article but not Fact Sheet):**
Inference about ""potential interest in traditional Thai medicine and unique herbal products"" (from ""Introduction to Herbal Trends"" section).
Inference that Yawa Muslim Community's ceremonies ""may include the use of herbal medicines like Aquilaria crassna"" (from ""Traditional Wisdom"" section).
Strategic plan suggestion to ""explore niche markets where Aquilaria crassna can be positioned as a unique ingredient with traditional and cultural significance"" (from ""Strategic Analysis and Product Opportunities"" section).
Recommendation that ""Critical constraints related to safety and toxicity must be prioritized, including thorough assessments to ensure safe product development"" (from ""Strategic Analysis and Product Opportunities"" section).
Strategic recommendation to ""conduct further research on market potential, technical feasibility, and safety profiles, ensuring that product development respects and acknowledges the traditional and cultural heritage of Aquilaria crassna"" (from ""Strategic Analysis and Product Opportunities"" section).
Conclusion: ""Aquilaria crassna presents a fascinating case of a traditional herb with potential anticancer effects and significant cultural value in traditional Thai medicine and cooking.""
Conclusion: ""While there are challenges in terms of technical feasibility and safety constraints, further research and development could unlock its potential in niche markets interested in unique herbal products.""
Conclusion: ""It is essential to approach product development with caution, respecting the traditional knowledge and cultural heritage associated with Aquilaria crassna.""
**Feedback:** The article demonstrates significant data loss, particularly regarding detailed compliance information (food registrations), comprehensive safety facts (active ingredients, uses, specific directions, other info), and many granular cultural community details. Many ""Not found"" entries from the Master Fact Sheet were not explicitly acknowledged in the article, contributing to the low robustness score. While the article correctly handled some ""Not found"" facts when it chose to address them (e.g., Trend Fact, abstract\_raw, citation\_apa, Toxicity Side Effects), a large quantity of detailed factual information was entirely omitted. Additionally, the article introduced several interpretive statements, strategic recommendations, and high-level conclusions that were not directly present in the Master Fact Sheet, leading to a moderate level of hallucination.","**
    *   **Practical Efficacy (Relevance):** The article explicitly states, ""Unfortunately, the current trends related to Aquilaria crassna are not explicitly mentioned in the provided Master Fact Sheet."" This indicates a critical failure in the workflow to provide the `analyze_trends_task` output (`context[0]`) to the `write_article_task`. Consequently, the article could not synthesize identified trends, making it entirely irrelevant to the specific trend assessment criterion.
    *   **Implementation Feasibility (Scalability):** The conceptual ""split"" of tasks to gather compliance and safety data separately (`check_compliance_task` and `find_safety_data_task`) is indeed a scalable and efficient approach for data collection. However, the `write_article_task` failed significantly in utilizing this structured data:
        *   **Compliance Data (`context[1]`):** The Thai FDA food registrations for Aquilaria crassna were completely omitted from the ""Safety, Regulatory, and Constraints"" section, indicating a failure to use this relevant regulatory information.
        *   **Safety Data (`context[2]`):** While the article extracted warnings, directions, and inactive ingredients, it critically misinterpreted the `active_ingredients` listed in the DailyMed source. These ingredients are primarily homeopathic remedies (e.g., Agnus Castus, Ambra Grisea), not Aquilaria crassna itself. Applying these warnings directly to the herb Aquilaria crassna without proper qualification is misleading and a significant error in data synthesis.
        The efficient data gathering via the split tasks was undermined by the poor integration and critical interpretation by the writer agent.
    *   **Go/No-Go for Publication:** This article is a **No-Go** for publication. The complete lack of relevance to identified trends (due to missing input data) and the significant inaccuracies/omissions in the critical safety and regulatory sections make it unsuitable for a wellness brand. Publishing content with such flaws could mislead our audience and damage brand credibility. The workflow needs immediate refinement to ensure all necessary input data (especially trends) is provided to the writer agent, and the writer agent's capacity for critical data interpretation and synthesis must be significantly improved.","** The article demonstrates significant data loss, particularly regarding detailed compliance information (food registrations), comprehensive safety facts (active ingredients, uses, specific directions, other info), and many granular cultural community details. Many ""Not found"" entries from the Master Fact Sheet were not explicitly acknowledged in the article, contributing to the low robustness score. While the article correctly handled some ""Not found"" facts when it chose to address them (e.g., Trend Fact, abstract\_raw, citation\_apa, Toxicity Side Effects), a large quantity of detailed factual information was entirely omitted. Additionally, the article introduced several interpretive statements, strategic recommendations, and high-level conclusions that were not directly present in the Master Fact Sheet, leading to a moderate level of hallucination."
51.แพงพวยฝรั่ง_,Go,85,90,65,58,"*
Lab Fact (Cosmetic or Clinical Effect): No cosmetic or clinical effects available
Compliance Fact (Food Registration 1): None found
Compliance Fact (Safety Warning): None found
Safety Fact (Ingredient Purpose): No ingredient purpose available
Safety Fact (Uses): No uses available
Safety Fact (Directions): No directions available
Safety Fact (Other Info): No other information available
Safety Fact (Inactive Ingredients): No inactive ingredients available
Safety Fact (Questions): No questions available
Toxicity Fact (Summary): Specific details about affected organ systems (peripheral and central nervous, cardiovascular, hematologic, renal, and pulmonary systems) and ""Neurotoxicity is the most commonly reported adverse event.""
Toxicity Fact (Mechanism): The microtubular apparatus plays a pivotal role in axonal transport and secretory function. Vinca alkaloids bind to specific sites on the β-subunit and prevent propagation of the microtubule.
Culture Fact (Community - Wat Nam Cham - location): Rong Wua Daeng Subdistrict, San Kamphaeng District, Chiang Mai Province
Culture Fact (Community - Wat Nam Cham - ethnic_group): Unspecified
Culture Fact (Community - Wat Nam Cham - traditional_use): Kam Matthan
Culture Fact (Community - Wat Nam Cham - processing_method): Kam Matthan 3 Heng
Culture Fact (Community - Thailand Cultural Encyclopedia - location): Southern Region
Culture Fact (Community - Thailand Cultural Encyclopedia - ethnic_group): Unspecified
Culture Fact (Community - Thailand Cultural Encyclopedia - local_name): Thailand Cultural Encyclopedia, Southern Region, Volume 1 (Ga - Ga, Proverbs - Islands, Boats)
Culture Fact (Community - Thailand Cultural Encyclopedia - traditional_use): Thailand Cultural Encyclopedia, Southern Region, Volume 2 (Islands: Ayat - Kao, Fish)
Culture Fact (Community - Thailand Cultural Encyclopedia - processing_method): Thailand Cultural Encyclopedia, Southern Region, Volume 3 (Elephant Enclosure: Wild Elephant Capture - Jit Dhammo)
Culture Fact (Community - Anthropological Archives Database - location): Unspecified
Culture Fact (Community - Anthropological Archives Database - ethnic_group): Unspecified
Culture Fact (Community - Anthropological Archives Database - local_name): Fieldwork (Jong) in Kwang Si
Culture Fact (Community - Anthropological Archives Database - traditional_use): Fieldwork (Jong) in Kwang Si
Culture Fact (Community - Anthropological Archives Database - processing_method): Fieldwork (Jong) in Kwang Si
**Hallucinated Entities (Facts in Article but not Fact Sheet):**
""...indicating a potential gap in the market for products derived from this plant.""
""...suggest a basis for developing herbal or traditional medicine products that could appeal to those interested in natural remedies or ethnobotanicals.""
""...is a plant of significant scientific interest.""
""...they are known for their potential medicinal properties.""
""...highlights the need for thorough scientific investigation to ensure the efficacy and safety of any product derived from Catharanthus roseus.""
""...underscores its significance in traditional medicine and ethnobotany.""
""The safety and regulatory aspects of Catharanthus roseus are critical...""
""...necessitate careful consideration of dosage limits and safety warnings.""
""Any product development must prioritize addressing these safety concerns through rigorous testing, appropriate dosing, and clear warning labels to mitigate risks to consumers.""
""The strategic analysis for developing a product from Catharanthus roseus involves considering the market opportunity, technical feasibility, and critical constraints related to safety and toxicity.""
""While there is potential interest in products derived from this plant due to its traditional use and scientific interest, the technical feasibility is influenced by the need for thorough research and development to ensure safety and efficacy.""
""The primary constraints are the significant adverse effects associated with vinca alkaloids, necessitating a cautious approach to product development.""
""The strategic recommendation includes conducting market research, investing in scientific investigation, performing comprehensive safety and efficacy testing, ensuring regulatory compliance, and developing educational materials that clearly communicate the potential benefits and risks of Catharanthus roseus-derived products.""
""...presents a complex scenario for product development.""
""The lack of specific trend data and the known toxicity of its vinca alkaloids are critical factors that must be addressed through rigorous research, testing, and regulatory compliance.""
""By prioritizing safety, efficacy, and consumer education, it is possible to develop a product from Catharanthus roseus that meets consumer needs while minimizing risks.""
""This approach not only respects the ancient wisdom surrounding this plant but also aligns with modern strategic interests in natural remedies and ethnobotanicals.""
**Feedback:** The Final Article demonstrates good transfer of core scientific facts (herb, compound, warnings, case reports) and correctly handles explicit ""not found"" entries for abstracts and citations. The internal RAG facts and source URLs are also accurately included. However, there is significant data loss, particularly concerning specific cultural details, several ""no information available"" safety/compliance facts, and the detailed toxicity mechanism and summary. The article also introduces a substantial number of interpretive, inferential, and strategic statements that are not explicit facts in the Master Fact Sheet, leading to a notable reduction in the clarity score due to hallucination under a zero-tolerance audit.","*
""...indicating a potential gap in the market for products derived from this plant.""
""...suggest a basis for developing herbal or traditional medicine products that could appeal to those interested in natural remedies or ethnobotanicals.""
""...is a plant of significant scientific interest.""
""...they are known for their potential medicinal properties.""
""...highlights the need for thorough scientific investigation to ensure the efficacy and safety of any product derived from Catharanthus roseus.""
""...underscores its significance in traditional medicine and ethnobotany.""
""The safety and regulatory aspects of Catharanthus roseus are critical...""
""...necessitate careful consideration of dosage limits and safety warnings.""
""Any product development must prioritize addressing these safety concerns through rigorous testing, appropriate dosing, and clear warning labels to mitigate risks to consumers.""
""The strategic analysis for developing a product from Catharanthus roseus involves considering the market opportunity, technical feasibility, and critical constraints related to safety and toxicity.""
""While there is potential interest in products derived from this plant due to its traditional use and scientific interest, the technical feasibility is influenced by the need for thorough research and development to ensure safety and efficacy.""
""The primary constraints are the significant adverse effects associated with vinca alkaloids, necessitating a cautious approach to product development.""
""The strategic recommendation includes conducting market research, investing in scientific investigation, performing comprehensive safety and efficacy testing, ensuring regulatory compliance, and developing educational materials that clearly communicate the potential benefits and risks of Catharanthus roseus-derived products.""
""...presents a complex scenario for product development.""
""The lack of specific trend data and the known toxicity of its vinca alkaloids are critical factors that must be addressed through rigorous research, testing, and regulatory compliance.""
""By prioritizing safety, efficacy, and consumer education, it is possible to develop a product from Catharanthus roseus that meets consumer needs while minimizing risks.""
""This approach not only respects the ancient wisdom surrounding this plant but also aligns with modern strategic interests in natural remedies and ethnobotanicals.""
**Feedback:** The Final Article demonstrates good transfer of core scientific facts (herb, compound, warnings, case reports) and correctly handles explicit ""not found"" entries for abstracts and citations. The internal RAG facts and source URLs are also accurately included. However, there is significant data loss, particularly concerning specific cultural details, several ""no information available"" safety/compliance facts, and the detailed toxicity mechanism and summary. The article also introduces a substantial number of interpretive, inferential, and strategic statements that are not explicit facts in the Master Fact Sheet, leading to a notable reduction in the clarity score due to hallucination under a zero-tolerance audit.","** The article effectively synthesizes the trend data by explicitly acknowledging the *lack* of specific trends for Catharanthus roseus and then strategically framing this as a potential market gap or opportunity. This demonstrates a relevant interpretation of the trend analysis, rather than a failure to find alignment. The content successfully pivots to traditional wisdom and scientific interest, which is highly relevant for a wellness brand exploring new product avenues responsibly.

Regarding feasibility, the detailed ""Safety, Regulatory, and Constraints"" section, which clearly outlines the significant adverse effects and the necessity for rigorous testing and warnings, strongly indicates that the `find_safety_data_task` was effective in gathering critical information. While the raw compliance data from `check_compliance_task` was not directly visible in the provided context, the article's emphasis on regulatory compliance in its strategic analysis suggests its consideration. The architectural decision to split tasks for safety and compliance is inherently scalable and efficient, allowing for specialized data gathering and ensuring thoroughness in critical areas. The article's content supports the efficacy of this task split. The article is well-rounded, responsible, and strategically insightful, making it ready for publication.","** The Final Article demonstrates good transfer of core scientific facts (herb, compound, warnings, case reports) and correctly handles explicit ""not found"" entries for abstracts and citations. The internal RAG facts and source URLs are also accurately included. However, there is significant data loss, particularly concerning specific cultural details, several ""no information available"" safety/compliance facts, and the detailed toxicity mechanism and summary. The article also introduces a substantial number of interpretive, inferential, and strategic statements that are not explicit facts in the Master Fact Sheet, leading to a notable reduction in the clarity score due to hallucination under a zero-tolerance audit."
52.ขันทองพยาบาท_,Go,90,95,90,100,"*
Safety Fact (Inactive Ingredients): WATER, SODIUM CHLORIDE
Culture Fact (Ethnic Group - Takhian Thong Community): Chong People
Culture Fact (Organization - Takhian Thong Community): The community has a strong sense of social organization, with various groups and associations working together to promote cultural preservation and community development.
**Hallucinated Entities (Facts in Article but not Fact Sheet):**
None
**Feedback:** The Final Article demonstrates strong adherence to the Master Fact Sheet, accurately transferring the majority of critical facts and correctly handling all ""Not found"" and ""None found"" entries. Specifically, the article's treatment of `citation_apa: not_found` by explicitly stating ""Not found"" in the references section is a perfect example of correct handling. No instances of factual hallucination were detected. However, three distinct facts were omitted from the article, leading to a minor data loss and a robustness score of 90.63%. These dropped facts include the specific inactive ingredients, the ethnic group associated with the Takhian Thong Community, and details about the community's social organization. Addressing these minor omissions would result in a perfect robustness score.","*
None
**Feedback:** The Final Article demonstrates strong adherence to the Master Fact Sheet, accurately transferring the majority of critical facts and correctly handling all ""Not found"" and ""None found"" entries. Specifically, the article's treatment of `citation_apa: not_found` by explicitly stating ""Not found"" in the references section is a perfect example of correct handling. No instances of factual hallucination were detected. However, three distinct facts were omitted from the article, leading to a minor data loss and a robustness score of 90.63%. These dropped facts include the specific inactive ingredients, the ethnic group associated with the Takhian Thong Community, and details about the community's social organization. Addressing these minor omissions would result in a perfect robustness score.","**
    The article demonstrates strong practical efficacy by acknowledging the absence of specific market trend data and intelligently pivoting to highlight potential opportunities based on traditional use and cultural significance. This strategic adaptation ensures the content remains relevant to our wellness audience, even when direct market trends are not immediately apparent. The content successfully synthesizes the available information (or lack thereof) into a coherent and actionable strategic analysis.

    From an implementation feasibility standpoint, the workflow design is highly effective and scalable. The writer agent successfully utilized the structured data from the `find_safety_data_task`, accurately incorporating warnings and dosage information. While the detailed output of `check_compliance_task` was not provided in the context, the article's statement ""none were found in the provided facts"" indicates that the writer agent correctly processed and reported the outcome of that task. This modular approach, where specialized agents gather specific data (trends, compliance, safety) and a dedicated writer agent synthesizes it, is excellent for scalability, efficiency, and maintainability. It allows for clear separation of concerns, making the overall content generation process robust and adaptable to various data availability scenarios. The system effectively handles both the presence and absence of detailed data points, which is crucial for real-world application.","** The Final Article demonstrates strong adherence to the Master Fact Sheet, accurately transferring the majority of critical facts and correctly handling all ""Not found"" and ""None found"" entries. Specifically, the article's treatment of `citation_apa: not_found` by explicitly stating ""Not found"" in the references section is a perfect example of correct handling. No instances of factual hallucination were detected. However, three distinct facts were omitted from the article, leading to a minor data loss and a robustness score of 90.63%. These dropped facts include the specific inactive ingredients, the ethnic group associated with the Takhian Thong Community, and details about the community's social organization. Addressing these minor omissions would result in a perfect robustness score."
53.ข้าวเย็นเหนือ,Go,100,90,72,85,"*
**Compliance Fact (Food Registration 1 & 2 details):** The specific registration numbers (10-1-13660-5-0227, 10-1-13660-5-0228), detailed product names (ข้าวเย็นเหนือ / Smilax corbularia Kunth, ข้าวเย็นเหนือ (ผง) / Smilax corbularia Kunth (Powder)), company name (บริษัท โพธิ์ประดิษฐ์สมุนไพร จำกัด), and the status of the products and location (สถานะผลิตภัณฑ์(ยกเลิกโดยผู้ประกอบการ 26/10/2561) \ สถานะสถานที่ (คงอยู่ )) were omitted. The article only provides a general statement that ""Smilax corbularia Kunth products have been registered.""
**Culture Fact (Ethnic Group - Sakai):** The specific ethnic group names (Mani, Manik, Orang Asli, Asli, Jahai) were not mentioned.
**Culture Fact (Community Highlight - Sakai):** Several specific details from the community highlight were dropped, including that the Sakai people are ""scattered in small groups,"" their ""beliefs"" (as distinct from rituals), that ""some Sakai groups have started to settle down and intermarry with locals, leading to an increase in mixed Sakai descendants,"" and that ""Despite adapting to urban culture, some Sakai groups still face challenges in adjusting to certain aspects of city life.""
**Culture Fact (Local Wisdom - Sakai):** The specific mention of ""hunting methods"" as part of their local wisdom (though ""hunting"" is mentioned as a processing method), and the crucial detail that ""their lack of formal education and the disregard for their rights by outsiders have made them vulnerable to exploitation"" were omitted.
**Hallucinated Entities (Facts in Article but not Fact Sheet):**
Interpretive statement: ""These trend facts indicate a growing interest in Smilax-based products, particularly among those seeking natural remedies for various ailments.""
Interpretive statement: ""Smilax... has been identified as a potential source of health benefits due to its compound Engeletin.""
Interpretive statement: ""The identification of Engeletin as a compound with potential health benefits further supports the scientific interest in Smilax.""
Inference: ""...which may indicate a relatively safe profile..."" (regarding Smilax being used for centuries).
Recommendation: ""...it is crucial to conduct thorough research and testing to ensure the safety and efficacy of Smilax-based products.""
Interpretation/Recommendation: ""The registration of Smilax corbularia Kunth products highlights the need for regulatory compliance and safety assessments.""
Analysis/Opportunity: ""The market opportunity for Smilax-based products is significant, particularly in the health and fitness community, due to its potential anti-inflammatory and immune-boosting properties.""
Analysis/Constraint: ""However, the technical feasibility of Smilax-based products is limited by the lack of information on lab facts, such as experimental methods, extraction methods, and chromatography.""
Recommendation: ""The critical constraints, including safety and toxicity concerns, must be addressed through thorough research and testing to ensure the successful launch and marketing of Smilax-based products.""
Strategic Recommendation: ""The strategic recommendation is to further research and develop Smilax-based products, particularly those containing Engeletin, while prioritizing safety and efficacy testing, as well as regulatory compliance.""
Conclusion/Interpretation: ""...the available science facts and trend facts suggest that Smilax-based products may have a significant market opportunity.""
Conclusion/Recommendation (with new concept): ""...while also prioritizing regulatory compliance and cultural sensitivity."" (The concept of ""cultural sensitivity"" as a priority is not explicitly stated as a fact in the Master Fact Sheet).
**Feedback:** The Final Article demonstrates good overall adherence to the Master Fact Sheet, particularly in transferring core trend, science, and RAG facts, and in handling ""Not found"" entries. All 30 instances of ""Not found"" in the Fact Sheet were correctly addressed by either explicit mention or appropriate omission, preventing any hallucination in these areas. However, the robustness score is impacted by significant data loss, particularly the omission of specific compliance registration details and several nuanced aspects of the Sakai culture. The clarity score, while good, is affected by the inclusion of numerous interpretive statements, analyses, and strategic recommendations that are not direct facts from the Master Fact Sheet, thereby constituting a form of hallucination under a zero-tolerance audit for perfect reflection. To achieve 100% data integrity, the article must strictly limit its content to direct factual transfers and avoid adding any analytical or interpretive layers not explicitly provided in the source of truth.","*
Interpretive statement: ""These trend facts indicate a growing interest in Smilax-based products, particularly among those seeking natural remedies for various ailments.""
Interpretive statement: ""Smilax... has been identified as a potential source of health benefits due to its compound Engeletin.""
Interpretive statement: ""The identification of Engeletin as a compound with potential health benefits further supports the scientific interest in Smilax.""
Inference: ""...which may indicate a relatively safe profile..."" (regarding Smilax being used for centuries).
Recommendation: ""...it is crucial to conduct thorough research and testing to ensure the safety and efficacy of Smilax-based products.""
Interpretation/Recommendation: ""The registration of Smilax corbularia Kunth products highlights the need for regulatory compliance and safety assessments.""
Analysis/Opportunity: ""The market opportunity for Smilax-based products is significant, particularly in the health and fitness community, due to its potential anti-inflammatory and immune-boosting properties.""
Analysis/Constraint: ""However, the technical feasibility of Smilax-based products is limited by the lack of information on lab facts, such as experimental methods, extraction methods, and chromatography.""
Recommendation: ""The critical constraints, including safety and toxicity concerns, must be addressed through thorough research and testing to ensure the successful launch and marketing of Smilax-based products.""
Strategic Recommendation: ""The strategic recommendation is to further research and develop Smilax-based products, particularly those containing Engeletin, while prioritizing safety and efficacy testing, as well as regulatory compliance.""
Conclusion/Interpretation: ""...the available science facts and trend facts suggest that Smilax-based products may have a significant market opportunity.""
Conclusion/Recommendation (with new concept): ""...while also prioritizing regulatory compliance and cultural sensitivity."" (The concept of ""cultural sensitivity"" as a priority is not explicitly stated as a fact in the Master Fact Sheet).
**Feedback:** The Final Article demonstrates good overall adherence to the Master Fact Sheet, particularly in transferring core trend, science, and RAG facts, and in handling ""Not found"" entries. All 30 instances of ""Not found"" in the Fact Sheet were correctly addressed by either explicit mention or appropriate omission, preventing any hallucination in these areas. However, the robustness score is impacted by significant data loss, particularly the omission of specific compliance registration details and several nuanced aspects of the Sakai culture. The clarity score, while good, is affected by the inclusion of numerous interpretive statements, analyses, and strategic recommendations that are not direct facts from the Master Fact Sheet, thereby constituting a form of hallucination under a zero-tolerance audit for perfect reflection. To achieve 100% data integrity, the article must strictly limit its content to direct factual transfers and avoid adding any analytical or interpretive layers not explicitly provided in the source of truth.","** The article demonstrates excellent practical efficacy, successfully synthesizing all identified wellness trends for Smilax into a coherent and relevant ""Herbal in Wellness Trends"" section. The content directly addresses the audience's interest in natural remedies, testosterone boosting, anti-inflammatory properties, and potential mood benefits, making it highly relevant.

Regarding implementation feasibility, the workflow design, which splits data gathering into specialized tasks (trends, compliance, safety) before writing, is inherently scalable and efficient. The writer agent effectively utilized the structured data from both the Compliance and Safety tasks in the ""Safety, Regulatory, and Constraints"" section. It accurately reported the registration status of Smilax products and, crucially, highlighted the *limitations* in explicit safety and toxicity data, which is a responsible approach for a wellness brand. The slight deduction in feasibility is due to the `find_safety_data_task` returning data identical to the `check_compliance_task` in this instance. While the writer handled this redundancy appropriately by noting the lack of *separate* safety/toxicity facts, it suggests a potential area for refinement in the data gathering step itself to ensure distinct safety information is sought out. However, the overall workflow design remains robust, and the writer's ability to interpret and present even limited data responsibly underscores the system's effectiveness. The article is well-structured, informative, and appropriately cautious, making it ready for publication.","** The Final Article demonstrates good overall adherence to the Master Fact Sheet, particularly in transferring core trend, science, and RAG facts, and in handling ""Not found"" entries. All 30 instances of ""Not found"" in the Fact Sheet were correctly addressed by either explicit mention or appropriate omission, preventing any hallucination in these areas. However, the robustness score is impacted by significant data loss, particularly the omission of specific compliance registration details and several nuanced aspects of the Sakai culture. The clarity score, while good, is affected by the inclusion of numerous interpretive statements, analyses, and strategic recommendations that are not direct facts from the Master Fact Sheet, thereby constituting a form of hallucination under a zero-tolerance audit for perfect reflection. To achieve 100% data integrity, the article must strictly limit its content to direct factual transfers and avoid adding any analytical or interpretive layers not explicitly provided in the source of truth."
54.หมีเหม็น (ใบหมี่),Go,90,95,74,80,"*
Safety Fact (Uses): MSM(Methyl Sulfonyl Manthane) HAIR SHAMPOO contains MSM which helps keep hair healthy
Safety Fact (Uses): 24 high purity herbal extracted ingredients such as wild cultivated ginseng, Korean ginseng root, pine needles, Houltuynia Cordata extract, Saururus Chinensis extract, etc, which keep the scalp clean and healthy
Safety Fact (Uses): continuous use of MSM shampoo helps change hair glossy and luxuriant.
Safety Fact (Warnings): 1.If there are troubles such as red spot, swelling or itching on the region used or concerns about side effect in using cosmetics or by direct sunlight consult a specialist.
Safety Fact (Other Info): Keep out of the reach of children.
Safety Fact (Inactive Ingredients): Water, Disodium LaurethSulfosuccinate, CoixLacryma-Jobi Ma-yuen Seed Extract, LauramidopropylBetaine, Cocamide MIPA, Dimethyl Sulfone, Tetrasodium EDTA, Sodium Chloride, Menthol, Panthenol, ThujaOrientalis Leaf Extract, PinusSylvestris Leaf Extract, HouttuyniaCordata Extract, SaururusChinensis Extract, Artemisia Princeps Leaf Extract, NelumboNucifera Leaf Extract, LyciumChinense Fruit Extract, Angelica Gigas Root Extract, PaeoniaLactiflora Root Extract, ZiziphusJujuba Fruit Extract, AcorusGramineus Extract, MorusBombycis Leaf Extract, RehmanniaGlutinosa Root Extract, DimocarpusLongan Fruit Extract, Ginkgo Biloba Leaf Extract, SophoraFlavescens Root Extract, Citrus Unshiu Peel Extract, CnidiumOfficinale Rhizome Extract, PolygonumMultiflorum Root Extract, AstragalusMembranaceus Root Extract, LyciumChinense Fruit Extract, 1,2-Hexanediol, Panax Ginseng Root Extract, Polyquaternium-10, Salicylic Acid, hlorphenesin, Citrus AurantiumDulcis (Orange) Peel Oil, Citric Acid, Caprylyl Glycol, Butylene Glycol, Panax Ginseng Root Extract, LitseaCubeba Fruit Oil, LavandulaAngustifolia (Lavender) Oil, PinusSylvestris Leaf Extract, Pentylene Glycol, MenthaArvensis Leaf Oil, AmyrisBalsamifera Bark Oil, Eucalyptus Globulus Leaf Oil, Ethylhexylglycerin, Sodium Polynaphthalenesulfonate, Pantolactone, Limonene, Citral
Safety Fact (Questions): +82-10-3516-8097
Culture Fact (Ethnic Group - Lao Klang): Lao Klang
Culture Fact (Name Etymology - Lao Klang): The name ""Lao Klang"" is derived from the Lao language and refers to the community's origins in Laos. The name is also associated with the community's traditional occupation of weaving and dyeing cloth.
Culture Fact (Environment - Lao Klang): The Lao Klang community is located in the Nakhon Pathom Province and is surrounded by a rich natural environment. The community has a strong connection to the land and has developed traditional practices that are adapted to the local environment.
Culture Fact (Local Wisdom - Lao Klang): The Lao Klang community has a rich tradition of local wisdom and knowledge. The community has developed a unique system of beliefs and practices that are based on their history and cultural heritage.
Culture Fact (Organization - Lao Klang): The Lao Klang community has a number of organizations that work to preserve and promote the community's cultural heritage. These organizations include the Lao Klang Cultural Center and the Lao Klang Museum.
Culture Fact (Ethnic Group - Chinpracha House): Chinese
Culture Fact (Name Etymology - Chinpracha House): The name ""Chinpracha"" is derived from the Chinese surname ""Tan"" and refers to the family that built the house.
Culture Fact (Environment - Chinpracha House): The Chinpracha House is located in the old town of Phuket and is surrounded by a rich cultural environment. The house is an example of the cultural exchange between the Chinese and Thai communities in Phuket.
Culture Fact (Local Wisdom - Chinpracha House): The Chinpracha House has a rich tradition of local wisdom and knowledge. The house is a testament to the cultural heritage of the Chinese community in Phuket and is now a museum that showcases the history and culture of the community.
Culture Fact (Organization - Chinpracha House): The Chinpracha House is now a museum that is managed by the Phuket City Municipality. The museum works to preserve and promote the cultural heritage of the Chinese community in Phuket.
Culture Fact (Local Name - Chinpracha House): Tan Ma Siang
**Hallucinated Entities (Facts in Article but not Fact Sheet):**
The increasing interest in natural products with anti-inflammatory, antibacterial, analgesic, and antipyretic properties presents a promising market opportunity.
While Litsea glutinosa's use is noted in the Lao Klang community, its application in the Chinpracha House context is more aligned with tin mining and smelting activities, indicating diverse uses of natural resources across different cultural settings.
The safety profile of Litsea glutinosa indicates potential uses in cosmetics and health products.
The general safety guidelines for herbal extracts and cosmetics apply, emphasizing the need for thorough testing and compliance with regulatory standards.
The strategic plan for Litsea glutinosa-based products involves capitalizing on the growing demand for natural health solutions.
Technical feasibility, while requiring further research for optimization, seems achievable based on existing studies.
Critical constraints include ensuring safety, determining appropriate dosages, and complying with regulatory requirements.
The strategic recommendation is to develop a product line that leverages Litsea glutinosa's health benefits, investing in research to address technical, safety, and regulatory challenges.
This lack of specific information highlights the need for further documentation and research into the traditional and cultural uses of Litsea glutinosa, which could provide valuable insights into its potential applications and safety profiles.
Litsea glutinosa presents a promising opportunity for the development of natural health products.
Challenges to be addressed, including gaps in technical feasibility.
A well-planned strategic approach can navigate these constraints.
By investing in further research and ensuring compliance with regulatory standards, it's possible to unlock the full potential of Litsea glutinosa in contributing to modern wellness solutions.
**Feedback:** The article successfully transferred the core scientific information, abstracts, and key safety/cultural details. It also handled ""Not Found"" facts appropriately, either by explicitly stating their absence or by omitting them without inventing content. However, the robustness score suffered due to the omission of several specific safety details (e.g., full product uses, a specific warning point, inactive ingredients list, contact information) and a significant number of cultural facts (e.g., ethnic group, etymology, environment, local wisdom, organization, and local name for Chinpracha House). The clarity score was impacted by the introduction of numerous inferences, strategic recommendations, and generalizations that were not explicitly present in the Master Fact Sheet, classifying them as hallucinations.","*
The increasing interest in natural products with anti-inflammatory, antibacterial, analgesic, and antipyretic properties presents a promising market opportunity.
While Litsea glutinosa's use is noted in the Lao Klang community, its application in the Chinpracha House context is more aligned with tin mining and smelting activities, indicating diverse uses of natural resources across different cultural settings.
The safety profile of Litsea glutinosa indicates potential uses in cosmetics and health products.
The general safety guidelines for herbal extracts and cosmetics apply, emphasizing the need for thorough testing and compliance with regulatory standards.
The strategic plan for Litsea glutinosa-based products involves capitalizing on the growing demand for natural health solutions.
Technical feasibility, while requiring further research for optimization, seems achievable based on existing studies.
Critical constraints include ensuring safety, determining appropriate dosages, and complying with regulatory requirements.
The strategic recommendation is to develop a product line that leverages Litsea glutinosa's health benefits, investing in research to address technical, safety, and regulatory challenges.
This lack of specific information highlights the need for further documentation and research into the traditional and cultural uses of Litsea glutinosa, which could provide valuable insights into its potential applications and safety profiles.
Litsea glutinosa presents a promising opportunity for the development of natural health products.
Challenges to be addressed, including gaps in technical feasibility.
A well-planned strategic approach can navigate these constraints.
By investing in further research and ensuring compliance with regulatory standards, it's possible to unlock the full potential of Litsea glutinosa in contributing to modern wellness solutions.
**Feedback:** The article successfully transferred the core scientific information, abstracts, and key safety/cultural details. It also handled ""Not Found"" facts appropriately, either by explicitly stating their absence or by omitting them without inventing content. However, the robustness score suffered due to the omission of several specific safety details (e.g., full product uses, a specific warning point, inactive ingredients list, contact information) and a significant number of cultural facts (e.g., ethnic group, etymology, environment, local wisdom, organization, and local name for Chinpracha House). The clarity score was impacted by the introduction of numerous inferences, strategic recommendations, and generalizations that were not explicitly present in the Master Fact Sheet, classifying them as hallucinations.","** The article demonstrates strong practical efficacy by acknowledging the absence of specific Litsea glutinosa trend data and then skillfully connecting the herb to broader, highly relevant wellness trends such as the increasing interest in natural products with anti-inflammatory, antibacterial, analgesic, and antipyretic properties. This approach ensures the content remains valuable and pertinent to our wellness audience despite initial data limitations.

Regarding implementation feasibility, the workflow design proved highly effective. The writer agent successfully utilized the structured safety data provided by `find_safety_data_task`, incorporating details about active ingredients, warnings, and directions. Crucially, the writer also accurately reflected the inconclusive nature of the compliance data from `check_compliance_task`, indicating that the information was unclear and specific registration numbers were not available. This ability to both integrate available structured data and transparently report data gaps highlights the robustness of the task-splitting strategy. This specialized, parallel data gathering is highly scalable and cost-effective, allowing for comprehensive information retrieval even when faced with incomplete or challenging data sources. The overall system is viable and ready for broader application.","** The article successfully transferred the core scientific information, abstracts, and key safety/cultural details. It also handled ""Not Found"" facts appropriately, either by explicitly stating their absence or by omitting them without inventing content. However, the robustness score suffered due to the omission of several specific safety details (e.g., full product uses, a specific warning point, inactive ingredients list, contact information) and a significant number of cultural facts (e.g., ethnic group, etymology, environment, local wisdom, organization, and local name for Chinpracha House). The clarity score was impacted by the introduction of numerous inferences, strategic recommendations, and generalizations that were not explicitly present in the Master Fact Sheet, classifying them as hallucinations."
55.ถั่วเหลือง,Go,75,100,29,95,"*
Lab Fact (Chromatography - TLC): Not found
Lab Fact (Cosmetic or Clinical Effect): Not found
Lab Fact (Quality Control): Not found
Science Fact (Compound): Not found
Compliance Fact (Food Registration 1): registration_number=10-1-01165-5-0002
Compliance Fact (Food Registration 1): product_name=เครื่องดื่มถั่ว 5 ชนิด (ถั่วเหลือง,ถั่วแดง,ถั่วเขียว,ถั่วดำ,ถั่วขาว) (ตรา โซย่า โซยัม) / 5 BEANS DRINK (SOY BEAN, RED BEAN, GREEN BEAN, BLACK BEAN,WHITE KIDNEY BEAN) (SOYA SOYUM BRAND)
Compliance Fact (Food Registration 1): company_name=บริษัท เลิฟลี่ ดิลิเชียส จำกัด
Compliance Fact (Food Registration 1): status=สถานะผลิตภัณฑ์(คงอยู่)\ สถานะสถานที่ (คงอยู่)
Compliance Fact (Food Registration 2): registration_number=10-1-01562-5-0034
Compliance Fact (Food Registration 2): product_name=ถั่วเหลืองทอด
Compliance Fact (Food Registration 2): company_name=รุ่งเจริญ
Compliance Fact (Food Registration 2): status=สถานะผลิตภัณฑ์(คงอยู่)\ สถานะสถานที่ (คงอยู่)
Compliance Fact (Food Registration 3): registration_number=10-1-02564-5-0017
Compliance Fact (Food Registration 3): product_name=ผงถั่วเขียว,ถั่วแดง,ถั่วเหลือง,ถั่วดำ,ถั่วขาว / GREEN BEAN,RED BEAN,SOY BEAN,BLACK BEAN,WHITE KIDNEY BEAN POWDER
Compliance Fact (Food Registration 3): company_name=บริษัท ฮัซซาน กรุ๊ป จำกัด
Compliance Fact (Food Registration 3): status=สถานะผลิตภัณฑ์(คงอยู่)\ สถานะสถานที่ (คงอยู่)
Compliance Fact (Food Registration 4): registration_number=10-1-02639-1-0092
Compliance Fact (Food Registration 4): product_name=โซย่า สแน๊ค รสดั้งเดิม (ธัญพืช ข้าวหอมมะลิ ถั่วเหลือง อบกรอบ รสดั้งเดิม) (ตรา วีอาร์ บาย คิงเพาเวอร์) / SOYA SNACK ORIGINAL flavoured (JASMINE RICE SOYA BEAN ORIGINAL flavoured) (VR BY KING POWER'BRAND)
Compliance Fact (Food Registration 4): company_name=บริษัท เคลอินเตอร์เทรด จำกัด
Compliance Fact (Food Registration 4): status=สถานะผลิตภัณฑ์(ยกเลิก 5/9/2556) \ สถานะสถานที่ (ยกเลิก 5/9/2556)
Compliance Fact (Food Registration 5): registration_number=10-1-02745-1-0079
Compliance Fact (Food Registration 5): product_name=ถั่วเหลือง(ตราด็อกเตอร์กรีน) / (DR.GREEN BRAND)SOY BEANS
Compliance Fact (Food Registration 5): company_name=ด็อกเตอร์กรีน
Compliance Fact (Food Registration 5): status=สถานะผลิตภัณฑ์(คงอยู่)\ สถานะสถานที่ (คงอยู่)
Compliance Fact (Safety Dosage): Not found
Compliance Fact (Safety Warning): Not found
Safety Fact (Active Ingredient): Houttuynia Cordata Extract
Safety Fact (Active Ingredient): Perilla Frutescens Leaf Extract
Safety Fact (Ingredient Purpose): Not found
Safety Fact (Uses): Clean the skin before use, spray an appropriate amount, and massage it to absorb enough. It can be used in all skin areas including the face and scalp.
Safety Fact (Warnings): Do not use in the following cases(Eczema and scalp wounds)
Safety Fact (Warnings): General Precautions (If in contact with the eyes, wash out thoroughty with water If the symptoms are servere, seek medical advice immediately)
Safety Fact (Warnings): Storage and handling precautions (If possible, avoid direct sunlight and store in cool and area of low humidity)
Safety Fact (Warnings): Storage and handling precautions (In order to maintain the quality of the product and avoid misuse)
Safety Fact (Warnings): Storage and handling precautions (Avoid placing the product near fire and store out in reach of children)
Safety Fact (Other Info): Not found
Safety Fact (Inactive Ingredients): Butylene Glycol
Safety Fact (Inactive Ingredients): Allantoin
Safety Fact (Inactive Ingredients): Panthenol
Safety Fact (Questions): Not found
Toxicity Fact (Mechanism): Not found
Toxicity Fact (Side Effects): Not found
Toxicity Fact (Case Reports): Not found
Culture Fact (Location - Ban Dong Bang): Prachinburi Province
Culture Fact (Ethnic Group - Ban Dong Bang): Thai
Culture Fact (Use - Ban Dong Bang): Relieve stomach pain (specific use for Khamin Chan)
Culture Fact (Use - Ban Dong Bang): Relieve fever (specific use for Bai Mon, as per Ban Sai Thong highlight, but grouped generally in article)
Culture Fact (Name Etymology - Ban Dong Bang): The name ""Ban Dong Bang"" is derived from the Thai words ""ban"" meaning village, ""dong"" meaning field, and ""bang"" meaning place. The name refers to the community's location in a fertile field near a river. No herbal-related information found regarding the name's etymology.
Culture Fact (Environment - Ban Dong Bang): Ban Dong Bang is situated in a rural area of Prachinburi Province, surrounded by lush forests and fertile fields. The community's environment is conducive to the growth of various herbs, which are used in traditional medicine. The community has a strong connection with nature, and many residents still practice sustainable farming and forestry methods.
Culture Fact (Local Wisdom - Ban Dong Bang): The community has a rich tradition of passing down local wisdom and knowledge from generation to generation. Elders in the community are respected for their expertise in herbal medicine, and many residents still seek their advice on health matters. The community's local wisdom is also reflected in their traditional practices, such as the use of herbal medicine to treat illnesses.
Culture Fact (Organization - Ban Dong Bang): Ban Dong Bang has several community organizations that promote the use of herbal medicine and traditional practices. The community has a herbal medicine cooperative that provides training and support to residents who want to learn about herbal medicine. The cooperative also sells herbal products made from locally sourced herbs.
Culture Fact (Processing - Ban Dong Bang): Drying
Culture Fact (Location - Ban Sai Thong): Chachoengsao Province
Culture Fact (Ethnic Group - Ban Sai Thong): Thai
Culture Fact (Use - Ban Sai Thong): Relieve fever (specific use for Bai Mon)
Culture Fact (Use - Ban Sai Thong): Relieve stomach pain (specific use for Khamin Chan, as per Ban Dong Bang highlight, but grouped generally in article)
Culture Fact (Name Etymology - Ban Sai Thong): The name ""Ban Sai Thong"" is derived from the Thai words ""ban"" meaning village, ""sai"" meaning sand, and ""thong"" meaning gold. The name refers to the community's location on a sandy beach near a river. No herbal-related information found regarding the name's etymology.
Culture Fact (Environment - Ban Sai Thong): Ban Sai Thong is situated in a rural area of Chachoengsao Province, surrounded by lush forests and fertile fields. The community's environment is conducive to the growth of various herbs, which are used in traditional medicine. The community has a strong connection with nature, and many residents still practice sustainable farming and forestry methods.
Culture Fact (Local Wisdom - Ban Sai Thong): The community has a rich tradition of passing down local wisdom and knowledge from generation to generation. Elders in the community are respected for their expertise in herbal medicine, and many residents still seek their advice on health matters. The community's local wisdom is also reflected in their traditional practices, such as the use of herbal medicine to treat illnesses.
Culture Fact (Organization - Ban Sai Thong): Ban Sai Thong has several community organizations that promote the use of herbal medicine and traditional practices. The community has a herbal medicine cooperative that provides training and support to residents who want to learn about herbal medicine. The cooperative also sells herbal products made from locally sourced herbs.
Culture Fact (Processing - Ban Sai Thong): Boiling
**Hallucinated Entities (Facts in Article but not Fact Sheet):**
Adding ""(Turmeric)"" as an equivalent for Khamin Chan.
**Feedback:** The article demonstrates significant data loss, particularly regarding specific compliance data (registration numbers, product names, company names, statuses) and detailed safety information (active/inactive ingredients, specific uses, detailed warnings). Many cultural facts, including locations, ethnic groups, detailed etymologies, environments, local wisdom specifics, and organizational details, were also omitted. While the article correctly handles explicit ""Not Found"" statements by acknowledging them or omitting them without invention, the overall transfer of granular facts is low. There was only one minor hallucination, which was the addition of a common name for Khamin Chan, not present in the original fact sheet. The clarity score is relatively high because the factual statements that *are* present are generally accurate and the article avoids inventing entirely new information, focusing instead on summarization and strategic interpretation.","*
Adding ""(Turmeric)"" as an equivalent for Khamin Chan.
**Feedback:** The article demonstrates significant data loss, particularly regarding specific compliance data (registration numbers, product names, company names, statuses) and detailed safety information (active/inactive ingredients, specific uses, detailed warnings). Many cultural facts, including locations, ethnic groups, detailed etymologies, environments, local wisdom specifics, and organizational details, were also omitted. While the article correctly handles explicit ""Not Found"" statements by acknowledging them or omitting them without invention, the overall transfer of granular facts is low. There was only one minor hallucination, which was the addition of a common name for Khamin Chan, not present in the original fact sheet. The clarity score is relatively high because the factual statements that *are* present are generally accurate and the article avoids inventing entirely new information, focusing instead on summarization and strategic interpretation.","** The article demonstrates good practical efficacy by connecting Glycine max to broader wellness themes and inferring market interest from available compliance data, even though specific trend data was not provided in the initial input (`context[0]`). This shows adaptability in making the content relevant to our audience. The implementation feasibility is excellent; the writer agent successfully integrated the structured compliance data (`context[1]`) and safety data (`context[2]`) into the article's ""Safety, Regulatory, and Constraints"" section. The split of tasks for gathering compliance and safety information is a highly scalable and efficient approach, ensuring accuracy and specialized data retrieval. The article is ready for publication, but for future iterations, ensuring robust and specific trend data is fed into the `analyze_trends_task` will further enhance the depth and precision of the ""Herbal in Wellness Trends"" section.","** The article demonstrates significant data loss, particularly regarding specific compliance data (registration numbers, product names, company names, statuses) and detailed safety information (active/inactive ingredients, specific uses, detailed warnings). Many cultural facts, including locations, ethnic groups, detailed etymologies, environments, local wisdom specifics, and organizational details, were also omitted. While the article correctly handles explicit ""Not Found"" statements by acknowledging them or omitting them without invention, the overall transfer of granular facts is low. There was only one minor hallucination, which was the addition of a common name for Khamin Chan, not present in the original fact sheet. The clarity score is relatively high because the factual statements that *are* present are generally accurate and the article avoids inventing entirely new information, focusing instead on summarization and strategic interpretation."
56.ดาวเรืองฝรั่ง_,Go,95,95,96,100,"*
Toxicity Fact (Mechanism): Not found (The article does not mention the absence of this information)
Toxicity Fact (Case Reports): Not found (The article does not mention the absence of this information)
**Hallucinated Entities (Facts in Article but not Fact Sheet):**
None
**Feedback:** The Final Article demonstrated high data integrity. All trend, lab, science, compliance, safety, culture, internal RAG facts, and source URLs (including their 'Not found' status) were accurately transferred or correctly omitted. The article successfully avoided any hallucination. Two toxicity facts, specifically the 'Not found' status for ""Mechanism"" and ""Case Reports,"" were omitted from the article, leading to a minor data loss in the robustness score. However, this omission did not result in hallucination, and the article correctly handled all other ""Not found"" findings, such as `citation_apa: not_found`, by explicitly stating their absence or appropriately omitting references.","*
None
**Feedback:** The Final Article demonstrated high data integrity. All trend, lab, science, compliance, safety, culture, internal RAG facts, and source URLs (including their 'Not found' status) were accurately transferred or correctly omitted. The article successfully avoided any hallucination. Two toxicity facts, specifically the 'Not found' status for ""Mechanism"" and ""Case Reports,"" were omitted from the article, leading to a minor data loss in the robustness score. However, this omission did not result in hallucination, and the article correctly handled all other ""Not found"" findings, such as `citation_apa: not_found`, by explicitly stating their absence or appropriately omitting references.","**
The article effectively synthesizes identified wellness trends for Calendula, making it highly relevant to our audience. The workflow design, with dedicated tasks for compliance and safety data gathering, proved efficient and scalable, enabling the writer to integrate crucial regulatory and safety information accurately into the final content. This modular approach significantly enhances the reliability and comprehensiveness of the output.# ===AUDIT_STRATEGY_REPORT===
*   **Practical Efficacy (Relevance):** 95%
*   **Implementation Feasibility (Scalability):** 95%
*   **Go/No-Go for Publication:** Go
*   **Feedback:** The article successfully synthesizes the identified wellness trends for Calendula, particularly its connection to immune-boosting practices, plant therapy, aromatherapy, and hot springs bathing. This makes the content highly relevant and engaging for our wellness audience. The workflow design, separating tasks for compliance and safety data gathering, proved to be highly effective. The writer agent clearly utilized the structured data from the compliance task (Thai FDA status, no food registrations) and integrated safety information (GRAS status, allergic reactions) into the ""Safety, Regulatory, and Constraints"" section. This modular approach is demonstrably scalable and efficient, ensuring comprehensive and accurate information is included without overburdening a single content creator. The system's ability to pull and integrate specialized data points is a significant strength for future content generation.","** The Final Article demonstrated high data integrity. All trend, lab, science, compliance, safety, culture, internal RAG facts, and source URLs (including their 'Not found' status) were accurately transferred or correctly omitted. The article successfully avoided any hallucination. Two toxicity facts, specifically the 'Not found' status for ""Mechanism"" and ""Case Reports,"" were omitted from the article, leading to a minor data loss in the robustness score. However, this omission did not result in hallucination, and the article correctly handled all other ""Not found"" findings, such as `citation_apa: not_found`, by explicitly stating their absence or appropriately omitting references."
57.ชะเอมเทศ,Go,95,90,70,92,"*
Trend Fact: Licorice root has been shown to have immunomodulatory effects, meaning it can help to regulate the immune system and prevent illness.
Trend Fact: Licorice root has been used to reduce stress and anxiety (specifically ""anxiety"" is dropped).
Culture Fact (Museum for Education): ethnic_group: Thai
Culture Fact (Museum for Education): name_etymology: The name ""ชะเอมเทศ"" (Cassia Fistula) is derived from the Thai words ""ชะเอม"" (cha-em) meaning ""cassia"" and ""เทศ"" (thet) meaning ""foreign"". This refers to the plant's origin from outside of Thailand.
Culture Fact (Museum for Education): community_environment: The community is located in the heart of Bangkok, with access to a wide range of herbal plants and traditional medicine. The community has developed a strong connection with the natural environment and has developed sustainable practices for harvesting and cultivating herbal plants.
Culture Fact (Museum for Education): local_wisdom: The community has a deep understanding of the traditional uses of Cassia Fistula, including its use as a treatment for fever and digestive issues. The community has also developed a range of traditional remedies using the plant, including teas and topical applications.
Culture Fact (Museum for Education): community_organizations: The community is supported by a range of organizations, including the Museum for Education and the Thai Traditional Medicine Association. These organizations provide training and resources for the community to develop their traditional medicine practices.
Culture Fact (Museum for Education): local_name: Cassia Fistula
Culture Fact (Museum for Education): traditional_use: Treatment for fever and digestive issues
Culture Fact (Museum for Education): processing_method: Grinding into a fine powder for use in traditional medicine
Culture Fact (Wat Phra Chetuphon Wimonmangkhalaram): location: Bangkok
Culture Fact (Wat Phra Chetuphon Wimonmangkhalaram): ethnic_group: Thai
Culture Fact (Wat Phra Chetuphon Wimonmangkhalaram): name_etymology: The name ""ชะเอมเทศ"" (Cassia Fistula) is derived from the Thai words ""ชะเอม"" (cha-em) meaning ""cassia"" and ""เทศ"" (thet) meaning ""foreign"". This refers to the plant's origin from outside of Thailand.
Culture Fact (Wat Phra Chetuphon Wimonmangkhalaram): community_environment: The community is located in the heart of Bangkok, with access to a wide range of herbal plants and traditional medicine. The community has developed a strong connection with the natural environment and has developed sustainable practices for harvesting and cultivating herbal plants.
Culture Fact (Wat Phra Chetuphon Wimonmangkhalaram): local_wisdom: The community has a deep understanding of the traditional uses of Cassia Fistula, including its use as a treatment for fever and digestive issues. The community has also developed a range of traditional remedies using the plant, including teas and topical applications.
Culture Fact (Wat Phra Chetuphon Wimonmangkhalaram): community_organizations: The community is supported by a range of organizations, including the Thai Traditional Medicine Association. These organizations provide training and resources for the community to develop their traditional medicine practices.
Culture Fact (Wat Phra Chetuphon Wimonmangkhalaram): local_name: Cassia Fistula
Culture Fact (Wat Phra Chetuphon Wimonmangkhalaram): traditional_use: Treatment for fever and digestive issues
Culture Fact (Wat Phra Chetuphon Wimonmangkhalaram): processing_method: Grinding into a fine powder for use in traditional medicine
Culture Fact (Wat Bowonniwet Wihan): location: Bangkok
Culture Fact (Wat Bowonniwet Wihan): ethnic_group: Thai
Culture Fact (Wat Bowonniwet Wihan): name_etymology: The name ""ชะเอมเทศ"" (Cassia Fistula) is derived from the Thai words ""ชะเอม"" (cha-em) meaning ""cassia"" and ""เทศ"" (thet) meaning ""foreign"". This refers to the plant's origin from outside of Thailand.
Culture Fact (Wat Bowonniwet Wihan): community_environment: The community is located in the heart of Bangkok, with access to a wide range of herbal plants and traditional medicine. The community has developed a strong connection with the natural environment and has developed sustainable practices for harvesting and cultivating herbal plants.
Culture Fact (Wat Bowonniwet Wihan): local_wisdom: The community has a deep understanding of the traditional uses of Cassia Fistula, including its use as a treatment for fever and digestive issues. The community has also developed a range of traditional remedies using the plant, including teas and topical applications.
Culture Fact (Wat Bowonniwet Wihan): community_organizations: The community is supported by a range of organizations, including the Thai Traditional Medicine Association. These organizations provide training and resources for the community to develop their traditional medicine practices.
Culture Fact (Wat Bowonniwet Wihan): local_name: Cassia Fistula
Culture Fact (Wat Bowonniwet Wihan): traditional_use: Treatment for fever and digestive issues
Culture Fact (Wat Bowonniwet Wihan): processing_method: Grinding into a fine powder for use in traditional medicine
Internal RAG Fact (Herbal): Traditional Thai medicine is considered outdated and not suitable for modern times.
Internal RAG Fact (Herbal): Traditional Thai medicine can be effective in treating minor ailments and reducing medical expenses.
Internal RAG Fact (Herbal): Importance of self-sufficiency in food production and the use of local herbs for health benefits.
Internal RAG Fact (Herbal): Mentions the use of certain herbal remedies, such as ""คั่วบานะบายข้าวกิน,"" to alleviate symptoms of illness.
**Hallucinated Entities (Facts in Article but not Fact Sheet):**
Glycyrrhiza glabra is described as ""native to Asia and Europe.""
Isoliquiritigenin is stated to have ""anti-inflammatory properties and and may help to reduce the severity of colds and flu."" (Fact Sheet attributes these benefits to ""licorice root"" generally, not specifically isoliquiritigenin.)
The communities of Wat Phra Chetuphon Wimonmangkhalaram and Wat Bowonniwet Wihan are stated to have developed traditional remedies using *Glycyrrhiza glabra*, including teas and topical applications. (Fact Sheet explicitly states these communities use *Cassia Fistula*.)
The article suggests that ""clear dosage instructions and warnings should be provided to consumers.""
The article suggests it ""may be possible to develop products that isolate and concentrate this compound (isoliquiritigenin).""
The article includes a ""strategic recommendation for new product development"" to focus on leveraging benefits and addressing safety concerns.
**Feedback:** The article successfully transferred a significant portion of the factual content and correctly handled all ""Not found"" entries from the Master Fact Sheet by either omitting the information or explicitly stating its absence. However, there was a notable loss of detailed cultural information, particularly regarding the specific local wisdom and practices related to *Cassia Fistula* which were erroneously attributed to *Glycyrrhiza glabra* in the article. Several recommendations and inferences were also presented as factual claims, leading to instances of hallucination. The most critical hallucination involves the misattribution of the herb *Cassia Fistula* to *Glycyrrhiza glabra* in the context of specific Thai traditional medicine communities.","*
Glycyrrhiza glabra is described as ""native to Asia and Europe.""
Isoliquiritigenin is stated to have ""anti-inflammatory properties and and may help to reduce the severity of colds and flu."" (Fact Sheet attributes these benefits to ""licorice root"" generally, not specifically isoliquiritigenin.)
The communities of Wat Phra Chetuphon Wimonmangkhalaram and Wat Bowonniwet Wihan are stated to have developed traditional remedies using *Glycyrrhiza glabra*, including teas and topical applications. (Fact Sheet explicitly states these communities use *Cassia Fistula*.)
The article suggests that ""clear dosage instructions and warnings should be provided to consumers.""
The article suggests it ""may be possible to develop products that isolate and concentrate this compound (isoliquiritigenin).""
The article includes a ""strategic recommendation for new product development"" to focus on leveraging benefits and addressing safety concerns.
**Feedback:** The article successfully transferred a significant portion of the factual content and correctly handled all ""Not found"" entries from the Master Fact Sheet by either omitting the information or explicitly stating its absence. However, there was a notable loss of detailed cultural information, particularly regarding the specific local wisdom and practices related to *Cassia Fistula* which were erroneously attributed to *Glycyrrhiza glabra* in the article. Several recommendations and inferences were also presented as factual claims, leading to instances of hallucination. The most critical hallucination involves the misattribution of the herb *Cassia Fistula* to *Glycyrrhiza glabra* in the context of specific Thai traditional medicine communities.","** The article demonstrates excellent practical efficacy by successfully synthesizing all identified wellness trends related to Licorice root (Glycyrrhiza glabra) from the `TRENDS_DATA`. It accurately highlights its traditional uses in immune support, stress reduction, anti-inflammatory properties, and digestive health, making it highly relevant to our wellness audience. The inclusion of scientific deep-dives further enhances its value.

Regarding feasibility, the workflow design, particularly the split of tasks for compliance and safety data gathering, is robust, scalable, and efficient. The writer agent effectively utilized the output from these tasks. For compliance, it correctly noted the absence of specific Thai FDA registrations. For safety, it accurately identified the lack of comprehensive safety and toxicity data in the provided context, which is a crucial output for content strategy. This demonstrates that the system can handle both the presence and absence of specific structured data effectively, making the overall workflow viable for future content generation. The article is ready for publication, with an internal recommendation to continue efforts in acquiring more comprehensive safety and regulatory data for future content iterations and product development.","** The article successfully transferred a significant portion of the factual content and correctly handled all ""Not found"" entries from the Master Fact Sheet by either omitting the information or explicitly stating its absence. However, there was a notable loss of detailed cultural information, particularly regarding the specific local wisdom and practices related to *Cassia Fistula* which were erroneously attributed to *Glycyrrhiza glabra* in the article. Several recommendations and inferences were also presented as factual claims, leading to instances of hallucination. The most critical hallucination involves the misattribution of the herb *Cassia Fistula* to *Glycyrrhiza glabra* in the context of specific Thai traditional medicine communities."
58.สมอพิเภก,No-Go,30,90,77,67,"*
Culture Fact (Ethnic Group - Ban Dong Bang): Thai
Culture Fact (Name Etymology - Ban Dong Bang): The name ""Ban Dong Bang"" is derived from the Thai words ""ban"" meaning village, ""dong"" meaning field, and ""bang"" meaning river. According to local legend, the community was founded by a group of settlers who arrived at the confluence of two rivers and established a village in the fertile fields nearby. Over time, the community developed a strong tradition of herbal medicine, which has become an integral part of its identity.
Culture Fact (Environment - Ban Dong Bang): Ban Dong Bang is situated in a rural area of Prachinburi Province, surrounded by lush forests and rolling hills. The community's proximity to nature has allowed its members to develop a deep understanding of the local ecosystem and the medicinal properties of the plants that grow there. The community's traditional herbal practices are closely tied to the natural environment, and its members continue to work to preserve the local flora and fauna.
Culture Fact (Organization - Ban Dong Bang): Ban Dong Bang has a number of community organizations that work to preserve traditional herbal medicine. The community has established a traditional medicine center, which provides training and education in herbal medicine. The community also has a number of herbal medicine cooperatives, which work to promote the use of traditional herbal remedies.
Culture Fact (Processing - Ban Dong Bang): Drying
**Hallucinated Entities (Facts in Article but not Fact Sheet):**
""suggests a potential market opportunity"" (Introduction to Herbal Trends)
""The development of Triphala-based functional food products indicates a growing interest"" (Introduction to Herbal Trends)
""presents an opportunity to develop new products that cater to the increasing demand for natural, herbal, and traditional remedies."" (Introduction to Herbal Trends)
""It is crucial to conduct thorough safety assessments, including human clinical trials, to establish safe dosage ranges and to monitor for any potential side effects."" (Safety, Regulatory, and Constraints)
""The strategic plan for new product development based on Terminalia bellirica identifies a market opportunity in the growing demand for natural, herbal, and traditional remedies."" (Strategic Analysis and Product Opportunities)
""However, critical constraints, including the need for comprehensive safety testing, must be addressed."" (Strategic Analysis and Product Opportunities)
""The strategic recommendation is to develop a line of herbal supplements or functional foods incorporating Terminalia bellirica, prioritizing safety and leveraging traditional knowledge and modern safety standards."" (Strategic Analysis and Product Opportunities)
""presents a unique opportunity for the development of new herbal supplements or functional foods."" (Conclusion)
""By combining traditional wisdom with modern safety standards and consumer preferences, it is possible to create a competitive product line that appeals to those seeking natural health solutions."" (Conclusion)
""However, it is crucial to address the critical constraints, including the need for comprehensive safety testing, to ensure the well-being of consumers."" (Conclusion)
**Feedback:** The article demonstrated good adherence in transferring core scientific, toxicity, and some cultural facts. The handling of ""Not Found"" statements from the Fact Sheet was consistently correct, either by explicitly mentioning the absence of information or by appropriate omission. However, several specific and detailed cultural facts were omitted, leading to a notable data loss in that category. The primary concern for clarity and hallucination stems from the strategic analysis and conclusion sections. These sections frequently introduced statements regarding ""market opportunities,"" ""growing demand,"" and ""strategic recommendations"" as if they were direct facts or unequivocally derived from the Fact Sheet, rather than clearly presenting them as inferences or proposals. This constitutes hallucination as these specific ""facts"" or definitive claims were not present in the Master Fact Sheet. Additionally, a minor factual inaccuracy was observed in the ""Herbal Knowledge Summary,"" where ""สมอพิเภก in Thai"" was incorrectly transcribed as ""Terminalia bellirica"" in the context of what was not explicitly mentioned in the internal knowledge.","*
""suggests a potential market opportunity"" (Introduction to Herbal Trends)
""The development of Triphala-based functional food products indicates a growing interest"" (Introduction to Herbal Trends)
""presents an opportunity to develop new products that cater to the increasing demand for natural, herbal, and traditional remedies."" (Introduction to Herbal Trends)
""It is crucial to conduct thorough safety assessments, including human clinical trials, to establish safe dosage ranges and to monitor for any potential side effects."" (Safety, Regulatory, and Constraints)
""The strategic plan for new product development based on Terminalia bellirica identifies a market opportunity in the growing demand for natural, herbal, and traditional remedies."" (Strategic Analysis and Product Opportunities)
""However, critical constraints, including the need for comprehensive safety testing, must be addressed."" (Strategic Analysis and Product Opportunities)
""The strategic recommendation is to develop a line of herbal supplements or functional foods incorporating Terminalia bellirica, prioritizing safety and leveraging traditional knowledge and modern safety standards."" (Strategic Analysis and Product Opportunities)
""presents a unique opportunity for the development of new herbal supplements or functional foods."" (Conclusion)
""By combining traditional wisdom with modern safety standards and consumer preferences, it is possible to create a competitive product line that appeals to those seeking natural health solutions."" (Conclusion)
""However, it is crucial to address the critical constraints, including the need for comprehensive safety testing, to ensure the well-being of consumers."" (Conclusion)
**Feedback:** The article demonstrated good adherence in transferring core scientific, toxicity, and some cultural facts. The handling of ""Not Found"" statements from the Fact Sheet was consistently correct, either by explicitly mentioning the absence of information or by appropriate omission. However, several specific and detailed cultural facts were omitted, leading to a notable data loss in that category. The primary concern for clarity and hallucination stems from the strategic analysis and conclusion sections. These sections frequently introduced statements regarding ""market opportunities,"" ""growing demand,"" and ""strategic recommendations"" as if they were direct facts or unequivocally derived from the Fact Sheet, rather than clearly presenting them as inferences or proposals. This constitutes hallucination as these specific ""facts"" or definitive claims were not present in the Master Fact Sheet. Additionally, a minor factual inaccuracy was observed in the ""Herbal Knowledge Summary,"" where ""สมอพิเภก in Thai"" was incorrectly transcribed as ""Terminalia bellirica"" in the context of what was not explicitly mentioned in the internal knowledge.","** The article's Practical Efficacy is severely hampered by the explicit statement that ""specific trend facts are not provided"" in the ""Introduction to Herbal Trends"" section. This indicates a critical failure in the upstream `analyze_trends_task` or the delivery of its output to the writer. Consequently, the article cannot genuinely synthesize identified trends, making its relevance to our wellness audience speculative rather than data-driven. While the article attempts to connect Terminalia bellirica to general wellness themes, it lacks the targeted alignment that comes from specific trend analysis.

Conversely, the Implementation Feasibility of the workflow design is high. The strategy of splitting data gathering into specialized tasks (trends, compliance, safety) and then feeding this structured data to a writer is inherently scalable, efficient, and allows for focused expertise. The writer agent did incorporate some safety data into the dedicated section, demonstrating an attempt to utilize provided inputs. The article's mention of an ""absence of detailed safety facts"" suggests that the issue lies with the *completeness of the output* from the `find_safety_data_task`, rather than the writer's inability to process it. The overall workflow design is sound.

However, due to the significant gap in trend data and the acknowledged lack of detailed safety information, the article is a **No-Go for Publication**. Content without clear strategic market alignment (from trends) and comprehensive safety details is not ready for our audience. The upstream data gathering tasks for trends and safety must be re-executed and verified to provide complete and actionable information before the article can be revised and considered for publication.","** The article demonstrated good adherence in transferring core scientific, toxicity, and some cultural facts. The handling of ""Not Found"" statements from the Fact Sheet was consistently correct, either by explicitly mentioning the absence of information or by appropriate omission. However, several specific and detailed cultural facts were omitted, leading to a notable data loss in that category. The primary concern for clarity and hallucination stems from the strategic analysis and conclusion sections. These sections frequently introduced statements regarding ""market opportunities,"" ""growing demand,"" and ""strategic recommendations"" as if they were direct facts or unequivocally derived from the Fact Sheet, rather than clearly presenting them as inferences or proposals. This constitutes hallucination as these specific ""facts"" or definitive claims were not present in the Master Fact Sheet. Additionally, a minor factual inaccuracy was observed in the ""Herbal Knowledge Summary,"" where ""สมอพิเภก in Thai"" was incorrectly transcribed as ""Terminalia bellirica"" in the context of what was not explicitly mentioned in the internal knowledge."
59.มะพร้าว,Go,85,95,44,72,"*
**From Compliance Facts (for each of the 5 food registrations):**
Registration Number (e.g., 10-1-00337-1-0261)
Company Name (e.g., ห้างหุ้นส่วนจำกัด ฟลาวเวอร์ ฟูด)
Status (e.g., ""สถานะผลิตภัณฑ์(คงอยู่)\ สถานะสถานที่ (คงอยู่)"")
**From Culture Fact (Ban Suan Thung):**
Ethnic Group: Thai
Specific details from Community Highlight: ""self-sufficient economy community"", ""grown in a water-filled ditch"", ""makes the coconut trees grow well"", ""Coconuts produce clear sugar when made into coconut sugar""
**From Culture Fact (Bang O Mosque Community):**
Community name: Bang O Mosque Community
Location: Samut Songkhram Province
Ethnic Group: Thai
Local Name: ""Coconut, which has a sweet taste and is sweeter than the dough.""
Use: ""Khanom Sai, or Khanom Sod Sai, is an ancient Thai dessert that uses coconut, flour, and sugar as main ingredients.""
Processing: ""Making dough uses glutinous rice flour and water.""
**From Internal RAG Fact (Herbal):**
""The context also touches on the traditional methods of preparing and consuming these herbs, such as making ""คั่วบานะบายข้าวกิน"" to improve appetite during seasonal changes.""
""Additionally, it mentions the use of certain herbs in traditional Thai medicine, but does not specifically mention Cocos nucifera."" (The article only states the first part of this fact.)
""The context emphasizes the value of traditional Thai wisdom in using herbs for health benefits and the potential for reducing reliance on imported medicines.""
**From Internal RAG Fact (Cultural):**
""Overall, coconut is considered a versatile and nutritious food in Thai culture, and its various uses are deeply rooted in traditional Thai wisdom.""
**Hallucinated Entities (Facts in Article but not Fact Sheet):**
""growing demand for coconut-based products in the market"" (inference)
""potential market opportunity for developing new products that leverage the health benefits and cultural value of coconut"" (inference)
""there is no specific scientific research or study found."" (misrepresentation, as Science Fact (Herb) and Science Source URLs exist in the Fact Sheet)
""These products are registered with the Thai FDA, indicating that they have met certain safety and regulatory standards."" (inference/assumption regarding FDA and specific standards)
""The technical feasibility of extracting and processing coconut compounds has already been established"" (direct contradiction of `Lab Fact (Extraction Method): Not found` in the Fact Sheet)
""cultural facts highlight the traditional methods of processing coconut, which could be adapted and scaled up for industrial production."" (speculation)
""it is essential to conduct thorough research and testing to ensure the safety and efficacy of any new product developed from coconut."" (general advice)
**Feedback:** The article demonstrates significant data loss, particularly regarding detailed compliance information (registration numbers, company names, statuses) and specific cultural facts from both Ban Suan Thung and Bang O Mosque communities. Key details from Internal RAG facts were also omitted. The Collaboration Robustness score reflects this substantial loss of information. While the article generally handles ""Not found"" statements correctly by acknowledging their absence, a critical hallucination occurred where the article claimed ""The technical feasibility of extracting and processing coconut compounds has already been established,"" directly contradicting the Master Fact Sheet's explicit statement of `Lab Fact (Extraction Method): Not found`. Several other inferences, speculations, and general advice statements were introduced without being sourced from the Fact Sheet. The Explanation Clarity score is impacted by these hallucinations, even though many ""Not found"" scenarios were handled appropriately.","*
""growing demand for coconut-based products in the market"" (inference)
""potential market opportunity for developing new products that leverage the health benefits and cultural value of coconut"" (inference)
""there is no specific scientific research or study found."" (misrepresentation, as Science Fact (Herb) and Science Source URLs exist in the Fact Sheet)
""These products are registered with the Thai FDA, indicating that they have met certain safety and regulatory standards."" (inference/assumption regarding FDA and specific standards)
""The technical feasibility of extracting and processing coconut compounds has already been established"" (direct contradiction of `Lab Fact (Extraction Method): Not found` in the Fact Sheet)
""cultural facts highlight the traditional methods of processing coconut, which could be adapted and scaled up for industrial production."" (speculation)
""it is essential to conduct thorough research and testing to ensure the safety and efficacy of any new product developed from coconut."" (general advice)
**Feedback:** The article demonstrates significant data loss, particularly regarding detailed compliance information (registration numbers, company names, statuses) and specific cultural facts from both Ban Suan Thung and Bang O Mosque communities. Key details from Internal RAG facts were also omitted. The Collaboration Robustness score reflects this substantial loss of information. While the article generally handles ""Not found"" statements correctly by acknowledging their absence, a critical hallucination occurred where the article claimed ""The technical feasibility of extracting and processing coconut compounds has already been established,"" directly contradicting the Master Fact Sheet's explicit statement of `Lab Fact (Extraction Method): Not found`. Several other inferences, speculations, and general advice statements were introduced without being sourced from the Fact Sheet. The Explanation Clarity score is impacted by these hallucinations, even though many ""Not found"" scenarios were handled appropriately.","** The article successfully synthesizes the available information, particularly the compliance data (Thai FDA registrations) and traditional wisdom, to infer market relevance for Cocos nucifera. While the explicit ""Trends Data"" (context[0]) was not provided in the input, the article correctly acknowledged the absence of specific trend facts and intelligently used the compliance data to suggest growing demand, which is a relevant strategic inference. This demonstrates the writer's ability to extract value even from incomplete data sets.

Regarding feasibility, the writer agent effectively utilized the structured `Compliance Data` (context[1]) to detail regulatory status. Crucially, it also accurately identified and reported the incompleteness of ""Toxicity Facts and Safety Facts,"" indicating it attempted to use `Safety Data` (context[2]) but found it lacking (as it was not provided in the input). This robust handling of missing data is excellent. The overall workflow design, with dedicated tasks for compliance and safety data gathering, is highly scalable and efficient. It allows for specialized data collection, ensuring that even when data is missing, the content production process can proceed, with the article transparently reflecting those gaps. The system's design for data splitting is sound, even if the upstream data delivery was incomplete in this specific instance. The article is well-prepared for publication, with the understanding that any scientific/safety depth limitations are due to upstream data availability, which the article itself notes.","** The article demonstrates significant data loss, particularly regarding detailed compliance information (registration numbers, company names, statuses) and specific cultural facts from both Ban Suan Thung and Bang O Mosque communities. Key details from Internal RAG facts were also omitted. The Collaboration Robustness score reflects this substantial loss of information. While the article generally handles ""Not found"" statements correctly by acknowledging their absence, a critical hallucination occurred where the article claimed ""The technical feasibility of extracting and processing coconut compounds has already been established,"" directly contradicting the Master Fact Sheet's explicit statement of `Lab Fact (Extraction Method): Not found`. Several other inferences, speculations, and general advice statements were introduced without being sourced from the Fact Sheet. The Explanation Clarity score is impacted by these hallucinations, even though many ""Not found"" scenarios were handled appropriately."
60.หอมหัวใหญ่_,Go,95,90,50,100,"*
Trend Fact: Use coriander as a side dish.
Lab Fact (Quality Control): No quality control information found.
Science Fact (Herb): No herb name scientific information found.
Science Fact (Compound): No compound name information found.
Compliance Fact (Food Registration 3): registration_number=10-1-10758-5-0096, product_name=Red Onion Vacuum, company_name=Natural and Premium Food Co., Ltd., status=Active
Compliance Fact (Food Registration 4): registration_number=10-1-10758-5-0347, product_name=Onion Powder, company_name=Natural and Premium Food Co., Ltd., status=Active
Compliance Fact (Food Registration 5): registration_number=10-1-10758-5-0495, product_name=Yellow and Red Onion Vacuum, company_name=Natural and Premium Food Co., Ltd., status=Active
Compliance Fact (Safety Dosage): No safety dosage information found.
Compliance Fact (Safety Warning): No safety warning information found.
Safety Fact (Active Ingredient): No active ingredient information found.
Safety Fact (Ingredient Purpose): No ingredient purpose information found.
Safety Fact (Uses): No uses information found.
Safety Fact (Warnings): No warnings information found.
Safety Fact (Directions): No directions information found.
Safety Fact (Other Info): No other information found.
Safety Fact (Inactive Ingredients): No inactive ingredients information found.
Safety Fact (Questions): No questions information found.
Toxicity Fact (Mechanism): No mechanism of injury information found.
Culture Fact (Indigenous Community): ethnic_group=Indigenous
Culture Fact (Indigenous Community): name_etymology=No herbal-related information found.
Culture Fact (Indigenous Community): community_organizations=The community has a number of organizations that work together to manage the forest resources and promote sustainable livelihoods.
Culture Fact (Indigenous Community): local_name=Elephant Garlic
Culture Fact (Indigenous Community): traditional_use=Cultivating Elephant Garlic
Culture Fact (Indigenous Community): processing_method=Cultivating Elephant Garlic
Culture Fact (Brunei): location=Brunei
Culture Fact (Brunei): ethnic_group=Brunei
Culture Fact (Brunei): name_etymology=No herbal-related information found.
Culture Fact (Brunei): community_environment=The community is located in a tropical region with a diverse range of flora and fauna.
Culture Fact (Brunei): community_organizations=The community has a number of organizations that work together to promote sustainable livelihoods and preserve traditional knowledge.
Culture Fact (Brunei): local_name=Elephant Garlic
Culture Fact (Brunei): traditional_use=Using Elephant Garlic in Cooking
Culture Fact (Brunei): processing_method=Using Elephant Garlic in Cooking
Culture Fact (Bang Ao Mosque Community): location=Bang Ao
Culture Fact (Bang Ao Mosque Community): ethnic_group=Bang Ao Mosque Community
Culture Fact (Bang Ao Mosque Community): name_etymology=No herbal-related information found.
Culture Fact (Bang Ao Mosque Community): community_environment=The community is located in a urban region with a diverse range of flora and fauna.
Culture Fact (Bang Ao Mosque Community): community_organizations=The community has a number of organizations that work together to promote sustainable livelihoods and preserve traditional knowledge.
Culture Fact (Bang Ao Mosque Community): local_name=Elephant Garlic
Culture Fact (Bang Ao Mosque Community): traditional_use=Using Elephant Garlic in Cooking
Culture Fact (Bang Ao Mosque Community): processing_method=Using Elephant Garlic in Cooking
Source URL (Compliance): No compliance source URL information found.
Source URL (Safety): No safety source URL information found.
Source URL (Toxicity): No toxicity source URL information found.
**Hallucinated Entities (Facts in Article but not Fact Sheet):**
None
**Feedback:**","*
None
**Feedback:**","** The article demonstrates excellent practical efficacy, successfully synthesizing all identified wellness trends regarding onion's seasonal relevance and dietary recommendations for a wellness audience. The content is highly relevant and directly addresses the insights from the trends data.

Regarding implementation feasibility, the writer agent effectively utilized the structured compliance data, citing specific registration numbers and product names, which is a clear indicator of successful data integration from the `check_compliance_task`. The article also appropriately addresses the limited scientific and safety data, reflecting a realistic outcome from the `find_safety_data_task`. This modular approach, where data is gathered by specialized tasks (`analyze_trends_task`, `check_compliance_task`, `find_safety_data_task`) before being synthesized by the writer, is highly scalable and efficient. It allows for focused data retrieval, reduces redundancy, and ensures that the final content is built upon accurate, pre-vetted information. This workflow design is robust and well-suited for producing high-quality, compliant, and relevant content at scale. The article is ready for publication.","**
    The robustness score of 50% indicates significant data loss. Out of 88 distinct facts identified in the Master Fact Sheet, 44 were not explicitly transferred to the Final Article. This includes numerous ""No information found"" facts from Lab, Science, Compliance, Safety, and Toxicity sections, as well as specific details from the Culture Facts for all three communities (e.g., ethnic group, location, name etymology, organizations, local name, traditional use, processing method). While the article generalized some ""no info"" statements, it did not capture all distinct instances. Furthermore, three specific food registrations and three source URLs for compliance, safety, and toxicity were also dropped.

    The clarity score of 100% is achieved because no facts were hallucinated. All information presented in the Final Article was either directly present in the Master Fact Sheet or constituted a reasonable inference/generalization based solely on the provided facts. The handling of `citation_apa: not_found` was also correct, with the article explicitly stating ""not found"" for the reference instead of inventing a citation."
61.ผักเบี้ยใหญ่,Go,80,90,46,42,"*
`Compliance Fact (Food Registration 1)`: ""None found."" (The fact of no food registration was not mentioned).
`Compliance Fact (Cosmetic Registration 1)`: Full details (registration_number=10-1-6200004631, company_name=บริษัท คอมเพล็กชั่น ซายน์ จำกัด, status=คงอยู่) for product ""อภัยภูเบศร ผักเบี้ยใหญ่ ฟิสิคอล ซีซี ครีม เอสพีเอฟ 50 พีเอ+++ เบอร์ 30"". (Only the product name was partially used).
`Compliance Fact (Cosmetic Registration 2)`: All details for ""อภัยภูเบศร ผักเบี้ยใหญ่ เซนซิทีฟ คลีนซิ่ง วอเตอร์"".
`Compliance Fact (Cosmetic Registration 3)`: All details for ""อภัยภูเบศร ผักเบี้ยใหญ่ เซนซิทีฟ บอดี้ โลชั่น"".
`Compliance Fact (Cosmetic Registration 4)`: All details for ""อภัยภูเบศร ผักเบี้ยใหญ่ เดอร์ม่า ฟิลเลอร์"".
`Culture Fact (Location - Sala Sung Municipality, Lopburi)`: ""Thale Chup Son Subdistrict, Mueang District, Lopburi Province"".
`Culture Fact (Community Highlight - Sala Sung Municipality, Lopburi)`: The full text: ""The Sala Sung Municipality in Lopburi Province is home to the ancient Mon community, known for their rich cultural heritage and traditional practices. The community has a strong emphasis on preserving their ancient traditions, including the use of herbal remedies. However, no specific information on herbal-related strengths was found."" (While elements are mentioned, the complete fact as a single entity is not transferred).
`Culture Fact (Name Etymology - Sala Sung Municipality, Lopburi)`: ""The name ""Lopburi"" is derived from the ancient Mon language, with ""Lavo"" meaning ""city"" and ""Pura"" meaning ""land"". This etymology is related to the ancient Mon kingdom that once flourished in the area.""
`Culture Fact (Environment - Sala Sung Municipality, Lopburi)`: The full text: ""The community is situated in a rural area, surrounded by lush green forests and fertile plains. The environment is conducive to the growth of various herbs and plants, which are used in traditional medicine. However, no specific information on herbal-related environment was found."" (The ""no specific information"" clause of this fact was dropped).
`Culture Fact (Local Wisdom - Sala Sung Municipality, Lopburi)`: The full text: ""The ancient Mon community has a rich tradition of using herbal remedies for various ailments. However, no specific information on local wisdom related to herbs was found."" (The ""no specific information"" clause of this fact was dropped).
`Culture Fact (Organization - Sala Sung Municipality, Lopburi)`: ""The community has several organizations that work towards preserving their cultural heritage and traditional practices. However, no specific information on community organizations related to herbs was found.""
`Culture Fact (Local Name - Sala Sung Municipality, Lopburi)`: ""Lavo Pura"".
`Culture Fact (Use - Sala Sung Municipality, Lopburi)`: ""Making merit"".
`Culture Fact (Processing - Sala Sung Municipality, Lopburi)`: ""Inscription"".
`Internal RAG Fact (Herbal)`: The full text regarding Portulaca oleracea not being explicitly mentioned in internal knowledge, discussion about Thai traditional medicine being old-fashioned but reducing expenses, locally grown herbs, etc.
**Hallucinated Entities (Facts in Article but not Fact Sheet):**
""suggests a growing demand for products incorporating this herb.""
""indicate a potential market for products targeting skin health and protection.""
""...using locally grown herbs highlights the importance of traditional knowledge in the development of new products.""
""...it is essential to consider potential constraints in product development.""
""...indicates compliance with relevant regulatory requirements.""
""However, further research is necessary to ensure the safe use of Portulaca oleracea in new products.""
""The market opportunity for products utilizing Portulaca oleracea is significant, particularly in the cosmetic and pharmaceutical industries.""
""The technical feasibility of developing new products is supported by the successful extraction and identification of compounds such as PoMPK3."" (The assertion of ""technical feasibility"" beyond the mere identification of PoMPK3).
""...must be addressed through further research and compliance with regulatory requirements.""
""A strategic recommendation for new product development would be to focus on the creation of cosmetic and pharmaceutical products that leverage the anti-inflammatory and protective effects of Portulaca oleracea.""
""In conclusion, Portulaca oleracea is a plant with significant potential in the development of new products, particularly in the cosmetic and pharmaceutical industries.""
""...indicate a promising market for products targeting skin health and protection.""
""However, further research is necessary to ensure the safe use of Portulaca oleracea in new products and to comply with relevant regulatory requirements.""
""By leveraging the traditional wisdom and scientific knowledge of Portulaca oleracea, companies can capitalize on the growing demand for products incorporating this herb while minimizing potential risks and ensuring the well-being of consumers.""
**Feedback:** The article successfully incorporated the scientific abstracts, APA citations, scientific source URLs, and the main cultural RAG fact. It also correctly handled several ""not found"" facts (e.g., trend facts, safety/toxicity concerns) by explicitly stating their absence or omitting them. However, the robustness score is significantly impacted by the omission of specific details from multiple cosmetic registrations and several specific cultural facts (e.g., location subdistrict, name etymology, local name, traditional use, processing method). The ""Internal RAG Fact (Herbal)"" was also entirely dropped. The clarity score suffers due to a substantial number of statements that are inferences, speculations, or strategic recommendations not directly present in the Master Fact Sheet, constituting hallucination. Additionally, some ""not found"" clauses within composite cultural facts and the ""None found"" status for food registration were implicitly omitted rather than explicitly addressed, which, while not inventing information, represents a slight data loss of negative facts.","*
""suggests a growing demand for products incorporating this herb.""
""indicate a potential market for products targeting skin health and protection.""
""...using locally grown herbs highlights the importance of traditional knowledge in the development of new products.""
""...it is essential to consider potential constraints in product development.""
""...indicates compliance with relevant regulatory requirements.""
""However, further research is necessary to ensure the safe use of Portulaca oleracea in new products.""
""The market opportunity for products utilizing Portulaca oleracea is significant, particularly in the cosmetic and pharmaceutical industries.""
""The technical feasibility of developing new products is supported by the successful extraction and identification of compounds such as PoMPK3."" (The assertion of ""technical feasibility"" beyond the mere identification of PoMPK3).
""...must be addressed through further research and compliance with regulatory requirements.""
""A strategic recommendation for new product development would be to focus on the creation of cosmetic and pharmaceutical products that leverage the anti-inflammatory and protective effects of Portulaca oleracea.""
""In conclusion, Portulaca oleracea is a plant with significant potential in the development of new products, particularly in the cosmetic and pharmaceutical industries.""
""...indicate a promising market for products targeting skin health and protection.""
""However, further research is necessary to ensure the safe use of Portulaca oleracea in new products and to comply with relevant regulatory requirements.""
""By leveraging the traditional wisdom and scientific knowledge of Portulaca oleracea, companies can capitalize on the growing demand for products incorporating this herb while minimizing potential risks and ensuring the well-being of consumers.""
**Feedback:** The article successfully incorporated the scientific abstracts, APA citations, scientific source URLs, and the main cultural RAG fact. It also correctly handled several ""not found"" facts (e.g., trend facts, safety/toxicity concerns) by explicitly stating their absence or omitting them. However, the robustness score is significantly impacted by the omission of specific details from multiple cosmetic registrations and several specific cultural facts (e.g., location subdistrict, name etymology, local name, traditional use, processing method). The ""Internal RAG Fact (Herbal)"" was also entirely dropped. The clarity score suffers due to a substantial number of statements that are inferences, speculations, or strategic recommendations not directly present in the Master Fact Sheet, constituting hallucination. Additionally, some ""not found"" clauses within composite cultural facts and the ""None found"" status for food registration were implicitly omitted rather than explicitly addressed, which, while not inventing information, represents a slight data loss of negative facts.","** The article is well-written and effectively synthesizes available scientific, traditional, and compliance data. It also commendably identifies gaps in the provided trend and safety data. However, for a wellness brand, the explicit mention of ""lack of information on safety facts and toxicity"" and the statement that ""further research is necessary to ensure the safe use"" are critical constraints. Publishing an article that highlights missing safety information for a potential product ingredient is not acceptable from a brand reputation and consumer trust perspective. The content is valuable but requires resolution of the safety data gap before it can be published. The workflow design is robust, with the writer agent demonstrating excellent adaptability in handling both present and absent structured data from upstream tasks. The primary issue for publication is the actual *content* of the safety section reflecting missing crucial information.# ===AUDIT_STRATEGY_REPORT===
*   **Practical Efficacy (Relevance):** 80%
*   **Implementation Feasibility (Scalability):** 90%
*   **Go/No-Go for Publication:** No-Go
*   **Feedback:** The article demonstrates strong practical efficacy by effectively synthesizing available scientific research and traditional wisdom regarding Portulaca oleracea. Although the `analyze_trends_task` did not provide explicit trend data, the writer agent commendably inferred a relevant market trend from the provided cosmetic registration data, making the content relevant to our wellness audience and potential product opportunities.

From an implementation feasibility standpoint, the workflow design, which splits data gathering into dedicated compliance and safety tasks, is highly scalable and efficient. The writer agent successfully utilized the structured compliance data, directly referencing specific product registrations. Furthermore, the writer agent gracefully handled the absence of explicit safety data from the `find_safety_data_task`, acknowledging the ""lack of information on safety facts and toxicity"" as a critical constraint. This adaptability indicates a robust and scalable system capable of processing varied inputs.

However, despite the article's quality and the workflow's robustness, it receives a ""No-Go"" for publication. The explicit statement within the article that ""critical constraints, such as the lack of information on safety facts and toxicity, must be addressed through further research"" poses a significant risk for a wellness brand. We cannot publish content that highlights a lack of crucial safety information for an ingredient, especially when discussing product opportunities. This issue must be resolved by acquiring the necessary safety data before publication to maintain brand trust and ensure consumer well-being.","** The article successfully incorporated the scientific abstracts, APA citations, scientific source URLs, and the main cultural RAG fact. It also correctly handled several ""not found"" facts (e.g., trend facts, safety/toxicity concerns) by explicitly stating their absence or omitting them. However, the robustness score is significantly impacted by the omission of specific details from multiple cosmetic registrations and several specific cultural facts (e.g., location subdistrict, name etymology, local name, traditional use, processing method). The ""Internal RAG Fact (Herbal)"" was also entirely dropped. The clarity score suffers due to a substantial number of statements that are inferences, speculations, or strategic recommendations not directly present in the Master Fact Sheet, constituting hallucination. Additionally, some ""not found"" clauses within composite cultural facts and the ""None found"" status for food registration were implicitly omitted rather than explicitly addressed, which, while not inventing information, represents a slight data loss of negative facts."
62.ดาหลา_,Go,98,95,55,62,"*
Lab Fact: No pharmacological finding information found.
Lab Fact: No cosmetic or clinical effect information found.
Lab Fact: No quality control information found.
Compliance Fact (Food Registration 1): registration_number=11-2-01844-6-0008
Compliance Fact (Food Registration 1): product_name=น้ำดื่ม ตรา ดาหลา (Drinking Water Dalha Brand)
Compliance Fact (Food Registration 1): company_name=บริษัท จุลสิน จำกัด (Jul Sin Co., Ltd.)
Compliance Fact (Food Registration 1): status=สถานะผลิตภัณฑ์(คงอยู่)\ สถานะสถานที่ (คงอยู่) (Product status: Existing, Location status: Existing)
Compliance Fact (Food Registration 2): registration_number=13-1-23064-5-0212
Compliance Fact (Food Registration 2): product_name=กรีน คอฟฟี่ บีน พลัส (ผลิตภัณฑ์เสริมอาหาร) (ตรา ดาหลา) / Green Coffee Bean Plus (Dietary Supplement Product) (Dalha Brand)
Compliance Fact (Food Registration 2): company_name=บริษัท มาร์วาลิค เฮลท์ จำกัด (Marvalic Health Co., Ltd.)
Compliance Fact (Food Registration 2): status=สถานะผลิตภัณฑ์(คงอยู่)\ สถานะสถานที่ (คงอยู่) (Product status: Existing, Location status: Existing)
Compliance Fact (Food Registration 3): registration_number=21-2-00465-6-0001
Compliance Fact (Food Registration 3): product_name=กิมจิ อาม่า / A-ma Kimchi
Compliance Fact (Food Registration 3): company_name=กิมจิอาม่า (A-ma Kimchi)
Compliance Fact (Food Registration 3): status=สถานะผลิตภัณฑ์(คงอยู่)\ สถานะสถานที่ (คงอยู่) (Product status: Existing, Location status: Existing)
Compliance Fact (Food Registration 4): registration_number=21-2-00465-6-0002
Compliance Fact (Food Registration 4): product_name=ไชเท้าดอง (กิมจิ อาม่า) / Pickled Radish (A-ma Kimchi)
Compliance Fact (Food Registration 4): company_name=กิมจิอาม่า (A-ma Kimchi)
Compliance Fact (Food Registration 4): status=สถานะผลิตภัณฑ์(คงอยู่)\ สถานะสถานที่ (คงอยู่) (Product status: Existing, Location status: Existing)
Compliance Fact (Food Registration 5): registration_number=21-2-02467-6-0004
Compliance Fact (Food Registration 5): product_name=น้ำดื่มตรา ดาหลา / Darla Brand Drinking Water
Compliance Fact (Food Registration 5): company_name=สาม ยู (Sam Yu)
Compliance Fact (Food Registration 5): status=สถานะผลิตภัณฑ์(คงอยู่)\ สถานะสถานที่ (คงอยู่) (Product status: Existing, Location status: Existing)
Safety Fact: No active ingredient information found.
Safety Fact: No ingredient purpose information found.
Safety Fact: No uses information found.
Safety Fact: No warnings information found.
Safety Fact: No directions information found.
Safety Fact: No other information found.
Safety Fact: No inactive ingredients information found.
Safety Fact: No questions information found.
Culture Fact: The community has a rich biodiversity with 35 families. (Article mentions 57 species, but omits 35 families)
Culture Fact: Fabaceae (legume family) being the most common.
Culture Fact: followed by Zingiberaceae (ginger family).
Culture Fact: and Cucurbitaceae (gourd family).
Culture Fact: Processing - Planting indigenous plants.
Culture Fact: No name etymology information found.
Culture Fact: No organization information found.
Internal RAG Fact: Traditional Thai medicine is considered old-fashioned and not suitable for modern times.
**Hallucinated Entities (Facts in Article but not Fact Sheet):**
The plant's versatility and potential health benefits present a significant market opportunity.
and the existing registrations of similar products.
The absence of specific technical information highlights the need for further research to fully understand the plant's properties and how to effectively harness them.
The traditional use of Torch Ginger in Thai medicine and its cultural significance suggest a strong foundation for product development that respects and leverages local wisdom and biodiversity.
indicating a need for caution and thorough safety assessments, including toxicity studies and clinical trials, to ensure consumer safety.
Compliance with regulatory requirements is crucial.
and the existing registrations of products containing Torch Ginger or similar ingredients suggest an established market presence.
but also underscore the importance of rigorous testing to mitigate potential risks.
The market opportunity for Torch Ginger is significant due to its traditional use and potential health benefits.
However, technical feasibility is hindered by the lack of detailed lab facts.
Critical constraints include the need for safety assessments and compliance with regulatory standards.
The strategic recommendation is to invest in comprehensive research and development, including lab analyses, safety and toxicity studies, and regulatory compliance.
Leveraging the cultural significance of Torch Ginger and collaborating with local communities could enhance market acceptance and support a holistic approach to product development.
Torch Ginger presents a promising opportunity for product development due to its traditional use, potential health benefits, and market demand.
However, thorough research and development, including safety assessments and regulatory compliance, are necessary to ensure consumer safety and product efficacy.
By respecting and leveraging local wisdom and biodiversity, product development can contribute to the conservation of natural resources and the empowerment of local communities, offering a holistic approach to bringing Torch Ginger from ancient wisdom to modern strategy.
**Feedback:** The audit reveals significant data loss and a considerable amount of analytical content that goes beyond the direct facts provided in the Master Fact Sheet.
**Data Loss:** A major concern is the complete omission of specific compliance data, including all registration numbers, product names, company names, and statuses for the five food registrations. These are critical statistics and compliance facts that were entirely dropped. Additionally, many ""no information found"" facts from the Lab, Safety, and Culture sections were not explicitly acknowledged in the article, representing a loss of findings about the absence of data. Specific details about the biodiversity (e.g., ""35 families"" and dominant plant families) and a cultural processing method were also omitted. The negative framing of traditional Thai medicine from the RAG fact was dropped.
**Hallucination:** The article frequently introduces interpretations, analyses, recommendations, and generalizations (e.g., ""significant market opportunity,"" ""need for further research,"" ""strategic recommendation,"" ""existing registrations of similar products,"" ""technical feasibility is hindered"") that are not directly supported as explicit facts in the Master Fact Sheet. While an article often includes analysis, these should be clearly presented as such and ideally grounded more directly in the provided facts, rather than appearing as new factual claims. The generalization regarding ""similar products"" being registered is an inference, not a direct fact.
**""Not Found"" Handling:** The article correctly handles several instances of ""not found"" information by explicitly stating the lack of data (e.g., for certain lab facts, toxicity facts, abstracts, and citations). This demonstrates good practice in acknowledging data limitations. However, this positive aspect is undercut by the selective omission of other ""not found"" facts, contributing to the overall data loss.","*
The plant's versatility and potential health benefits present a significant market opportunity.
and the existing registrations of similar products.
The absence of specific technical information highlights the need for further research to fully understand the plant's properties and how to effectively harness them.
The traditional use of Torch Ginger in Thai medicine and its cultural significance suggest a strong foundation for product development that respects and leverages local wisdom and biodiversity.
indicating a need for caution and thorough safety assessments, including toxicity studies and clinical trials, to ensure consumer safety.
Compliance with regulatory requirements is crucial.
and the existing registrations of products containing Torch Ginger or similar ingredients suggest an established market presence.
but also underscore the importance of rigorous testing to mitigate potential risks.
The market opportunity for Torch Ginger is significant due to its traditional use and potential health benefits.
However, technical feasibility is hindered by the lack of detailed lab facts.
Critical constraints include the need for safety assessments and compliance with regulatory standards.
The strategic recommendation is to invest in comprehensive research and development, including lab analyses, safety and toxicity studies, and regulatory compliance.
Leveraging the cultural significance of Torch Ginger and collaborating with local communities could enhance market acceptance and support a holistic approach to product development.
Torch Ginger presents a promising opportunity for product development due to its traditional use, potential health benefits, and market demand.
However, thorough research and development, including safety assessments and regulatory compliance, are necessary to ensure consumer safety and product efficacy.
By respecting and leveraging local wisdom and biodiversity, product development can contribute to the conservation of natural resources and the empowerment of local communities, offering a holistic approach to bringing Torch Ginger from ancient wisdom to modern strategy.
**Feedback:** The audit reveals significant data loss and a considerable amount of analytical content that goes beyond the direct facts provided in the Master Fact Sheet.
**Data Loss:** A major concern is the complete omission of specific compliance data, including all registration numbers, product names, company names, and statuses for the five food registrations. These are critical statistics and compliance facts that were entirely dropped. Additionally, many ""no information found"" facts from the Lab, Safety, and Culture sections were not explicitly acknowledged in the article, representing a loss of findings about the absence of data. Specific details about the biodiversity (e.g., ""35 families"" and dominant plant families) and a cultural processing method were also omitted. The negative framing of traditional Thai medicine from the RAG fact was dropped.
**Hallucination:** The article frequently introduces interpretations, analyses, recommendations, and generalizations (e.g., ""significant market opportunity,"" ""need for further research,"" ""strategic recommendation,"" ""existing registrations of similar products,"" ""technical feasibility is hindered"") that are not directly supported as explicit facts in the Master Fact Sheet. While an article often includes analysis, these should be clearly presented as such and ideally grounded more directly in the provided facts, rather than appearing as new factual claims. The generalization regarding ""similar products"" being registered is an inference, not a direct fact.
**""Not Found"" Handling:** The article correctly handles several instances of ""not found"" information by explicitly stating the lack of data (e.g., for certain lab facts, toxicity facts, abstracts, and citations). This demonstrates good practice in acknowledging data limitations. However, this positive aspect is undercut by the selective omission of other ""not found"" facts, contributing to the overall data loss.","** The final article demonstrates strong practical efficacy. The ""Herbal in Wellness Trends"" section successfully synthesizes all key points from the `TRENDS_DATA`, accurately reflecting Torch Ginger's traditional uses, medicinal properties, and applications, while also strategically framing them as market opportunities. This content is highly relevant and valuable for our wellness audience.

Regarding implementation feasibility, the workflow design proved highly effective. The writer agent successfully utilized the structured `COMPLIANCE_DATA` by referencing existing product registrations to indicate market presence. Crucially, it also correctly interpreted the *absence* of specific safety data from `find_safety_data_task` as a constraint, highlighting the need for further safety assessments. This demonstrates that the split of tasks for data gathering (trends, compliance, safety) is a scalable and efficient approach. Each specialized task provides distinct, actionable insights that the final writing agent can integrate seamlessly, making the overall system robust and cost-effective. Minor improvements could be made in the explicit formatting of ""no data found"" from safety tasks, but the writer agent handled this implicitly well. The article is ready for publication.","** The audit reveals significant data loss and a considerable amount of analytical content that goes beyond the direct facts provided in the Master Fact Sheet.
    *   **Data Loss:** A major concern is the complete omission of specific compliance data, including all registration numbers, product names, company names, and statuses for the five food registrations. These are critical statistics and compliance facts that were entirely dropped. Additionally, many ""no information found"" facts from the Lab, Safety, and Culture sections were not explicitly acknowledged in the article, representing a loss of findings about the absence of data. Specific details about the biodiversity (e.g., ""35 families"" and dominant plant families) and a cultural processing method were also omitted. The negative framing of traditional Thai medicine from the RAG fact was dropped.
    *   **Hallucination:** The article frequently introduces interpretations, analyses, recommendations, and generalizations (e.g., ""significant market opportunity,"" ""need for further research,"" ""strategic recommendation,"" ""existing registrations of similar products,"" ""technical feasibility is hindered"") that are not directly supported as explicit facts in the Master Fact Sheet. While an article often includes analysis, these should be clearly presented as such and ideally grounded more directly in the provided facts, rather than appearing as new factual claims. The generalization regarding ""similar products"" being registered is an inference, not a direct fact.
    *   **""Not Found"" Handling:** The article correctly handles several instances of ""not found"" information by explicitly stating the lack of data (e.g., for certain lab facts, toxicity facts, abstracts, and citations). This demonstrates good practice in acknowledging data limitations. However, this positive aspect is undercut by the selective omission of other ""not found"" facts, contributing to the overall data loss."
63.คำฝอย,Go,95,70,80,100,"*
Compliance Fact: The explicit detail that food registrations have *varying statuses* (e.g., some current, some cancelled). The article only generally mentions ""several food registrations"" for various products.
Toxicity Fact (Summary): Safflower's specific traditional medicine use ""including the treatment of diabetes"".
Toxicity Fact (Summary): The specific names of bioactive compounds: ""corosolic acid and ellagitannins"". The article only mentions ""several bioactive compounds"".
Toxicity Fact (Mechanism): The specific details of the mechanism of injury: ""inhibition of alpha-glucosidase and the reduction of nutrient load, as well as the stimulation of glucose uptake in cells.""
Toxicity Fact (Case Reports): The entire fact about ""limited case reports available on the use of Carthamus tinctorius for diabetes treatment.""
Toxicity Fact (Case Reports): The entire fact about ""one study reported that the use of Carthamus tinctorius extract resulted in a significant reduction in blood glucose levels in patients with type 2 diabetes.""
Culture Fact (Community - Central Region): The specific ""Community"" name ""Central Region"". The article mentions ""Central Thailand"" which is the location, but not the community as a distinct fact.
Internal RAG Fact (Herbal): The meta-information detailing what the internal knowledge context *does* discuss (e.g., ""benefits and uses of traditional Thai medicine, the process of cultivating and preparing herbs, and the importance of relying on oneself for health and wellness. It highlights the advantages of using Thai herbal medicine, such as cost-effectiveness and the avoidance of chemicals.""). The article only states the absence of information regarding คำฝอย.
**Hallucinated Entities (Facts in Article but not Fact Sheet):**
None
**Feedback:**","*
None
**Feedback:**","** The final article demonstrates strong practical efficacy. The ""Introduction to Safflower Trends"" section successfully synthesizes all key points from the provided Trends Data, covering health benefits, oil composition, traditional uses, modern applications, and historical significance with excellent relevance.

Regarding implementation feasibility, the workflow design for splitting tasks (trends, compliance, safety) is conceptually sound and scalable. The `check_compliance_task` successfully gathered detailed, structured regulatory data. However, the writer agent only utilized this compliance data at a high level in the article, mentioning ""several food registrations"" rather than integrating specific examples or registration numbers, thus not fully leveraging the granularity of the structured input. More critically, the `find_safety_data_task` did not provide any specific safety data in `context[2]`. Despite this, the writer agent commendably included relevant safety considerations (e.g., reported side effects) in the article. While this shows the writer's ability to compensate for missing data, it highlights a failure in the `find_safety_data_task`'s execution within the workflow. For true scalability and efficiency, all data-gathering tasks must reliably deliver their intended output.

Despite the identified areas for workflow improvement in data delivery and granular utilization, the final article is well-structured, comprehensive, and provides significant value to our wellness audience. The content is accurate and addresses all critical aspects, including trends, scientific insights, traditional wisdom, and necessary safety/regulatory considerations. Therefore, the article is ""Ready for Publication,"" with the understanding that the internal workflow for data acquisition (specifically safety data) and detailed integration of compliance data will be refined for future iterations.","**
    The article successfully transferred the majority of critical facts from the Master Fact Sheet, achieving an 80.5% robustness score. All ""Not Found"" entries from the Fact Sheet (e.g., Lab Facts, specific Science Compounds, APA citations, Safety Facts, and certain Culture details) were handled perfectly by either omitting the information or explicitly stating ""Not found"" in the references, demonstrating 100% clarity and preventing hallucination. There were no instances of invented facts in the Final Article that were not derived from the Fact Sheet. However, several specific details, particularly regarding compliance status variations, named bioactive compounds, detailed toxicity mechanisms, case reports, a specific cultural community name, and the meta-details of the internal RAG herbal context, were not fully transferred or were generalized, leading to the identified data loss. Addressing these specific omissions would further enhance the article's completeness and accuracy."
64.กะเม็ง,No-Go,95,50,49,78,"*
Lab Fact (Experimental Method): Not found.
Lab Fact (Extraction Method): Not found.
Lab Fact (Compound Identified): Not found.
Lab Fact (Chromatography - TLC): Not found.
Lab Fact (Pharmacological Finding): Not found.
Lab Fact (Cosmetic or Clinical Effect): Not found.
Lab Fact (Quality Control): Not found.
Compliance Fact (Food Registration 1): None found.
Compliance Fact (Cosmetic Registration 2): registration_number=15-1-5500038, product_name=PROMJAIN UNCHAN AND GAMENK HAIR STYLING AND HAIR MOISTURIZING CREAM, company_name=วิสาหกิจชุมชนกลุ่มแม่บ้านเกษตรกรรำมะสัก, status=คงอยู่
Compliance Fact (Cosmetic Registration 4): registration_number=31-1-6800026265, product_name=AOF AND ICE KAMENG SKIN CARE CREAM, company_name=นางสุกัญญา กนกศิลป์(อัญญา), status=คงอยู่
Compliance Fact (Cosmetic Registration 5): registration_number=24-1-5500061, product_name=SHAMPOO KAMENG + BUTTERFLY PEA, company_name=นางสาวศรินยา คำพิลา, status=ยกเลิก 4/10/2561
Compliance Fact (Safety Dosage): Not found.
Compliance Fact (Safety Warning): Not found.
Safety Fact (Active Ingredient): Not found.
Safety Fact (Ingredient Purpose): Not found.
Safety Fact (Uses): Not found.
Safety Fact (Warnings): Not found.
Safety Fact (Directions): Not found.
Safety Fact (Other Info): Not found.
Safety Fact (Inactive Ingredients): Not found.
Safety Fact (Questions): Not found.
Toxicity Fact (Mechanism): The results showed that EPF3 significantly decreased body-weight gain and liver-weight gain and reduced the serum lipid levels in hyperlipidemic hamsters. EPF3 also increased the activities of antioxidant enzymes; up-regulated the mRNA expression of peroxisome proliferator-activated receptor α (PPARα), low density lipoprotein receptor (LDLR), lecithin-cholesterol transferase (LCAT) and scavenger receptor class B type Ι receptor (SR-BI); and down-regulated the mRNA expression of 3-hydroxy-3-methyl-glutaryl-CoA reductase (HMGR) in the liver. (Detailed mechanism)
Culture Fact (Ethnic Group - Chunchon Takhiantong): Chong
Culture Fact (Community Highlight - Chunchon Takhiantong): Specific population details (Village 4, Takhiantong Subdistrict, and Village 5, Pachak Subdistrict)
Culture Fact (Name Etymology - Chunchon Takhiantong): The name ""Takhiantong"" is derived from the abundance of Takhian trees in the area. The community was previously known as ""Ban Tayod"" but was later renamed to ""Ban Takhiantong"".
Culture Fact (Environment - Chunchon Takhiantong): The community is situated in a rural area with a diverse range of flora and fauna. The villagers have a deep understanding of the local ecosystem and have developed traditional practices to conserve and utilize the natural resources.
Culture Fact (Local Wisdom - Chunchon Takhiantong): Specifics about unique processing methods and recipes.
Culture Fact (Organization - Chunchon Takhiantong): The community has a strong social structure, with various organizations and groups working together to promote cultural heritage and traditional practices.
**Hallucinated Entities (Facts in Article but not Fact Sheet):**
""The use of natural herbs for hair growth and wellness has been on the rise"" (specifically ""wellness"" and ""on the rise"" as general trends).
""False Daisy (Eclipta prostrata) being a popular choice.""
""The market trend suggests a growing demand for natural hair growth products"" (inferred ""growing demand"").
""The technical feasibility of working with Eclipta prostrata is relatively high"".
""potential safety constraints, such as liver warnings and dosage limits"" (invented specific warnings/limits when fact sheet explicitly stated ""Not found"" for safety warnings and dosage).
""A strategic recommendation is to develop a new product that leverages the potential of Eclipta prostrata for hair growth and other health benefits, while ensuring compliance with regulatory requirements and safety standards."" (Strategic recommendation).
""With further research and development, Eclipta prostrata could be a valuable ingredient in the development of new products for hair growth and wellness."" (Future action/recommendation).
**Feedback:** The data pipeline exhibits significant data loss (Robustness: 49.09%) as 28 out of 55 critical facts from the Master Fact Sheet were not transferred to the Final Article. This includes all ""Not found"" Lab and Safety Facts, specific cosmetic registrations, detailed toxicity mechanisms, and several cultural details. The Explanation Clarity score (78.95%) indicates notable hallucination. While ""Not found"" results for APA citations and source URLs were correctly handled by omission or explicit notation, the article hallucinated specific ""liver warnings and dosage limits"" despite the Master Fact Sheet explicitly stating ""Not found"" for safety warnings and dosage. Additionally, the article introduced several unsubstantiated general trends (""on the rise,"" ""popular choice,"" ""growing demand""), analytical conclusions (""technical feasibility is relatively high""), and strategic recommendations not present in the source of truth.","*
""The use of natural herbs for hair growth and wellness has been on the rise"" (specifically ""wellness"" and ""on the rise"" as general trends).
""False Daisy (Eclipta prostrata) being a popular choice.""
""The market trend suggests a growing demand for natural hair growth products"" (inferred ""growing demand"").
""The technical feasibility of working with Eclipta prostrata is relatively high"".
""potential safety constraints, such as liver warnings and dosage limits"" (invented specific warnings/limits when fact sheet explicitly stated ""Not found"" for safety warnings and dosage).
""A strategic recommendation is to develop a new product that leverages the potential of Eclipta prostrata for hair growth and other health benefits, while ensuring compliance with regulatory requirements and safety standards."" (Strategic recommendation).
""With further research and development, Eclipta prostrata could be a valuable ingredient in the development of new products for hair growth and wellness."" (Future action/recommendation).
**Feedback:** The data pipeline exhibits significant data loss (Robustness: 49.09%) as 28 out of 55 critical facts from the Master Fact Sheet were not transferred to the Final Article. This includes all ""Not found"" Lab and Safety Facts, specific cosmetic registrations, detailed toxicity mechanisms, and several cultural details. The Explanation Clarity score (78.95%) indicates notable hallucination. While ""Not found"" results for APA citations and source URLs were correctly handled by omission or explicit notation, the article hallucinated specific ""liver warnings and dosage limits"" despite the Master Fact Sheet explicitly stating ""Not found"" for safety warnings and dosage. Additionally, the article introduced several unsubstantiated general trends (""on the rise,"" ""popular choice,"" ""growing demand""), analytical conclusions (""technical feasibility is relatively high""), and strategic recommendations not present in the source of truth.","** The article demonstrates excellent practical efficacy, successfully synthesizing all identified trends regarding False Daisy for hair growth and wellness. The ""Herbal in Wellness Trends"" section directly and accurately reflects the provided `Trends Data`, making the content highly relevant to our wellness audience.

However, the implementation feasibility is significantly hampered by a critical failure in the workflow. While the writer agent successfully utilized the structured `Compliance Data` (context[1]) to list registered cosmetic products, the `find_safety_data_task` (context[2]) did not provide *actual safety data*. Instead, `context[2]` was an intermediate thought about finding URLs, not the final structured data for the writer to use. Consequently, the ""Safety, Regulatory, and Constraints"" section in the article had to infer safety information from other scientific sources mentioned in the ""Scientific Deep-Dive"" section, rather than directly integrating dedicated, structured safety data as intended by the task split.

This breakdown in the `find_safety_data_task` means that while the *design* of splitting tasks for compliance and safety is theoretically scalable and efficient, its *execution* in this instance was incomplete for safety. For a major wellness brand, robust and directly sourced safety information is non-negotiable. The current article's safety section, though present, lacks the foundational support from the dedicated safety data task. Therefore, the article is not ready for publication until the safety data integration is fully functional and verifiable.","** The data pipeline exhibits significant data loss (Robustness: 49.09%) as 28 out of 55 critical facts from the Master Fact Sheet were not transferred to the Final Article. This includes all ""Not found"" Lab and Safety Facts, specific cosmetic registrations, detailed toxicity mechanisms, and several cultural details. The Explanation Clarity score (78.95%) indicates notable hallucination. While ""Not found"" results for APA citations and source URLs were correctly handled by omission or explicit notation, the article hallucinated specific ""liver warnings and dosage limits"" despite the Master Fact Sheet explicitly stating ""Not found"" for safety warnings and dosage. Additionally, the article introduced several unsubstantiated general trends (""on the rise,"" ""popular choice,"" ""growing demand""), analytical conclusions (""technical feasibility is relatively high""), and strategic recommendations not present in the source of truth."
65.ยางนา,No-Go,85,70,59,100,"*
Culture Fact (Community Highlight - Yang Na): population of approximately 1,000 people.
Culture Fact (Name Etymology - Yang Na): The name ""Yang Na"" is used to refer to the Karen community in Prachinburi Province.
Culture Fact (Processing - Yang Na): Machine use
Culture Fact (Community - Luk Yang)
Culture Fact (Location - Luk Yang): Not specified
Culture Fact (Ethnic Group - Luk Yang): Not specified
Culture Fact (Community Highlight - Luk Yang): No herbal-related information found.
Culture Fact (Name Etymology - Luk Yang): Luk Yang is a toy made from bamboo, with a spherical shape and 2-3-5 fins, containing seeds inside.
Culture Fact (Environment - Luk Yang): No herbal-related information found.
Culture Fact (Local Wisdom - Luk Yang): No herbal-related information found.
Culture Fact (Organization - Luk Yang): No herbal-related information found.
Culture Fact (Local Name - Luk Yang): Luk Yang
Culture Fact (Use - Luk Yang): Playing
Culture Fact (Processing - Luk Yang): Cutting
Culture Fact (Community - Museum of Ethnology)
Culture Fact (Location - Museum of Ethnology): Mae Hong Son Province
Culture Fact (Ethnic Group - Museum of Ethnology): Not specified
Culture Fact (Community Highlight - Museum of Ethnology): No herbal-related information found.
Culture Fact (Name Etymology - Museum of Ethnology): The Museum of Ethnology is a museum related to people, emphasizing community and ethnic group participation.
Culture Fact (Environment - Museum of Ethnology): No herbal-related information found.
Culture Fact (Local Wisdom - Museum of Ethnology): No herbal-related information found.
Culture Fact (Organization - Museum of Ethnology): No herbal-related information found.
Culture Fact (Local Name - Museum of Ethnology): Museum of Ethnology
Culture Fact (Use - Museum of Ethnology): Exhibition
Culture Fact (Processing - Museum of Ethnology): Management
**Hallucinated Entities (Facts in Article but not Fact Sheet):**
None
**Feedback:** The Final Article demonstrated strong performance in clarity and avoiding hallucination, with all factual claims directly traceable to the Master Fact Sheet, and all ""Not Found"" entries handled correctly by either omission or explicit acknowledgment as a constraint. However, there was significant data loss in the ""Collaboration Robustness"" aspect, particularly concerning detailed cultural facts from the ""Luk Yang"" and ""Museum of Ethnology"" communities, which were entirely absent from the article. Minor details from the ""Yang Na"" community's highlight, name etymology, and processing method were also dropped. The article focused primarily on scientific and safety aspects, leading to the omission of a large portion of the cultural data provided in the fact sheet.","*
None
**Feedback:** The Final Article demonstrated strong performance in clarity and avoiding hallucination, with all factual claims directly traceable to the Master Fact Sheet, and all ""Not Found"" entries handled correctly by either omission or explicit acknowledgment as a constraint. However, there was significant data loss in the ""Collaboration Robustness"" aspect, particularly concerning detailed cultural facts from the ""Luk Yang"" and ""Museum of Ethnology"" communities, which were entirely absent from the article. Minor details from the ""Yang Na"" community's highlight, name etymology, and processing method were also dropped. The article focused primarily on scientific and safety aspects, leading to the omission of a large portion of the cultural data provided in the fact sheet.","**
    **Practical Efficacy (Relevance):** The article demonstrates strong relevance by successfully framing *Dipterocarpus alatus*'s properties (salicylic acid content, anti-inflammatory, skin benefits) within the broader, well-established consumer trend for natural and effective skincare solutions, despite the `analyze_trends_task` not yielding specific trend data for this particular herb. The content directly addresses key interests of our wellness audience.

    **Implementation Feasibility (Scalability):** The workflow design, which involves splitting tasks for compliance (`check_compliance_task`) and safety data (`find_safety_data_task`), is conceptually sound, scalable, and efficient for gathering specialized information. However, in this specific instance, both upstream data gathering tasks failed to provide relevant information for *Dipterocarpus alatus*. The writer agent, commendably, identified and articulated these critical gaps (e.g., ""skin irritation potential...unassessed,"" ""lack of information on potential side effects and toxicity mechanisms"") within the ""Safety, Regulatory, and Constraints"" section, demonstrating its ability to highlight missing crucial data. While the workflow design is feasible, the execution of the upstream data retrieval needs improvement to ensure the writer agent has the necessary structured data to integrate.

    **Go/No-Go Decision:** The article is a **No-Go** for publication at this time. While the article is well-written and responsibly highlights the potential benefits and the critical constraints, the complete absence of specific safety and regulatory data (as explicitly stated and identified as a ""critical constraint"" within the article itself) makes it unsuitable for publication by a major wellness brand. Publishing content promoting an ingredient without validated safety assessments and clear regulatory compliance information would be irresponsible and could pose risks to our audience and brand reputation. Further research and data acquisition for safety and regulatory aspects are mandatory before this content can be considered for publication.","** The Final Article demonstrated strong performance in clarity and avoiding hallucination, with all factual claims directly traceable to the Master Fact Sheet, and all ""Not Found"" entries handled correctly by either omission or explicit acknowledgment as a constraint. However, there was significant data loss in the ""Collaboration Robustness"" aspect, particularly concerning detailed cultural facts from the ""Luk Yang"" and ""Museum of Ethnology"" communities, which were entirely absent from the article. Minor details from the ""Yang Na"" community's highlight, name etymology, and processing method were also dropped. The article focused primarily on scientific and safety aspects, leading to the omission of a large portion of the cultural data provided in the fact sheet."
66.ข่อย,No-Go,30,80,43,97,"*
Toxicity Fact (Mechanism): ""The underlying mechanism of neuroprotection involves the activation of the Nrf2 signaling pathway, which promotes antioxidant defense by up-regulating the expression of antioxidant-related genes such as NQO1, GCLM, and EAAT3.""
Toxicity Fact (Case Reports): ""No human case reports were mentioned in the study.""
Culture Fact (Community - Wat Lai Hin Luang) - ethnic_group: Lanna
Culture Fact (Community - Wat Lai Hin Luang) - community_highlight: Wat Lai Hin Luang is a temple in Lampang Province that has a rich cultural heritage. The temple has a collection of ancient documents and artifacts related to Buddhism, including palm-leaf manuscripts and traditional Thai books.
Culture Fact (Community - Wat Lai Hin Luang) - name_etymology: The name ""Wat Lai Hin Luang"" is derived from the Lanna language and refers to the temple's location on a large stone slab.
Culture Fact (Community - Wat Lai Hin Luang) - community_environment: The community surrounding Wat Lai Hin Luang is predominantly Lanna, and the temple plays an important role in preserving the cultural heritage of the region.
Culture Fact (Community - Wat Lai Hin Luang) - community_organizations: The temple has established a museum to showcase its collection of ancient documents and artifacts, providing a valuable resource for researchers and the local community.
Culture Fact (Community - Wat Lai Hin Luang) - local_name: Khoy Book
Culture Fact (Community - Wat Lai Hin Luang) - traditional_use: Conservation of ancient documents
Culture Fact (Community - Wat Lai Hin Luang) - processing_method: Cataloging
Culture Fact (Community - Wat Phra That Lampang Luang) - ethnic_group: Lanna
Culture Fact (Community - Wat Phra That Lampang Luang) - community_highlight: Wat Phra That Lampang Luang is a temple in Lampang Province that is known for its ancient artifacts and documents related to Buddhism.
Culture Fact (Community - Wat Phra That Lampang Luang) - name_etymology: The name ""Wat Phra That Lampang Luang"" is derived from the Lanna language and refers to the temple's location in Lampang Province.
Culture Fact (Community - Wat Phra That Lampang Luang) - community_environment: The community surrounding Wat Phra That Lampang Luang is predominantly Lanna, and the temple plays an important role in preserving the cultural heritage of the region.
Culture Fact (Community - Wat Phra That Lampang Luang) - community_organizations: The temple has established a museum to showcase its collection of ancient documents and artifacts, providing a valuable resource for researchers and the local community.
Culture Fact (Community - Wat Phra That Lampang Luang) - local_name: Palm-leaf manuscript
Culture Fact (Community - Wat Phra That Lampang Luang) - traditional_use: Conservation of ancient documents
Culture Fact (Community - Wat Phra That Lampang Luang) - processing_method: Drying
Culture Fact (Community - Wat Chalermprakiat) - ethnic_group: Lanna
Culture Fact (Community - Wat Chalermprakiat) - community_highlight: Wat Chalermprakiat is a temple in Lampang Province that is known for its ancient artifacts and documents related to Buddhism.
Culture Fact (Community - Wat Chalermprakiat) - name_etymology: The name ""Wat Chalermprakiat"" is derived from the Lanna language and refers to the temple's location in Lampang Province.
Culture Fact (Community - Wat Chalermprakiat) - community_environment: The community surrounding Wat Chalermprakiat is predominantly Lanna, and the temple plays an important role in preserving the cultural heritage of the region.
Culture Fact (Community - Wat Chalermprakiat) - community_organizations: The temple has established a museum to showcase its collection of ancient documents and artifacts, providing a valuable resource for researchers and the local community.
Culture Fact (Community - Wat Chalermprakiat) - local_name: Traditional Thai book
Culture Fact (Community - Wat Chalermprakiat) - traditional_use: Conservation of ancient documents
Culture Fact (Community - Wat Chalermprakiat) - processing_method: Binding
**Hallucinated Entities (Facts in Article but not Fact Sheet):**
Specific mention of ""liver injury"" as a potential adverse reaction in the ""Safety, Regulatory, and Constraints"" section.
**Feedback:** The article successfully transferred key high-level facts such as the herb's name, its neuroprotective abstract, general traditional uses, and all source URLs. It also flawlessly handled all ""Not Found"" statements from the Fact Sheet, either by explicitly stating the absence of information or by omitting the topic without inventing details. The handling of the `citation_apa: Not found` was perfect. However, there was significant data loss regarding the detailed sub-facts within the Culture Fact sections, where many specific cultural details for each temple community were omitted. Additionally, the specific mechanism of neuroprotection from the Toxicity Fact was entirely dropped, as were the Case Reports. One minor hallucination was identified with the specific mention of ""liver injury."" The robustness score reflects the substantial loss of granular data, while the clarity score is high due to excellent handling of ""Not Found"" findings and minimal hallucination of new facts.","*
Specific mention of ""liver injury"" as a potential adverse reaction in the ""Safety, Regulatory, and Constraints"" section.
**Feedback:** The article successfully transferred key high-level facts such as the herb's name, its neuroprotective abstract, general traditional uses, and all source URLs. It also flawlessly handled all ""Not Found"" statements from the Fact Sheet, either by explicitly stating the absence of information or by omitting the topic without inventing details. The handling of the `citation_apa: Not found` was perfect. However, there was significant data loss regarding the detailed sub-facts within the Culture Fact sections, where many specific cultural details for each temple community were omitted. Additionally, the specific mechanism of neuroprotection from the Toxicity Fact was entirely dropped, as were the Case Reports. One minor hallucination was identified with the specific mention of ""liver injury."" The robustness score reflects the substantial loss of granular data, while the clarity score is high due to excellent handling of ""Not Found"" findings and minimal hallucination of new facts.","**
    *   **Practical Efficacy (Relevance):** The article explicitly states, ""Although specific trend facts are not available, the general trend towards natural and traditional herbs for health benefits supports the potential for products based on Streblus asper."" This indicates a significant failure to synthesize specific, identified trends for Streblus asper, which was a core expectation from the `analyze_trends_task`. While the article attempts to connect to general wellness trends, the absence of specific data severely limits its relevance and authority for our audience. This suggests either the `analyze_trends_task` did not yield specific data, or the writer agent failed to effectively integrate it.
    *   **Implementation Feasibility (Scalability):** The workflow design, specifically the splitting of tasks for compliance (`check_compliance_task`) and safety (`find_safety_data_task`), is conceptually robust, scalable, and efficient. This modular approach allows for specialized data gathering, which is ideal for a large wellness brand. However, the final article notes ""The absence of specific safety facts, such as active ingredients, ingredient purposes, uses, warnings, directions, and other information."" This suggests that while the *design* of the split tasks is excellent, the *execution* in this instance either did not yield the expected detailed, structured data from `check_compliance_task` and `find_safety_data_task`, or the writer agent was unable to successfully integrate it. The *methodology* is sound, but the *output quality* or *integration* needs improvement to fully realize the scalability benefits.
    *   **Go/No-Go Justification:** The article is not ready for publication. Despite a promising workflow design for data gathering, the final content lacks critical, specific information regarding market trends and detailed safety/regulatory facts for Streblus asper. Publishing this article would not meet the standards of a major wellness brand, as it relies too heavily on general statements and explicitly highlights missing crucial data points, which would undermine our credibility. Further development is needed to ensure comprehensive data integration before publication.","** The article successfully transferred key high-level facts such as the herb's name, its neuroprotective abstract, general traditional uses, and all source URLs. It also flawlessly handled all ""Not Found"" statements from the Fact Sheet, either by explicitly stating the absence of information or by omitting the topic without inventing details. The handling of the `citation_apa: Not found` was perfect. However, there was significant data loss regarding the detailed sub-facts within the Culture Fact sections, where many specific cultural details for each temple community were omitted. Additionally, the specific mechanism of neuroprotection from the Toxicity Fact was entirely dropped, as were the Case Reports. One minor hallucination was identified with the specific mention of ""liver injury."" The robustness score reflects the substantial loss of granular data, while the clarity score is high due to excellent handling of ""Not Found"" findings and minimal hallucination of new facts."
67.หูกวาง_,Go,75,90,60,100,"*
Lab Fact (Cosmetic or Clinical Effect): No cosmetic or clinical effect information available for Terminalia catappa.
Lab Fact (Quality Control): The study used a control group to compare the results.
Science Fact (Compound): No specific compound mentioned in the context.
Compliance Fact (Food Registration 1): None found.
Compliance Fact (Safety Dosage): Not found.
Compliance Fact (Safety Warning): None found.
Safety Fact (Active Ingredient): Avobenzone, Octinoxate, Octocrylene, Oxybenzone.
Safety Fact (Uses): Helps prevent sunburn, if used as directed with other sun protection measures (see Directions), decreases the risk of skin cancer and early skin aging caused by the sun.
Safety Fact (Warnings): Rinse with water to remove (part of ""When using this product keep out of eyes. Rinse with water to remove."").
Safety Fact (Warnings): Keep out of reach of children.
Safety Fact (Directions): use a water resistant sunscreen if swimming or sweating.
Safety Fact (Other Info): Protect the product in this container from excessive heat and direct sun.
Safety Fact (Inactive Ingredients): Water, Helianthus Annuus (Sunflower) Seed Oil, Butylene Glycol, Cetearyl Alcohol, Squalane, Isocetyl Stearate, Potassium Cetyl Phosphate, PPG-2 Myristyl Ether Propionate, Sorbitan Stearate, Methylsilanol Hydroxyproline Aspartate, Tocopheryl Acetate, sh-Oligopeptide-1, sh-Polypeptide-1, Phenoxyethanol, Terminalia Catappa Leaf Extract, Bisabolol, Dimethicone, Polysorbate 60, Magnesium Aluminum Silicate, Carbomer, Aminomethyl Propanol, Sodium PCA, Allantoin, Caprylyl Glycol, Chlorphenesin, Aloe Barbadensis Leaf Juice, Sambucus Nigra Flower Extract, Disodium EDTA, Fragrance, Glycolipids, PVP, Tannic Acid, Hydrolyzed Soy Flour, Sodium Hyaluronate, Geraniol, Citronellol. May Contain (+/-): Red 33.
Safety Fact (Questions): Call 1-866-986-7083, M – F 8am – 5pm CST.
Culture Fact (Community Highlight - Bang Pu Village): The community has several natural and cultural tourist attractions, including Bang Pu Beach, Laem Sala Beach, Kaeo Cave, and Phraya Nakhon Cave, which is home to the Kuha Karuhas Palace, a pavilion built by King Chulalongkorn (Rama V) during his visit to the Malay Peninsula.
Culture Fact (Name Etymology - Bang Pu Village): No herbal-related information found.
Culture Fact (Environment - Bang Pu Village): The community is surrounded by natural attractions, including beaches and caves, which are popular tourist destinations.
Culture Fact (Organization - Bang Pu Village): No herbal-related information found.
Internal RAG Fact (Cultural): No relevant information about หูกวาง was found in the provided cultural context.
Source URL (Trend): No trend URL available for Terminalia catappa.
Source URL (Science): No science URL available for Terminalia catappa.
Source URL (Toxicity): No toxicity URL available for Terminalia catappa.
**Hallucinated Entities (Facts in Article but not Fact Sheet):**
None
**Feedback:** The Final Article demonstrates excellent clarity by not introducing any new or invented facts (0% hallucination) and correctly handling ""Not available"" or ""No information available"" statements when they are included in the narrative or references (e.g., for scientific research abstracts/citations and toxicity information). However, the article exhibits significant data loss (60.71% robustness). A substantial number of critical facts, including specific compliance data, detailed safety warnings, inactive ingredients, contact information, and specific cultural highlights, were omitted from the final article. Furthermore, several ""No information available"" facts from the Master Fact Sheet were not transferred, leading to a less comprehensive representation of the source of truth. To achieve a ""perfect reflection,"" all facts, including negative findings, must be accurately represented.","*
None
**Feedback:** The Final Article demonstrates excellent clarity by not introducing any new or invented facts (0% hallucination) and correctly handling ""Not available"" or ""No information available"" statements when they are included in the narrative or references (e.g., for scientific research abstracts/citations and toxicity information). However, the article exhibits significant data loss (60.71% robustness). A substantial number of critical facts, including specific compliance data, detailed safety warnings, inactive ingredients, contact information, and specific cultural highlights, were omitted from the final article. Furthermore, several ""No information available"" facts from the Master Fact Sheet were not transferred, leading to a less comprehensive representation of the source of truth. To achieve a ""perfect reflection,"" all facts, including negative findings, must be accurately represented.","**
    **Practical Efficacy (Relevance):** The article's ""Herbal in Wellness Trends"" section acknowledges the absence of specific trend data for Terminalia catappa itself. Given that `context[0]` (Trend Facts) was not provided, it's impossible to compare against specific identified trends. However, the article successfully links the herb to the *broader* wellness industry trend of seeking natural ingredients and frames the lack of specific trend data as an ""untapped market opportunity."" This demonstrates a good strategic pivot to maintain relevance despite data limitations. The content is generally relevant to a wellness audience seeking new natural ingredients, even if it doesn't synthesize specific, pre-identified trends for this particular herb.

    **Implementation Feasibility (Scalability):** The workflow design, splitting data gathering into `check_compliance_task` and `find_safety_data_task`, is conceptually robust, scalable, and efficient. The writer agent successfully utilized the structured data from `find_safety_data_task` (context[2]), accurately extracting and summarizing the safety information for the sunscreen product containing Terminalia catappa. Crucially, it intelligently identified that this data was indirect and that specific toxicity data for Terminalia catappa as an herb was *missing*, leading to a key strategic recommendation for further testing. While `context[1]` (Compliance Data) was not provided, the article's ""Safety, Regulatory, and Constraints"" section implicitly reflects a lack of specific regulatory data for the herb, and the ""Strategic Analysis"" correctly emphasizes the need for ""rigorous testing and compliance."" This demonstrates the system's ability to handle incomplete or indirect data sources effectively, which is vital for scalability and robustness.

    **Go/No-Go for Publication:** The article is well-structured and provides a balanced perspective on Terminalia catappa, highlighting its potential while responsibly addressing data gaps in trends, specific safety, and compliance. It offers a strategic view for product development and clearly outlines areas requiring further investigation. This responsible and insightful approach makes it suitable for publication, providing value to our wellness audience and guiding future business decisions.","** The Final Article demonstrates excellent clarity by not introducing any new or invented facts (0% hallucination) and correctly handling ""Not available"" or ""No information available"" statements when they are included in the narrative or references (e.g., for scientific research abstracts/citations and toxicity information). However, the article exhibits significant data loss (60.71% robustness). A substantial number of critical facts, including specific compliance data, detailed safety warnings, inactive ingredients, contact information, and specific cultural highlights, were omitted from the final article. Furthermore, several ""No information available"" facts from the Master Fact Sheet were not transferred, leading to a less comprehensive representation of the source of truth. To achieve a ""perfect reflection,"" all facts, including negative findings, must be accurately represented."
68.เตยทะเล_,Go,70,80,92,100,"*
Lab Fact (Chromatography - TLC): 3 bands detected, Rf 0.41 (yellow), 0.56, 0.72
Compliance Fact (Food Registration 1): None found
Compliance Fact (Safety Dosage): Not found
Compliance Fact (Safety Warning): None found
Safety Fact (Active Ingredient): Not available
Safety Fact (Ingredient Purpose): Not available
Safety Fact (Uses): Not available
Safety Fact (Warnings): Not available
Safety Fact (Directions): Not available
Safety Fact (Other Info): Not available
Safety Fact (Inactive Ingredients): Not available
Safety Fact (Questions): Not available
Science Fact (Compound): Not available","*
None","**

    *   **Efficacy:** The article effectively synthesizes the general trends of interest in herbal and natural products for wellness and skincare, even though specific trend data for *Pandanus tectorius* itself was limited. The article appropriately highlights the potential of the plant based on its known properties and suggests further market research to validate specific demand. The connection to traditional knowledge is present but could be strengthened with more direct links if available.
    *   **Feasibility:** The writer successfully incorporated safety and regulatory considerations, noting the absence of significant reported side effects while emphasizing the need for thorough safety assessments and clinical trials. The structured data from the compliance and safety tasks was used appropriately to inform the ""Safety, Regulatory, and Toxicity Considerations"" section. The split-task workflow appears feasible and scalable, allowing for specialized agents to gather specific types of data (compliance, safety) and then integrating that data into the final article. The references to external databases like DailyMed and PubMed also demonstrate effective use of external resources. The cautionary language about cholesterol is a good example of risk mitigation.
```","** The article accurately reflects most facts from the fact sheet. The dropped entities are mostly related to safety facts that are ""Not available"" and very specific lab results. The handling of ""Not available"" abstracts is correct. All facts in the article are traceable to the fact sheet, indicating no hallucinations. The score for Collaboration Robustness is slightly lower due to the number of dropped safety and compliance facts, even though these were mostly ""Not available"" in the original fact sheet.
```"
69.ส้มเสี้ยว,No-Go,65,80,90,100,"*
Source URL (Safety): Not found
Safety Fact (Ingredient Purpose): Not found
Safety Fact (Uses): Not found
Safety Fact (Warnings): Not found
Safety Fact (Directions): Not found
Safety Fact (Other Info): Not found
Safety Fact (Inactive Ingredients): Not found
Safety Fact (Questions): Not found
Compliance Fact (Food Registration 1): None found
Compliance Fact (Safety Dosage): Not found
Compliance Fact (Safety Warning): None found","*
None","** The article provides a well-researched overview of Bauhinia malabarica, effectively integrating safety data. However, the lack of concrete trend data weakens the ""Herbal in Wellness Trends"" section. The split task workflow appears scalable, but the absence of actual compliance data limits a full evaluation. While the safety information is well-integrated, the significant safety concerns associated with the herb, combined with the weak trend relevance, suggest that publishing this article in its current form is not advisable. More market and trend research is needed, and the safety concerns need to be thoroughly addressed before considering publication.
```","** The article accurately reflects most of the facts from the fact sheet. The ""not found"" compliance, safety and source URL facts were not included. The article correctly handles the ""citation_apa: not_found"" by stating ""Not found"" in the references section."
70.ย่านางแดง,Go,75,85,92,100,"*
Compliance Fact (Food Registration 1): registration_number=39-1-05865-4-0063, product_name=ชาสมุนไพร ตรา ย่านางแดง / Herbal tea Ya Nang Daeng brand, company_name=บริษัท กอเงินออร์แกนิคฟาร์ม จำกัด, status=สถานะผลิตภัณฑ์(คงอยู่)\ สถานะสถานที่ (คงอยู่)","*
None","**

The article effectively synthesizes the available trends data, primarily focusing on the traditional uses and potential medicinal properties of Bauhinia strychnifolia. While explicit trend data was limited, the article successfully connected the plant's historical applications to modern wellness concepts. The score reflects the successful integration of traditional knowledge with potential market opportunities.

The writer agent successfully utilized the compliance and safety data, referencing the Thai FDA status and highlighting the need for comprehensive toxicity studies. Splitting the tasks for compliance and safety data collection appears to be a scalable and efficient approach, allowing for focused data gathering and integration into the final article. The higher feasibility score reflects the successful execution of this split-task workflow.
```","**
The article accurately reflects most of the facts from the Master Fact Sheet, demonstrating strong data integrity. The only dropped fact is the specific food registration detail. The article correctly handles ""Not Found"" for citation_apa by stating ""[1] Not found"". No hallucinated facts were found.
```"
71.ผักแพว_,No-Go,85,50,56,97,"*
Lab Fact (Experimental Method): Not found
Lab Fact (Extraction Method): Not found (Note: The article hallucinated its existence, but the ""not found"" status from the fact sheet was dropped)
Lab Fact (Chromatography - TLC): Not found
Lab Fact (Cosmetic or Clinical Effect): Not found
Lab Fact (Quality Control): Not found
Compliance Fact (Food Registration 1): registration_number=10-1-02358-1-0524, company_name=บริษัท ซีพี แอ็กซ์ตร้า จำกัด (มหาชน) สาขา กัลปพฤกษ์, status=สถานะผลิตภัณฑ์(คงอยู่)\ สถานะสถานที่ (คงอยู่) (Missing specific registration number, company, and full status details)
Compliance Fact (Food Registration 2): registration_number=14-1-06936-6-0387, product_name=กลิ่น ผักแพว (วัตถุแต่งกลิ่นรสธรรมชาติ) / PHAK PHAEO FLAVOUR (NATURAL FLAVOUR), company_name=บริษัท อุตสาหกรรมเครื่องหอมไทย-จีน จำกัด, status=สถานะผลิตภัณฑ์(คงอยู่)\ สถานะสถานที่ (คงอยู่) (Entire entry missing)
Compliance Fact (Food Registration 3): registration_number=26-2-00258-2-0587, company_name=บริษัท ซีพี แอ็กซ์ตร้า จำกัด (มหาชน) สาขา นครนายก, status=สถานะผลิตภัณฑ์(คงอยู่)\ สถานะสถานที่ (คงอยู่) (Missing specific registration number, company, and full status details)
Compliance Fact (Food Registration 4): registration_number=30-2-04957-2-0573, company_name=บริษัท ซีพี แอ็กซ์ตร้า จำกัด (มหาชน) สาขาปากช่อง, status=สถานะผลิตภัณฑ์(คงอยู่)\ สถานะสถานที่ (คงอยู่) (Missing specific registration number, company, and full status details)
Compliance Fact (Food Registration 5): registration_number=30-2-07060-6-0042, company_name=สตางค์ฟาร์ม, status=สถานะผลิตภัณฑ์(คงอยู่)\ สถานะสถานที่ (คงอยู่) (Missing specific registration number, company, and full status details)
Safety Fact (Warnings): ""Replace the cap after use."" and ""Keep out of reach of children."" (Specific warnings from the block)
Safety Fact (Directions): After facial wash, apply an adequate amount on face and neck. Apply twice a day on normal skin, morning and night, at the last stage of skin care. Tap gently for max absorption
Safety Fact (Other Info): Not found
Safety Fact (Inactive Ingredients): Water, Dimethicone, Glycerin, ... (full list of 40 ingredients)
Safety Fact (Questions): TEL,+82-539-3450, www.ultravcosmetic.com
Culture Fact (Location - Singaporean Chinese): Singapore (สิงคโปร์)
Culture Fact (Ethnic Group - Singaporean Chinese): Chinese, Hokkien (จีน ฮกเกี้ยน)
Culture Fact (Community Highlight - Singaporean Chinese): Specific details like ""In the 1950s"" and ""The community's ability to adapt to change and innovate has contributed to the success of their culinary traditions.""
Culture Fact (Name Etymology - Singaporean Chinese): Specific details like ""derived from the Thai language and refers to a type of leafy green vegetable commonly used in Singaporean cuisine. The name is also associated with the dish ""Laksa,"" a popular spicy noodle soup that originated in Singapore.""
Source URL (Trend): Not found
Source URL (Science): Not found
Source URL (Toxicity): Not found
**Hallucinated Entities (Facts in Article but not Fact Sheet):**
""existence of extraction methods"" (Contradicts `Lab Fact (Extraction Method): Not found` in the Master Fact Sheet)
**Feedback:** The robustness score is moderate due to significant data loss. Critical compliance data (full food registration details), specific safety warnings, directions, inactive ingredients, and contact information were either entirely omitted or only partially transferred. Several ""Not found"" statuses for lab facts and source URLs were also dropped. The clarity score is high, with only one instance of hallucination where the article asserted the ""existence of extraction methods,"" directly contradicting the ""Not found"" status in the Master Fact Sheet. All other ""Not found"" entries were handled correctly by either explicitly stating ""Not found"" or by acceptable omission.","*
""existence of extraction methods"" (Contradicts `Lab Fact (Extraction Method): Not found` in the Master Fact Sheet)
**Feedback:** The robustness score is moderate due to significant data loss. Critical compliance data (full food registration details), specific safety warnings, directions, inactive ingredients, and contact information were either entirely omitted or only partially transferred. Several ""Not found"" statuses for lab facts and source URLs were also dropped. The clarity score is high, with only one instance of hallucination where the article asserted the ""existence of extraction methods,"" directly contradicting the ""Not found"" status in the Master Fact Sheet. All other ""Not found"" entries were handled correctly by either explicitly stating ""Not found"" or by acceptable omission.","** The article demonstrates good synthesis of limited trend data and cultural relevance for Persicaria odorata. However, there is a critical and unacceptable factual error in the ""Safety, Regulatory, and Constraints"" section. The article incorrectly attributes the active ingredients (Niacinamide, Adenosine) and their cosmetic uses to Persicaria odorata, based on a DailyMed entry where Persicaria odorata is not the active ingredient. This misrepresentation of safety data is severe and makes the article unsuitable for publication. The workflow design for splitting data gathering tasks is sound and scalable, but the current writing agent's interpretation and synthesis of complex safety information need significant improvement or an additional fact-checking/validation step to ensure accuracy and prevent misleading content.# ===AUDIT_STRATEGY_REPORT===
*   **Practical Efficacy (Relevance):** 85%
*   **Implementation Feasibility (Scalability):** 50%
*   **Go/No-Go for Publication:** No-Go
*   **Feedback:** The article successfully addresses the lack of specific trend data for Persicaria odorata by intelligently synthesizing information from food registrations and traditional uses, making the content relevant to exploring the herb's potential in wellness. This demonstrates strong practical efficacy in adapting to limited direct trend insights.

However, the article has a critical flaw in its implementation feasibility. While the split of tasks for gathering compliance and safety data is an excellent, scalable, and efficient workflow design, the writer agent critically misinterpreted the `SAFETY_DATA`. The article incorrectly attributes Niacinamide and Adenosine as active ingredients of Persicaria odorata for skin brightening and anti-wrinkle purposes. The provided `SAFETY_DATA` clearly shows these are active ingredients in a *cosmetic product* where Persicaria odorata is *not* listed as an active ingredient. This factual error is severe, misleading, and makes the article entirely unsuitable for publication. The workflow *enabled* data gathering, but the `write_article_task` failed to accurately synthesize and interpret it, highlighting a significant gap in the overall process's reliability for producing accurate, publishable content. A robust fact-checking or interpretation layer is essential before publication.","** The robustness score is moderate due to significant data loss. Critical compliance data (full food registration details), specific safety warnings, directions, inactive ingredients, and contact information were either entirely omitted or only partially transferred. Several ""Not found"" statuses for lab facts and source URLs were also dropped. The clarity score is high, with only one instance of hallucination where the article asserted the ""existence of extraction methods,"" directly contradicting the ""Not found"" status in the Master Fact Sheet. All other ""Not found"" entries were handled correctly by either explicitly stating ""Not found"" or by acceptable omission."
72.ผักกูด,No-Go,75,80,45,100,"*
Culture Fact (Location - Water Mimosa Community): Nakhon Pathom Province
Culture Fact (Ethnic Group - Water Mimosa Community): Lao Krang
Culture Fact (Community Highlight - Water Mimosa Community): Water Mimosa is a popular vegetable among the local people, particularly in the southern border provinces of Thailand, including Pattani, Yala, Narathiwat, and four districts of Songkhla Province: Thepha, Jana, Sabayoi, and Nathawi. It is also known as ""Pu Choa Paku"" and is a favorite ingredient in many dishes, including ""Krabu Pu Choa Paku"" or ""Yum Water Mimosa,"" a traditional Malay recipe.
Culture Fact (Name Etymology - Water Mimosa Community): The name ""Water Mimosa"" is derived from the plant's ability to fold its leaves when touched, similar to the sensitive plant (Mimosa pudica).
Culture Fact (Environment - Water Mimosa Community): The Water Mimosa community is located in the southern border provinces of Thailand, where the plant is widely cultivated and consumed.
Culture Fact (Organization - Water Mimosa Community): The Water Mimosa community is organized around the cultivation and trade of the plant, with many local farmers and vendors involved in its production and distribution.
Culture Fact (Use - Water Mimosa Community): Water Mimosa is used as an ingredient in various dishes, including ""Krabu Pu Choa Paku"" or ""Yum Water Mimosa,"" a traditional Malay recipe.
Culture Fact (Processing - Water Mimosa Community): Water Mimosa is typically harvested by hand and then washed and cleaned before being used in cooking.
Culture Fact (Location - Thung Water Mimosa Community): Nakhon Pathom Province
Culture Fact (Ethnic Group - Thung Water Mimosa Community): Lao Krang
Culture Fact (Community Highlight - Thung Water Mimosa Community): The Thung Water Mimosa community is a small community located in Nakhon Pathom Province, where Water Mimosa is widely cultivated and consumed.
Culture Fact (Name Etymology - Thung Water Mimosa Community): The name ""Thung Water Mimosa"" is derived from the Thai word ""thung,"" meaning ""field"" or ""plain,"" and ""Water Mimosa,"" which refers to the plant's unique characteristic.
Culture Fact (Environment - Thung Water Mimosa Community): The Thung Water Mimosa community is located in a rural area of Nakhon Pathom Province, where the plant is widely cultivated and consumed.
Culture Fact (Organization - Thung Water Mimosa Community): The Thung Water Mimosa community is organized around the cultivation and trade of the plant, with many local farmers and vendors involved in its production and distribution.
Culture Fact (Use - Thung Water Mimosa Community): Water Mimosa is used as an ingredient in various dishes, including ""Krabu Pu Choa Paku"" or ""Yum Water Mimosa,"" a traditional Malay recipe.
Culture Fact (Processing - Thung Water Mimosa Community): Water Mimosa is typically harvested by hand and then washed and cleaned before being used in cooking.
Culture Fact (Location - Mon Displaced Community): Kanchanaburi Province
Culture Fact (Ethnic Group - Mon Displaced Community): Mon
Culture Fact (Community Highlight - Mon Displaced Community): The Mon Displaced Community is a community of Mon people who have migrated from Myanmar to Thailand, primarily settling in Kanchanaburi Province.
Culture Fact (Name Etymology - Mon Displaced Community): The name ""Mon Displaced Community"" refers to the community's history of migration from Myanmar to Thailand.
Culture Fact (Environment - Mon Displaced Community): The Mon Displaced Community is located in a rural area of Kanchanaburi Province, where the community has developed a unique cultural identity and traditional practices.
Culture Fact (Local Wisdom - Mon Displaced Community): The local people have developed a deep understanding of their cultural heritage and traditional practices, including their language, customs, and beliefs.
Culture Fact (Organization - Mon Displaced Community): The Mon Displaced Community is organized around the preservation and promotion of their cultural heritage, with many community members involved in cultural activities and traditional practices.
Culture Fact (Local Name - Mon Displaced Community): Mon
Culture Fact (Use - Mon Displaced Community): The Mon Displaced Community has developed traditional practices and customs, including their language, beliefs, and cultural activities.
Culture Fact (Processing - Mon Displaced Community): The Mon Displaced Community has developed traditional methods for preserving and promoting their cultural heritage, including language and cultural activities.
**Hallucinated Entities (Facts in Article but not Fact Sheet):**
None
**Feedback:** The Final Article demonstrated perfect clarity by avoiding any hallucinated facts and correctly acknowledging or omitting information explicitly marked as ""Not provided"" in the Master Fact Sheet. This indicates robust handling of unknown or absent data. However, there was significant data loss, particularly regarding the detailed cultural facts for the Water Mimosa, Thung Water Mimosa, and Mon Displaced communities. While the article mentioned the communities and their general connection to local wisdom about the herb, it failed to transfer numerous specific details about their locations, ethnic groups, community highlights, name etymologies, environments, organizational structures, specific uses, and processing methods as provided in the Master Fact Sheet. This omission of specific cultural details significantly reduced the Collaboration Robustness score.","*
None
**Feedback:** The Final Article demonstrated perfect clarity by avoiding any hallucinated facts and correctly acknowledging or omitting information explicitly marked as ""Not provided"" in the Master Fact Sheet. This indicates robust handling of unknown or absent data. However, there was significant data loss, particularly regarding the detailed cultural facts for the Water Mimosa, Thung Water Mimosa, and Mon Displaced communities. While the article mentioned the communities and their general connection to local wisdom about the herb, it failed to transfer numerous specific details about their locations, ethnic groups, community highlights, name etymologies, environments, organizational structures, specific uses, and processing methods as provided in the Master Fact Sheet. This omission of specific cultural details significantly reduced the Collaboration Robustness score.","**
    The article effectively synthesizes the scientific findings and traditional uses of Diplazium esculentum, connecting them to broader wellness trends like natural remedies and cognitive health, particularly Alzheimer's disease. This makes the content generally relevant to our wellness audience. However, the article explicitly states, ""Although specific trend facts are not provided,"" which indicates a significant gap in the initial trend analysis (context[0] was not provided, but the article's statement reflects its outcome). For a major wellness brand, content needs to be deeply rooted in specific, actionable market trends to drive product strategy and audience engagement. The current article, while informative, feels more exploratory than market-ready due to this missing specific trend data.

    Regarding feasibility, the workflow design employing separate tasks for compliance and safety data gathering is highly scalable and efficient. The writer agent successfully integrated the safety data (e.g., the Ames test result and the lack of specific toxicity warnings), demonstrating effective utilization of that specific stream. However, no specific compliance data (e.g., Thai FDA registration numbers) was mentioned in the final article, despite the `check_compliance_task` indicating an intent to find such information. This suggests either a failure in the upstream compliance data retrieval or a gap in the writer agent's integration of that data, which impacts the end-to-end efficiency of the workflow for this specific instance.

    Therefore, while the article provides a solid foundation, it is a ""No-Go"" for publication at this stage. We need to:
    1.  **Strengthen Trend Analysis:** Conduct more targeted research to identify specific market trends or consumer interest for Diplazium esculentum itself, or clearly position the article as an early-stage scientific exploration rather than a market-driven piece.
    2.  **Ensure Full Compliance Integration:** Verify if the `check_compliance_task` yielded relevant data, and if so, ensure it is appropriately integrated into the article to provide a comprehensive regulatory overview.","** The Final Article demonstrated perfect clarity by avoiding any hallucinated facts and correctly acknowledging or omitting information explicitly marked as ""Not provided"" in the Master Fact Sheet. This indicates robust handling of unknown or absent data. However, there was significant data loss, particularly regarding the detailed cultural facts for the Water Mimosa, Thung Water Mimosa, and Mon Displaced communities. While the article mentioned the communities and their general connection to local wisdom about the herb, it failed to transfer numerous specific details about their locations, ethnic groups, community highlights, name etymologies, environments, organizational structures, specific uses, and processing methods as provided in the Master Fact Sheet. This omission of specific cultural details significantly reduced the Collaboration Robustness score."
73.ไหมข้าวโพด,Go,88,95,64,98,"*
Lab Fact (Experimental Method): The experimental method used to study the effects of Zea mays involved in vitro and in vivo experiments to determine its antioxidant and anti-inflammatory properties.
Lab Fact (Cosmetic or Clinical Effect): The cosmetic or clinical effects of Zea mays included improved skin health and reduced inflammation.
Compliance Fact (Food Registration 1): None found
Compliance Fact (Safety Dosage): Not found
Compliance Fact (Safety Warning): None found
Safety Fact (Inactive Ingredients): Not found
Safety Fact (Questions): None found
Toxicity Fact (Mechanism): Not found
Toxicity Fact (Side Effects): None found
Toxicity Fact (Case Reports): Not found
Culture Fact (Community Highlight - Ban Doi Lan): The community's strengths lie in their traditional farming practices, including the cultivation of corn, which is used to produce corn silk.
Culture Fact (Local Name - Ban Doi Lan): Corn Silk
Culture Fact (Processing - Ban Doi Lan): Processing corn silk
Source URL (Trend): Not found
Source URL (Science): Not found
Source URL (Compliance): Not found
Source URL (Safety): Not found
Source URL (Toxicity): Not found
**Hallucinated Entities (Facts in Article but not Fact Sheet):**
Zea mays has been used for centuries (in the phrase ""a traditional herb that has been used for centuries in various cultures"")
**Feedback:**","*
Zea mays has been used for centuries (in the phrase ""a traditional herb that has been used for centuries in various cultures"")
**Feedback:**","** The final article demonstrates strong practical efficacy by successfully framing Zea mays within relevant wellness trends such as the popularity of superfood lattes and the growing interest in traditional medicine and alternative remedies. The content is well-synthesized and directly addresses market opportunities for our audience.

Regarding implementation feasibility, the workflow design, which leverages distinct tasks for trend analysis, compliance, and safety data gathering, is exceptionally scalable and efficient. This modular approach allows for specialized data collection and ensures comprehensive coverage. The ""Safety, Regulatory, and Constraints"" section in the article effectively incorporates the *types* of information expected from the `check_compliance_task` and `find_safety_data_task`, discussing low toxicity, active ingredients, and the necessity of quality control. This indicates the writer agent successfully utilized the *intent* of these structured data inputs.

**Crucial Note for Future Iterations:** While the article's content and the workflow design are commendable, a complete and verifiable audit of ""Practical Efficacy"" was limited by the absence of the actual ""Trend Facts"" from `analyze_trends_task` (context[0]). Similarly, the specific compliance and safety data outputs from `check_compliance_task` (context[1]) and `find_safety_data_task` (context[2]) were not provided, only descriptions of the tasks performed. For a real-world publication, these raw inputs would be essential for a full, direct verification against the article's claims. However, based on the article's internal consistency and the robust workflow design, the article is approved for publication.","**
    The audit reveals a Collaboration Robustness score of 64%, indicating a substantial loss of data from the Master Fact Sheet to the Final Article. A total of 18 distinct facts, including specific lab methodologies, cosmetic effects, comprehensive compliance data (Food Registration, Safety Dosage, Safety Warning), detailed safety information (Inactive Ingredients, Questions), toxicity specifics (Mechanism, Side Effects, Case Reports), certain cultural details (community farming strengths, local name ""Corn Silk"", corn silk processing), and all ""Source URL: Not found"" entries were entirely omitted from the Final Article. While the article correctly handled the ""Not found"" status for APA citations and general safety warnings/directions by explicitly stating their absence or omitting references, it failed to report the absence of many other ""Not found"" or ""None found"" facts, representing a significant gap in completeness.

    The Explanation Clarity score is 98%, demonstrating a high degree of accuracy in the facts that *were* included. Only one minor embellishment, ""used for centuries"" (in the context of Zea mays being a traditional herb), was identified as a hallucination, as this specific timeframe was not present in the Master Fact Sheet. All other factual statements in the article were directly verifiable from the provided source of truth. The article also correctly handled the `citation_apa: not_found` entries by explicitly stating ""Not found"" in the references section, preventing the invention of citations."
74.งา,Go,90,100,43,68,"*
Science Fact (Compound): Not found (absence not explicitly stated)
Science Fact (Abstracts): Study 1 abstract_raw: Not found (absence of specific study abstracts not stated)
Science Fact (Abstracts): Study 2 abstract_raw: Not found
Science Fact (Abstracts): Study 3 abstract_raw: Not found
Compliance Fact (Food Registration 1): registration_number=10-1-00252-5-0125 (Specific details of all 5 registrations are missing, only general mention of ""registered food products"")
Compliance Fact (Food Registration 1): product_name=มินิปังสามรส (ถั่วทอง,ถั่วแดง,งาดำ) (เครื่องหมายการค้าเลอแปง)
Compliance Fact (Food Registration 1): company_name=บริษัท ซีพีแรม จำกัด
Compliance Fact (Food Registration 1): status=สถานะผลิตภัณฑ์(คงอยู่)\ สถานะสถานที่ (คงอยู่)
Compliance Fact (Food Registration 2): registration_number=10-1-00337-1-0018
Compliance Fact (Food Registration 2): product_name=งาแผ่นผสมน้ำผึ้ง (ตราฟลาวเวอร์ฟูด) / Sesame Bars with Honey (Flower Food Brand)
Compliance Fact (Food Registration 2): company_name=ห้างหุ้นส่วนจำกัด ฟลาวเวอร์ ฟูด
Compliance Fact (Food Registration 2): status=สถานะผลิตภัณฑ์(คงอยู่)\ สถานะสถานที่ (คงอยู่)
Compliance Fact (Food Registration 3): registration_number=10-1-00337-1-0019
Compliance Fact (Food Registration 3): product_name=งาแผ่นผสมน้ำผึ้ง / Sesame Bars with Honey
Compliance Fact (Food Registration 3): company_name=ห้างหุ้นส่วนจำกัด ฟลาวเวอร์ ฟูด
Compliance Fact (Food Registration 3): status=สถานะผลิตภัณฑ์(คงอยู่)\ สถานะสถานที่ (คงอยู่)
Compliance Fact (Food Registration 4): registration_number=10-1-00337-1-0021
Compliance Fact (Food Registration 4): product_name=งาแผ่นผสมน้ำผึ้ง (ตราเคลม) / Sesame Bars with Honey (Clame Brand)
Compliance Fact (Food Registration 4): company_name=ห้างหุ้นส่วนจำกัด ฟลาวเวอร์ ฟูด
Compliance Fact (Food Registration 4): status=สถานะผลิตภัณฑ์(คงอยู่)\ สถานะสถานที่ (คงอยู่)
Compliance Fact (Food Registration 5): registration_number=10-1-00337-1-0030
Compliance Fact (Food Registration 5): product_name=งาแผ่นผสมน้ำผึ้ง (ตราฟลาวเวอร์ฟูด) / SESAME BARS WITH HONEY (FLOWER FOOD BRAND)
Compliance Fact (Food Registration 5): company_name=ห้างหุ้นส่วนจำกัด ฟลาวเวอร์ ฟูด
Compliance Fact (Food Registration 5): status=สถานะผลิตภัณฑ์(คงอยู่)\ สถานะสถานที่ (คงอยู่)
Compliance Fact (Safety Dosage): Not found (absence not explicitly stated)
Compliance Fact (Safety Warning): Not found (absence not explicitly stated)
Safety Fact (Uses): Softly apply cream along the skin texture and pat gently for better absorption. (All 4 detailed usage instructions are missing)
Safety Fact (Uses): After washing face or applying the pibubab gold grain pack in the evening and without applying the basic cosmetics, put a few of drops of energy ampule oil on your wet face, after while tap and rub lightly with your palm.
Safety Fact (Uses): For the face, apply outwards and top-down for the neck.
Safety Fact (Uses): It is also recommendable to apply after taking a shower.
Safety Fact (Warnings): Redness, swelling, itchiness, stimulation, or other symptoms (Specific examples of adverse symptoms are missing)
Safety Fact (Warnings): Occurrence of the above symptoms upon exposure to direct sunlight.
Safety Fact (Warnings): Do not store in areas with extreme heat or cold, or under direct sunlight.
Safety Fact (Warnings): Avoid the eye area
Safety Fact (Directions): Take an adequate amount of this product. (Specific directions are missing)
Safety Fact (Other Info): By applying small amount of highly condensed essential oil without adding perfumes or colorings from the chemical synthesis, the protection curtain is formed on your skin and it cares your skin effectively and also by making the moisture curtain on your dry skin, you will have wonderful experience that your skin is fully-recovered and vital. (Both descriptive points are missing)
Safety Fact (Other Info): Skin resilence, pore tighting and moisturizing effect.
Safety Fact (Inactive Ingredients): Sesamum Indicum (Sesame) Seed Extract (All 3 inactive ingredients are missing)
Safety Fact (Inactive Ingredients): Pinus Koraiensis Seed Oil
Safety Fact (Inactive Ingredients): Carthamus Tinctorius (Safflower) Seed Oil
Safety Fact (Questions): Not found (absence not explicitly stated)
Culture Fact (Ethnic Group - Ban Huai Yang Community): Thai (Missing)
Culture Fact (Community Highlight - Ban Huai Yang Community): The community's traditional knowledge and skills have been passed down through generations, and their equipment is highly regarded for its effectiveness and durability. (Second part of highlight missing)
Culture Fact (Name Etymology - Ban Huai Yang Community): The Nga is a crucial part of the community's hunting tradition, and its name reflects its importance in their cultural heritage. (Second part of etymology missing)
Culture Fact (Environment - Ban Huai Yang Community): an area known for its rich biodiversity and natural resources. (Specific environmental description missing)
Culture Fact (Environment - Ban Huai Yang Community): The community's traditional equipment, including the Nga, is designed to work in harmony with the environment and to promote sustainable hunting practices. (Missing)
Culture Fact (Local Wisdom - Ban Huai Yang Community): The Ban Huai Yang community has developed a deep understanding of the local ecosystem and the behavior of the animals they hunt. (Both local wisdom points missing)
Culture Fact (Local Wisdom - Ban Huai Yang Community): Their traditional knowledge and skills are essential to the effective use of the Nga and other hunting equipment.
Culture Fact (Organization - Ban Huai Yang Community): The Ban Huai Yang community has a strong sense of cooperation and mutual support. (Both organization points missing)
Culture Fact (Organization - Ban Huai Yang Community): Their traditional organizations and social structures play a crucial role in the preservation and transmission of their cultural heritage, including their traditional equipment and hunting practices.
Culture Fact (Local Name - Ban Huai Yang Community): Nga Dak Men (Hedgehog Hunting Tool) (Specific Thai name ""Nga Dak Men"" is missing)
Culture Fact (Processing - Ban Huai Yang Community): Weaving a cone-shaped basket (Missing)
Internal RAG Fact (Herbal): Additionally, it mentions the use of certain plants, such as ใบมะกรูด (Thai basil), in traditional Thai medicine. (Specific example missing)
Internal RAG Fact (Cultural): The use of sesame in Thai cuisine is believed to have originated from the ancient practice of using sesame oil as a form of medicine. (Origin of culinary use missing)
Source URL (Trend): Not found (absence not explicitly stated)
Source URL (Science): Not found (absence not explicitly stated)
Source URL (Toxicity): Not found (absence not explicitly stated)
**Hallucinated Entities (Facts in Article but not Fact Sheet):**
""the presence of Sesamum indicum in various registered food products in Thailand suggests a growing interest in natural and traditional ingredients."" (Inference/Interpretation of a trend, not a direct fact)
""This interest, combined with the cultural significance of sesame in Thai traditional medicine and cuisine, indicates a potential market opportunity for sesame-based wellness products."" (Strategic analysis/inference)
""these precautions indicate potential skin irritation or allergic reactions as constraints."" (Inference from warnings, not a direct toxicity fact)
""The market opportunity for Sesamum indicum-based products is supported by the presence of sesame in registered food products and its cultural significance in traditional Thai medicine and cuisine."" (Strategic analysis/inference)
""Technical feasibility is demonstrated by existing product registrations and the use of sesame oil in skin care."" (Strategic analysis/inference)
""the need for rigorous safety testing, must be addressed."" (Action/recommendation, not a fact)
""A strategic recommendation is to develop a line of natural, sesame-based personal care products that prioritize safety, comply with regulatory standards, and resonate with local cultural preferences for traditional herbal remedies."" (Recommendation/Strategy)
""Sesamum indicum, or sesame, presents a compelling opportunity for the development of natural, culturally relevant wellness products, particularly in the personal care sector."" (Conclusion/strategic statement)
""By leveraging its moisturizing and nutritional benefits, while prioritizing safety and regulatory compliance, companies can tap into the growing demand for natural ingredients and traditional herbal remedies."" (Conclusion/strategic statement)
""The cultural significance of sesame in Thai traditional medicine and cuisine further supports its potential as a key ingredient in wellness products that resonate with local consumers and potentially expand into other markets valuing traditional herbal remedies."" (Conclusion/strategic statement)
**Feedback:** The Collaboration Robustness score is low due to significant data loss. Critical specific details, particularly from food registrations, safety instructions (uses, directions, inactive ingredients, specific warnings), and numerous cultural facts, were omitted or overly summarized. Several ""Not found"" facts were also simply omitted without explicit mention, impacting completeness. The Explanation Clarity score is moderate. While the article correctly transferred many facts and handled several ""Not found"" entries appropriately (either explicitly stating absence or omitting without invention), it introduced a notable amount of hallucination in the form of inferences, strategic analyses, and recommendations that were not directly present in the Master Fact Sheet.","*
""the presence of Sesamum indicum in various registered food products in Thailand suggests a growing interest in natural and traditional ingredients."" (Inference/Interpretation of a trend, not a direct fact)
""This interest, combined with the cultural significance of sesame in Thai traditional medicine and cuisine, indicates a potential market opportunity for sesame-based wellness products."" (Strategic analysis/inference)
""these precautions indicate potential skin irritation or allergic reactions as constraints."" (Inference from warnings, not a direct toxicity fact)
""The market opportunity for Sesamum indicum-based products is supported by the presence of sesame in registered food products and its cultural significance in traditional Thai medicine and cuisine."" (Strategic analysis/inference)
""Technical feasibility is demonstrated by existing product registrations and the use of sesame oil in skin care."" (Strategic analysis/inference)
""the need for rigorous safety testing, must be addressed."" (Action/recommendation, not a fact)
""A strategic recommendation is to develop a line of natural, sesame-based personal care products that prioritize safety, comply with regulatory standards, and resonate with local cultural preferences for traditional herbal remedies."" (Recommendation/Strategy)
""Sesamum indicum, or sesame, presents a compelling opportunity for the development of natural, culturally relevant wellness products, particularly in the personal care sector."" (Conclusion/strategic statement)
""By leveraging its moisturizing and nutritional benefits, while prioritizing safety and regulatory compliance, companies can tap into the growing demand for natural ingredients and traditional herbal remedies."" (Conclusion/strategic statement)
""The cultural significance of sesame in Thai traditional medicine and cuisine further supports its potential as a key ingredient in wellness products that resonate with local consumers and potentially expand into other markets valuing traditional herbal remedies."" (Conclusion/strategic statement)
**Feedback:** The Collaboration Robustness score is low due to significant data loss. Critical specific details, particularly from food registrations, safety instructions (uses, directions, inactive ingredients, specific warnings), and numerous cultural facts, were omitted or overly summarized. Several ""Not found"" facts were also simply omitted without explicit mention, impacting completeness. The Explanation Clarity score is moderate. While the article correctly transferred many facts and handled several ""Not found"" entries appropriately (either explicitly stating absence or omitting without invention), it introduced a notable amount of hallucination in the form of inferences, strategic analyses, and recommendations that were not directly present in the Master Fact Sheet.","** The final article demonstrates strong practical efficacy by acknowledging the absence of explicit trend data from the `analyze_trends_task` and then intelligently synthesizing relevance from other available data, such as existing food registrations and cultural significance. This shows a valuable ability to infer market opportunity and audience interest even when direct ""trend facts"" are not explicitly provided, making the content highly relevant to our wellness audience.

The workflow design, particularly the split of tasks for compliance and safety data gathering, is exceptionally robust and efficient. The `write_article_task` successfully integrated specific warnings from the `find_safety_data_task` and regulatory status from the `check_compliance_task`. This modular approach ensures that specialized, complex information is extracted by dedicated agents and then seamlessly incorporated into the article. This design significantly enhances scalability, reduces the potential for errors, and makes the overall content generation process highly cost-effective and viable for a large volume of content. The article is ready for publication.","** The Collaboration Robustness score is low due to significant data loss. Critical specific details, particularly from food registrations, safety instructions (uses, directions, inactive ingredients, specific warnings), and numerous cultural facts, were omitted or overly summarized. Several ""Not found"" facts were also simply omitted without explicit mention, impacting completeness. The Explanation Clarity score is moderate. While the article correctly transferred many facts and handled several ""Not found"" entries appropriately (either explicitly stating absence or omitting without invention), it introduced a notable amount of hallucination in the form of inferences, strategic analyses, and recommendations that were not directly present in the Master Fact Sheet."
75.หญ้าดอกขาว,Go,90,60,31,84,"*
**Trend Facts (21 facts):**
Naturista Kohila Root Powder benefits: reduce fat absorption, control blood cholesterol, beneficial for skin burns, tuberculosis, respiratory disorders, pneumonia.
Naturista Kohila Root Powder ingredients: polyphenol and ascorbic acids which control blood pressure and heal wounds in internal tissues.
Naturista Kohila Root Powder consumption advice: can be consumed as a drink/porridge (method of consumption partially lost), recommended to drink at least 6-8 glasses of water a day, avoid alcohol/drugs/smoking, use a well-ventilated perforated seat.
Kola kenda recipe details: with kohila root and red kekulu rice, kohila root and Brahmi leaves, little ironweed, especially heen bovitiya.
**Compliance Facts (20 facts):**
All 5 specific Herb/Drug Registrations (G184/60, G50013/63, G465/60, G51/60, G418/59), including their product names, company names, and statuses.
**Safety Facts (57 facts):**
All 22 Active Ingredients (e.g., Borax, Bryonia (Alba), Echinacea Purpurea, Juglans Cinerea, Kali Muriaticum, Magnesia Muriatica, Muriaticum Acidum, Discus Intervertebralis Suis, Oral Mucosa (Suis), Antimonium Crudum, Arsenicum Album, Bismuthum Subnitricum, Chamomilla, Cinchona Officinalis, Nux Moschata, Sambucus Nigra, Sepia, Mercurius Solubilis, Calcarea Phosphorica, Ignatia Amara, Oxygenium, Candida Albicans) and their specific strengths (e.g., 6X, 8X, 12X, 16X, 18X, 24X, 30X).
Uses: For temporary relief of symptoms related to oral health, such as cavitation, delayed dentition, dry mouth, painful eating, eruptions on the tongue and inner cheeks, and tooth sensitivity.
Warnings: Keep out of reach of children; in case of overdose, contact physician or Poison Control Center; if pregnant or breast-feeding, seek advice of a health professional; tamper seal details (""Sealed for Your Protection""); instruction not to use if seal is broken or missing.
Directions: 1-10 drops under the tongue, 3 times a day or as directed by a health professional; consult a physician for use in children under 12 years of age.
Other Info: Disclaimer regarding homeopathic product not being evaluated by FDA for safety or efficacy, and FDA not being aware of scientific evidence to support homeopathy as effective.
Inactive Ingredients: Demineralized Water, 25% Ethanol.
Questions: Distributor information (Deseret Biologicals, Inc., address, website).
**Culture Facts (35 facts):**
Specific details for Bang Noi-Tha Phru community: location (Narathiwat Province), ethnic groups (Thai Buddhist, Thai Muslim, Thai-Chinese), population (782 people, 360 males, 442 females, 403 households), community highlight, name etymology, community environment, local wisdom (general statement was included, but specific context was lost), community organizations, local name (White Flower Grass), traditional use (Medicinal herb), processing method (Planting White Flower Grass), source URL.
Specific details for Akha Ban Pha Mi community: location (Mae Sai District, Chiang Rai Province), ethnic group (Akha), population (563 people, 286 females, 277 males), community highlight, name etymology, community environment, local wisdom (general statement was included, but specific context was lost), community organizations, local name (White Flower Grass), traditional use (Medicinal herb), processing method (Planting White Flower Grass), source URL.
Specific details for Karen Community: location (Uthai Thani Province), ethnic group (Karen), community highlight, name etymology, community environment, local wisdom (general statement was included, but specific context was lost), community organizations, local name (White Flower Grass), traditional use (Medicinal herb), processing method (Planting White Flower Grass), source URL.
**Hallucinated Entities (Facts in Article but not Fact Sheet):**
""The trend facts suggest a market opportunity for products that support these health conditions, presenting a potential for product development.""
""This suggests potential technical feasibility for product development, particularly in the creation of herbal supplements or health products that utilize Vernonia cinerea as a key ingredient.""
""The local wisdom of using Vernonia cinerea as a medicinal herb highlights the importance of preserving and promoting traditional knowledge and practices.""
""Therefore, it is crucial to design products with safety and toxicity constraints in mind, ensuring that the dosage and formulation of Vernonia cinerea-based products are safe for human consumption.""
""The compliance facts also highlight the importance of registering herbal products with the relevant authorities, such as the Thai FDA, to ensure safety and efficacy.""
Statements under ""Strategic Analysis and Product Opportunities"" section (3 distinct interpretive/recommendation statements).
Statements under ""Conclusion"" section (3 distinct interpretive/summary statements).
**Feedback:** The Final Article suffers from significant data loss, particularly in the detailed Compliance, Safety, and Culture sections. While it accurately captures high-level information and correctly handles ""Not Found"" entries by omission or explicit mention, it fails to transfer a large volume of specific, critical data points from the Master Fact Sheet. The article also includes several interpretive and strategic statements that, while perhaps derived from the facts, are not direct facts themselves from the source of truth, thus contributing to a lower clarity score due to hallucination of higher-level conclusions. The direct scientific facts, trend facts, toxicity summary, internal RAG facts, and source URLs were transferred with good accuracy.","*
""The trend facts suggest a market opportunity for products that support these health conditions, presenting a potential for product development.""
""This suggests potential technical feasibility for product development, particularly in the creation of herbal supplements or health products that utilize Vernonia cinerea as a key ingredient.""
""The local wisdom of using Vernonia cinerea as a medicinal herb highlights the importance of preserving and promoting traditional knowledge and practices.""
""Therefore, it is crucial to design products with safety and toxicity constraints in mind, ensuring that the dosage and formulation of Vernonia cinerea-based products are safe for human consumption.""
""The compliance facts also highlight the importance of registering herbal products with the relevant authorities, such as the Thai FDA, to ensure safety and efficacy.""
Statements under ""Strategic Analysis and Product Opportunities"" section (3 distinct interpretive/recommendation statements).
Statements under ""Conclusion"" section (3 distinct interpretive/summary statements).
**Feedback:** The Final Article suffers from significant data loss, particularly in the detailed Compliance, Safety, and Culture sections. While it accurately captures high-level information and correctly handles ""Not Found"" entries by omission or explicit mention, it fails to transfer a large volume of specific, critical data points from the Master Fact Sheet. The article also includes several interpretive and strategic statements that, while perhaps derived from the facts, are not direct facts themselves from the source of truth, thus contributing to a lower clarity score due to hallucination of higher-level conclusions. The direct scientific facts, trend facts, toxicity summary, internal RAG facts, and source URLs were transferred with good accuracy.","**
    The article demonstrates strong practical efficacy, successfully synthesizing the identified wellness trends for Vernonia cinerea (Little Ironweed). It accurately reflects the health conditions associated with the herb from the trend data, making the content highly relevant to our wellness audience. The discussion of market opportunity and product development aligns well with the trends. A minor improvement could be a more explicit connection of Little Ironweed to the full range of conditions mentioned in the context of the Kohila Root Powder porridge (Finding 2), rather than separating the two, to fully leverage all nuances of the trend data.

    Regarding implementation feasibility, the workflow design with split tasks for compliance and safety data is conceptually sound and holds significant potential for scalability and cost-effectiveness. However, the execution in this instance reveals critical issues:
    1.  **Safety Data:** The `find_safety_data_task` provided irrelevant safety data (for a different set of ingredients/product) despite being prompted for ""Vernonia cinerea."" The writer agent correctly identified this irrelevance and sourced appropriate safety data (LD50, brine shrimp lethality) from external research. While the article benefits from this compensation, it indicates a significant failure in the upstream `find_safety_data_task` to provide useful, relevant input, making that pre-processing step inefficient and not cost-effective in this case.
    2.  **Compliance Data:** The `check_compliance_task` successfully provided relevant Thai FDA registration data for Vernonia cinerea. However, the writer agent only used this to make a general statement about the importance of registration. It missed a key opportunity to highlight the *specific, positive finding* that Vernonia cinerea already has multiple active Thai FDA herb/drug registrations, which would have significantly bolstered the strategic analysis and product opportunities section. This indicates sub-optimal integration of pre-processed data.

    In conclusion, while the final article is of high quality and ready for publication due to the writer agent's ability to compensate for flawed inputs, the underlying workflow's feasibility and scalability are currently hampered by the data provision and integration issues. For future iterations, the `find_safety_data_task` must be improved to ensure relevant data is provided, and the `write_article_task` agent needs better instruction to fully leverage specific, positive findings from pre-processed compliance data.","** The Final Article suffers from significant data loss, particularly in the detailed Compliance, Safety, and Culture sections. While it accurately captures high-level information and correctly handles ""Not Found"" entries by omission or explicit mention, it fails to transfer a large volume of specific, critical data points from the Master Fact Sheet. The article also includes several interpretive and strategic statements that, while perhaps derived from the facts, are not direct facts themselves from the source of truth, thus contributing to a lower clarity score due to hallucination of higher-level conclusions. The direct scientific facts, trend facts, toxicity summary, internal RAG facts, and source URLs were transferred with good accuracy."
76.ไมยราบ,No-Go,20,90,59,71,"*
Compliance Fact (Food Registration 1): None found.
Compliance Fact (Drug Registration 1 - Status): คงอยู่
Compliance Fact (Safety Dosage): Not found
Compliance Fact (Safety Warning): None found
Safety Fact (DailyMed Info): Unfortunately, the DailyMed website does not have any information about Mimosa pudica.
Toxicity Fact (Mechanism): The mechanism of injury is not explicitly stated in the text, but it is suggested that the flavonoids present in the plant may be responsible for its hypolipidemic action.
Toxicity Fact (Case Reports): No case reports are mentioned in the text.
Culture Fact (Ethnic Group): Yong
Culture Fact (Environment): ...where the climate is warm and humid, making it an ideal location for the growth of various plant species, including the Maierab plant.
Culture Fact (Organization): The Maierab community has a strong social structure, with various organizations and groups that work together to promote the use of traditional herbs for medicinal purposes.
Internal RAG Fact (Herbal): Mimosa pudica, also known as ไมยราบ, is not explicitly mentioned in the provided context. However, the context discusses Thai traditional medicine, its benefits, and the use of various herbs in treating ailments.
Source URL (Trend): Not found
Source URL (Compliance): Not found
Source URL (Safety): Unfortunately, the DailyMed website does not have any information about Mimosa pudica.
**Hallucinated Entities (Facts in Article but not Fact Sheet):**
""Sensitive Plant"" as an alternative common name for Mimosa pudica.
Mention of ""potential interactions"" regarding safety data.
Mention of ""potential for liver injury"".
Claim that ""constraints related to safety and toxicity appear to be minimal"".
**Feedback:** The Final Article exhibited significant data loss, omitting 14 critical facts from the Master Fact Sheet. This includes specific compliance details, nuanced safety information from DailyMed, detailed toxicity mechanisms, specific cultural facts (ethnic group, environmental description, organizational structure), and the specific nuance of an Internal RAG fact. Furthermore, most ""Not Found"" or ""None Found"" results from the Fact Sheet were simply dropped rather than being explicitly reported as findings, indicating a failure in handling these critical data points. The article also introduced 4 unique hallucinated concepts, such as an unverified common name, ""potential interactions,"" ""liver injury,"" and an unsubstantiated claim of ""minimal safety constraints."" While the APA citation's ""Not found"" status was correctly conveyed, the overall integrity suffers from both data omission and factual invention.","*
""Sensitive Plant"" as an alternative common name for Mimosa pudica.
Mention of ""potential interactions"" regarding safety data.
Mention of ""potential for liver injury"".
Claim that ""constraints related to safety and toxicity appear to be minimal"".
**Feedback:** The Final Article exhibited significant data loss, omitting 14 critical facts from the Master Fact Sheet. This includes specific compliance details, nuanced safety information from DailyMed, detailed toxicity mechanisms, specific cultural facts (ethnic group, environmental description, organizational structure), and the specific nuance of an Internal RAG fact. Furthermore, most ""Not Found"" or ""None Found"" results from the Fact Sheet were simply dropped rather than being explicitly reported as findings, indicating a failure in handling these critical data points. The article also introduced 4 unique hallucinated concepts, such as an unverified common name, ""potential interactions,"" ""liver injury,"" and an unsubstantiated claim of ""minimal safety constraints."" While the APA citation's ""Not found"" status was correctly conveyed, the overall integrity suffers from both data omission and factual invention.","** The article's practical efficacy is severely limited due to the complete absence of ""Trend Facts"" from the `analyze_trends_task` (context[0]). The article itself correctly acknowledges this gap, stating ""no trend data is provided in the given context."" This prevents the content from being truly relevant to current wellness market trends, which is critical for a wellness brand's publication. While the article attempts to infer relevance from traditional use, it cannot fulfill the strategic requirement of synthesizing identified trends.

Conversely, the implementation feasibility for data gathering and integration regarding safety and regulatory information is highly successful. The writer agent effectively utilized the structured compliance data (context[1]) by correctly citing the Thai FDA drug registration. Furthermore, it accurately reported the *lack* of safety data from DailyMed (context[2]), demonstrating that the split tasks for compliance and safety successfully identified both existing and missing information. This modular approach to data collection and its accurate integration into the article proves the scalability and efficiency of this part of the workflow.

Despite the strong feasibility of the data gathering workflow for compliance and safety, the critical gap in trend analysis makes the article strategically incomplete and not ready for publication. Without understanding market trends, the article cannot effectively position the product or resonate with the target wellness audience. The upstream `analyze_trends_task` needs to be addressed to provide the necessary input for a relevant and impactful article.","** The Final Article exhibited significant data loss, omitting 14 critical facts from the Master Fact Sheet. This includes specific compliance details, nuanced safety information from DailyMed, detailed toxicity mechanisms, specific cultural facts (ethnic group, environmental description, organizational structure), and the specific nuance of an Internal RAG fact. Furthermore, most ""Not Found"" or ""None Found"" results from the Fact Sheet were simply dropped rather than being explicitly reported as findings, indicating a failure in handling these critical data points. The article also introduced 4 unique hallucinated concepts, such as an unverified common name, ""potential interactions,"" ""liver injury,"" and an unsubstantiated claim of ""minimal safety constraints."" While the APA citation's ""Not found"" status was correctly conveyed, the overall integrity suffers from both data omission and factual invention."
77.หญ้าคา_,No-Go,70,85,49,71,"*
Compliance Fact (Food Registration 1): registration_number=10-1-13660-5-0268, product_name=หญ้าคา (ผง) / Alang-alang (Powder), company_name=บริษัท โพธิ์ประดิษฐ์สมุนไพร จำกัด, status=สถานะผลิตภัณฑ์(คงอยู่)\ สถานะสถานที่ (คงอยู่)
Compliance Fact (Food Registration 2): registration_number=10-1-13660-5-0269, product_name=หญ้าคา / Alang-alang, company_name=บริษัท โพธิ์ประดิษฐ์สมุนไพร จำกัด, status=สถานะผลิตภัณฑ์(คงอยู่)\ สถานะสถานที่ (คงอยู่)
Compliance Fact (Food Registration 3): registration_number=50-1-16256-1-0001, product_name=เครื่องดื่มใบเจี่ยวกู้หลาน,ใบหม่อน,หญ้าคา,ดอกคำฝอย,ใบแป๊ะก๊วยและโสมชนิดแห้ง (ตรา ดอยปุย) / JIAOGULAN LEAVES,MULBERRY LEAVES,LALANG SAFFLOWER,GINKGO LEAVES AND GINSENG BEVERAGE POWDER (DOIPUI BRAND), company_name=บริษัท ดอย ปุย เฮิร์บส จำกัด, status=สถานะผลิตภัณฑ์(คงอยู่)\ สถานะสถานที่ (คงอยู่)
Compliance Fact (Cosmetic Registration 1): registration_number=34-1-6300034586, product_name=กัส สกิน หญ้าคา ไวท์เทนนิ่ง มาส์ก / GUS SKIN YAR KAR WHITENING MASK, company_name=นางสาว อมรรัตน์ สุวรรณรมย์, status=สิ้นอายุ
Toxicity Fact (Case Reports): There have been several case reports of liver injury associated with the use of Imperata cylindrica, including a case of acute liver failure.
Culture Fact (Location - Ban Dong Bang): Prachinburi
Culture Fact (Ethnic Group - Ban Dong Bang): Thai
Culture Fact (Community Highlight - Ban Dong Bang): Lemongrass is a significant herb in Ban Dong Bang, used in various traditional medicine and culinary practices.
Culture Fact (Name Etymology - Ban Dong Bang): The name 'หญ้าคา' is derived from the Thai words 'หญ้า' meaning 'grass' and 'คา' meaning 'fragrant'.
Culture Fact (Environment - Ban Dong Bang): Ban Dong Bang is situated in a fertile valley surrounded by lush forests and winding rivers.
Culture Fact (Organization - Ban Dong Bang): The Ban Dong Bang Community Organization plays a vital role in promoting lemongrass-related activities.
Culture Fact (Processing - Ban Dong Bang): Drying
Culture Fact (Location - Ban Khao Yai): Nakhon Ratchasima
Culture Fact (Ethnic Group - Ban Khao Yai): Thai
Culture Fact (Community Highlight - Ban Khao Yai): Ban Khao Yai is renowned for its lemongrass-infused products, such as teas, soaps, and candles.
Culture Fact (Name Etymology - Ban Khao Yai): The name 'หญ้าคา' is also used in Ban Khao Yai, reflecting the community's shared cultural heritage with Ban Dong Bang.
Culture Fact (Environment - Ban Khao Yai): Ban Khao Yai is situated in a mountainous region with rich soil and a mild climate, ideal for lemongrass cultivation.
Culture Fact (Local Wisdom - Ban Khao Yai): The local wisdom of Ban Khao Yai emphasizes the importance of community cooperation and innovation. (Specifically, the mention of ""innovation"" for Ban Khao Yai was omitted)
Culture Fact (Organization - Ban Khao Yai): The Ban Khao Yai Community Development Center provides training and support for local entrepreneurs.
Culture Fact (Processing - Ban Khao Yai): Distillation
Compliance Fact (Safety Dosage): No safety dosage is available in the provided context.
Compliance Fact (Safety Warning): No safety warning is available in the provided context.
Safety Fact (Active Ingredient): No active ingredient is available in the provided context.
Safety Fact (Ingredient Purpose): No ingredient purpose is available in the provided context.
Safety Fact (Uses): No uses are available in the provided context.
Safety Fact (Warnings): No warnings are available in the provided context.
Safety Fact (Directions): No directions are available in the provided context.
Safety Fact (Other Info): No other information is available in the provided context.
Safety Fact (Inactive Ingredients): No inactive ingredients are available in the provided context.
Safety Fact (Questions): No questions are available in the provided context.
Source URL (Trend): No trend URL is available in the provided context.
Source URL (Science): No science URL is available in the provided context.
**Hallucinated Entities (Facts in Article but not Fact Sheet):**
""suggest a potential market opportunity for products leveraging this herb.""
""The registrations and traditional uses indicate a level of demand and acceptance of Imperata cylindrica-based products.""
""means that any development would need to start with thorough scientific research to identify viable compounds and safe extraction methods.""
""The local wisdom of these communities emphasizes the importance of traditional knowledge and community cooperation."" (The generalization of ""traditional knowledge"" to Ban Khao Yai, where the MFS only specified ""community cooperation and innovation"" for that community.)
""which necessitates careful consideration of safety protocols, dosage limits, and potential interactions with other substances.""
""The strategic plan for new product development based on the Master Fact Sheet highlights the potential market opportunity and technical feasibility of developing Imperata cylindrica-based products.""
""The recommendation is to invest in thorough scientific research to better understand the plant's chemical constituents, their effects on the human body, and how to safely harness its potential benefits.""
""Imperata cylindrica has the potential to be developed into innovative, safe, and effective products that meet consumer demand while respecting its traditional and cultural significance.""
""However, thorough scientific research is necessary to address the critical safety constraints associated with the herb.""
""By prioritizing safety and conducting rigorous research, it's possible to unlock the traditional wisdom of Imperata cylindrica for modern wellness.""
**Feedback:** The Collaboration Robustness score of 49% indicates significant data loss. While the article successfully conveyed the primary subject (Imperata cylindrica), its traditional uses, its hepatotoxicity, and correctly handled the absence of several scientific and trend facts, it failed to transfer specific details regarding compliance registrations, detailed cultural facts (locations, ethnic groups, etymologies, environmental context, processing methods, specific community highlights/organizations), and specific toxicity case reports. Crucially, the explicit absence of numerous safety facts and source URLs from the Master Fact Sheet was not explicitly stated in the article, leading to further data loss. The Explanation Clarity score of 71% reflects a tendency for the article to introduce inferences, recommendations, and strategic/visionary statements not directly present as facts in the Master Fact Sheet. While these may be reasonable conclusions, they constitute hallucination under strict audit criteria. There was also a minor issue with generalization and loss of specificity in describing local wisdom. The handling of ""Not Found"" results (like `citation_apa: not_found` and `No lab fact is available`) was performed correctly and positively contributed to the scores.","*
""suggest a potential market opportunity for products leveraging this herb.""
""The registrations and traditional uses indicate a level of demand and acceptance of Imperata cylindrica-based products.""
""means that any development would need to start with thorough scientific research to identify viable compounds and safe extraction methods.""
""The local wisdom of these communities emphasizes the importance of traditional knowledge and community cooperation."" (The generalization of ""traditional knowledge"" to Ban Khao Yai, where the MFS only specified ""community cooperation and innovation"" for that community.)
""which necessitates careful consideration of safety protocols, dosage limits, and potential interactions with other substances.""
""The strategic plan for new product development based on the Master Fact Sheet highlights the potential market opportunity and technical feasibility of developing Imperata cylindrica-based products.""
""The recommendation is to invest in thorough scientific research to better understand the plant's chemical constituents, their effects on the human body, and how to safely harness its potential benefits.""
""Imperata cylindrica has the potential to be developed into innovative, safe, and effective products that meet consumer demand while respecting its traditional and cultural significance.""
""However, thorough scientific research is necessary to address the critical safety constraints associated with the herb.""
""By prioritizing safety and conducting rigorous research, it's possible to unlock the traditional wisdom of Imperata cylindrica for modern wellness.""
**Feedback:** The Collaboration Robustness score of 49% indicates significant data loss. While the article successfully conveyed the primary subject (Imperata cylindrica), its traditional uses, its hepatotoxicity, and correctly handled the absence of several scientific and trend facts, it failed to transfer specific details regarding compliance registrations, detailed cultural facts (locations, ethnic groups, etymologies, environmental context, processing methods, specific community highlights/organizations), and specific toxicity case reports. Crucially, the explicit absence of numerous safety facts and source URLs from the Master Fact Sheet was not explicitly stated in the article, leading to further data loss. The Explanation Clarity score of 71% reflects a tendency for the article to introduce inferences, recommendations, and strategic/visionary statements not directly present as facts in the Master Fact Sheet. While these may be reasonable conclusions, they constitute hallucination under strict audit criteria. There was also a minor issue with generalization and loss of specificity in describing local wisdom. The handling of ""Not Found"" results (like `citation_apa: not_found` and `No lab fact is available`) was performed correctly and positively contributed to the scores.","**
    *   **Practical Efficacy (Relevance):** The article accurately notes the absence of specific trend data for Imperata cylindrica, which was a limitation of the `analyze_trends_task` output (context[0] was empty). Despite this, it made a reasonable attempt to infer market opportunity based on existing product registrations and traditional uses. However, without explicit trend data to synthesize, its relevance is more speculative on *potential* rather than directly addressing *current* wellness trends. The content pivots well given the input constraints but cannot fully meet the ""synthesize trends"" criterion.
    *   **Implementation Feasibility (Scalability):** The conceptual split of tasks for gathering Compliance (context[1]) and Safety (context[2]) data is highly scalable and efficient. The writer agent successfully integrated the critical safety information (hepatotoxicity) into the ""Safety, Regulatory, and Constraints"" section, demonstrating the value of structured safety data. However, the article did not fully leverage the specific Thai FDA registration details provided in `context[1]` within the ""Safety, Regulatory, and Constraints"" section, instead only vaguely referring to ""registered products"" in the trends section. Integrating these specific regulatory details would have significantly strengthened the article's authority and fully showcased the utility of the structured compliance output. Despite this minor integration gap, the workflow design itself is sound and demonstrates high feasibility for future content generation.
    *   **Go/No-Go for Publication:** The article clearly identifies a significant safety concern (hepatotoxicity) associated with Imperata cylindrica, emphasizing the need for thorough scientific research before product development. While it explores potential opportunities, the critical safety constraint means the herb is not ready for promotion to a wellness audience without extensive further research, safety protocols, and clear mitigation strategies. This article serves as an excellent internal research brief outlining potential and critical challenges, but it is not suitable for public publication at this stage.","** The Collaboration Robustness score of 49% indicates significant data loss. While the article successfully conveyed the primary subject (Imperata cylindrica), its traditional uses, its hepatotoxicity, and correctly handled the absence of several scientific and trend facts, it failed to transfer specific details regarding compliance registrations, detailed cultural facts (locations, ethnic groups, etymologies, environmental context, processing methods, specific community highlights/organizations), and specific toxicity case reports. Crucially, the explicit absence of numerous safety facts and source URLs from the Master Fact Sheet was not explicitly stated in the article, leading to further data loss. The Explanation Clarity score of 71% reflects a tendency for the article to introduce inferences, recommendations, and strategic/visionary statements not directly present as facts in the Master Fact Sheet. While these may be reasonable conclusions, they constitute hallucination under strict audit criteria. There was also a minor issue with generalization and loss of specificity in describing local wisdom. The handling of ""Not Found"" results (like `citation_apa: not_found` and `No lab fact is available`) was performed correctly and positively contributed to the scores."
78.หญ้าแห้วหมู,Go,100,90,90,54,"*
Culture Fact (Location - Ban Bor Lo Community): Nakhon Si Thammarat Province
Culture Fact (Ethnic Group - Ban Bor Lo Community): Thai
Culture Fact (Name Etymology - Ban Bor Lo Community): No herbal-related information found.
Culture Fact (Organization - Ban Bor Lo Community): No information found on community organizations related to the Boa Lao Herb.
Culture Fact (Processing - Ban Bor Lo Community): Used as medicine
**Hallucinated Entities (Facts in Article but not Fact Sheet):**
""It is essential to conduct thorough research on potential toxicity and ensure safety through rigorous testing and compliance with regulatory standards for any new product development."" (from ""Safety, Regulatory, and Constraints"" section)
""The trend facts suggest a significant market opportunity for Nutgrass due to its rich nutritional profile and traditional use in medicine."" (from ""Strategic Analysis and Product Opportunities"" section)
""The growing interest in natural and organic products positions Nutgrass as a potentially lucrative product for the wellness and herbal supplement industry."" (from ""Strategic Analysis and Product Opportunities"" section)
""However, the development of a new product would require conducting thorough lab tests to identify viable compounds, determine the best extraction methods, and assess its pharmacological effects."" (from ""Strategic Analysis and Product Opportunities"" section)
""Given the existing trend towards natural remedies and the nutritional value of Nutgrass, it is feasible to pursue technical development with appropriate investment in research."" (from ""Strategic Analysis and Product Opportunities"" section)
""The critical constraints include potential toxicity and the need to ensure safety through rigorous testing and compliance with regulatory standards."" (from ""Strategic Analysis and Product Opportunities"" section)
""The strategic recommendation is to proceed with cautious optimism, involving comprehensive lab testing and market research to better understand consumer preferences and regulatory requirements."" (from ""Strategic Analysis and Product Opportunities"" section)
""Nutgrass offers a promising opportunity for the development of a new product in the wellness and herbal supplement industry, given its rich nutritional profile, traditional use in medicine, and growing consumer interest in natural remedies."" (from ""Conclusion"" section)
""However, thorough lab research and testing are necessary to ensure the safety and efficacy of any Nutgrass-based product."" (from ""Conclusion"" section)
""By leveraging the nutritional and medicinal benefits of Nutgrass while meeting the highest safety and efficacy standards, a new product can be developed that positions itself for success in the growing market for natural health supplements."" (from ""Conclusion"" section)
**Feedback:**","*
""It is essential to conduct thorough research on potential toxicity and ensure safety through rigorous testing and compliance with regulatory standards for any new product development."" (from ""Safety, Regulatory, and Constraints"" section)
""The trend facts suggest a significant market opportunity for Nutgrass due to its rich nutritional profile and traditional use in medicine."" (from ""Strategic Analysis and Product Opportunities"" section)
""The growing interest in natural and organic products positions Nutgrass as a potentially lucrative product for the wellness and herbal supplement industry."" (from ""Strategic Analysis and Product Opportunities"" section)
""However, the development of a new product would require conducting thorough lab tests to identify viable compounds, determine the best extraction methods, and assess its pharmacological effects."" (from ""Strategic Analysis and Product Opportunities"" section)
""Given the existing trend towards natural remedies and the nutritional value of Nutgrass, it is feasible to pursue technical development with appropriate investment in research."" (from ""Strategic Analysis and Product Opportunities"" section)
""The critical constraints include potential toxicity and the need to ensure safety through rigorous testing and compliance with regulatory standards."" (from ""Strategic Analysis and Product Opportunities"" section)
""The strategic recommendation is to proceed with cautious optimism, involving comprehensive lab testing and market research to better understand consumer preferences and regulatory requirements."" (from ""Strategic Analysis and Product Opportunities"" section)
""Nutgrass offers a promising opportunity for the development of a new product in the wellness and herbal supplement industry, given its rich nutritional profile, traditional use in medicine, and growing consumer interest in natural remedies."" (from ""Conclusion"" section)
""However, thorough lab research and testing are necessary to ensure the safety and efficacy of any Nutgrass-based product."" (from ""Conclusion"" section)
""By leveraging the nutritional and medicinal benefits of Nutgrass while meeting the highest safety and efficacy standards, a new product can be developed that positions itself for success in the growing market for natural health supplements."" (from ""Conclusion"" section)
**Feedback:**","** The article demonstrates excellent practical efficacy, flawlessly synthesizing all key points from the provided wellness trends data into a coherent and relevant ""Herbal in Wellness Trends"" section. Every aspect of the trend data was accurately reflected and integrated.

Regarding implementation feasibility, the workflow design, specifically the split of tasks for compliance and safety data gathering, is highly commendable. Even though the `check_compliance_task` and `find_safety_data_task` appear to have returned no specific data for Nutgrass (as indicated by the article's ""No specific safety facts, toxicity facts, or compliance facts related to Nutgrass are found in the Master Fact Sheet""), the writer agent successfully *acknowledged* this absence. This demonstrates that the workflow is robust enough to identify data gaps, which is crucial for strategic planning and product development. This task segregation significantly enhances scalability and efficiency by allowing specialized agents to focus on specific data types, feeding structured information (or lack thereof) to the content creator. The 90% score reflects the strong design, with the remaining 10% reserved for situations where actual positive data from those specialized tasks would have been successfully integrated and demonstrated, which was not the case here due to the apparent lack of data rather than a failure of the agent.

Given the comprehensive synthesis of available trends and the robust workflow that accurately flags data gaps for further investigation, the article is ready for publication as a strategic analysis document. It provides valuable insights and identifies critical next steps for product development in a responsible manner.","**
    The article demonstrated good transfer of core trend, science, and most cultural facts. The handling of numerous ""Not found"" or ""None found"" entries for lab, science, compliance, safety, and toxicity facts was appropriate, consolidating them into clear statements about the lack of available data. The APA citation ""not_found"" was also handled correctly.

    However, several specific cultural facts, including geographical location, ethnic group, and the explicit ""not found"" status for name etymology and community organization, were entirely omitted, leading to data loss.

    The ""Explanation Clarity"" score is significantly impacted by the inclusion of extensive strategic analysis, recommendations, and concluding statements. While these sections are valuable for an article, they represent interpretations, inferences, and forward-looking statements that do not directly originate as explicit ""facts"" from the Master Fact Sheet. Under a zero-tolerance audit for hallucination (facts in the article *not* found in the Fact Sheet), these analytical and concluding statements are categorized as hallucinated entities."
79.ดอกรัก,Go,90,95,50,94,"*
Food Registration 1: registration_number=10-1-04060-5-0009, company_name=โอเชี่ยนฟูดส์ (Ocean Foods), status=สถานะผลิตภัณฑ์(คงอยู่)\ สถานะสถานที่ (คงอยู่) (Product status: exists, Location status: exists)
Food Registration 2: registration_number=10-1-04060-5-0011, company_name=โอเชี่ยนฟูดส์ (Ocean Foods), status=สถานะผลิตภัณฑ์(คงอยู่)\ สถานะสถานที่ (คงอยู่) (Product status: exists, Location status: exists)
Food Registration 3: registration_number=11-2-03048-6-0004, product_name=น้ำปลาผสม (ยี่ห้อ ดอกรัก) / Fish Sauce (dokrak brand), company_name=บริษัท บี.บี.ฟู้ด โปรดิวซ์ จำกัด (B.B. Food Produce Co., Ltd.), status=สถานะผลิตภัณฑ์(คงอยู่)\ สถานะสถานที่ (คงอยู่) (Product status: exists, Location status: exists)
Food Registration 4: registration_number=11-2-03048-6-0006, product_name=น้ำจิ้มไก่ (ยี่ห้อ ดอกรัก) / Sweet Chili Sauce (Dokrak Brand), company_name=บริษัท บี.บี.ฟู้ด โปรดิวซ์ จำกัด (B.B. Food Produce Co., Ltd.), status=สถานะผลิตภัณฑ์(คงอยู่)\ สถานะสถานที่ (คงอยู่) (Product status: exists, Location status: exists)
Food Registration 5: registration_number=11-2-03048-6-0007, product_name=ซอสพริกไทยดำ (ยี่ห้อ ดอกรัก) / Black Pepper Sauce (Dokrak Brand), company_name=บริษัท บี.บี.ฟู้ด โปรดิวซ์ จำกัด (B.B. Food Produce Co., Ltd.), status=สถานะผลิตภัณฑ์(คงอยู่)\ สถานะสถานที่ (คงอยู่) (Product status: exists, Location status: exists)
Toxicity Fact (Case Reports): No case reports mentioned in the article.
Culture Fact (Community - Wat Pa Daeng - name_etymology): Specific inscription lines for ""Wat Pa Daeng"" (first slab, line 17, and the second slab, lines 6 and 10).
Culture Fact (Community - Wat Pa Daeng - traditional_use): Specific abbot name (Phra Mongkhonwilat) and temple (Wat Kalayanavara).
**Hallucinated Entities (Facts in Article but not Fact Sheet):**
The phrase ""or related herbs"" in ""Several food products containing Calotropis gigantea or related herbs have been registered...""
**Feedback:**","*
The phrase ""or related herbs"" in ""Several food products containing Calotropis gigantea or related herbs have been registered...""
**Feedback:**","**
    The article demonstrates strong practical efficacy by acknowledging the absence of specific trend data for *Calotropis gigantea* and then intelligently pivoting to infer market potential from the available food registrations (compliance data). This shows an adaptive and relevant approach, addressing the information landscape as it exists. The content comprehensively covers scientific, traditional, safety, and strategic aspects, making it highly relevant to our wellness audience. The only minor deduction reflects the inherent challenge of not having robust trend data for this specific herb, which the article accurately reports rather than fabricating.

    From an implementation feasibility standpoint, the workflow design is excellent. The clear split of tasks for compliance and safety data gathering is highly scalable and efficient. It enables specialized data retrieval and allows the writer agent to synthesize information from structured inputs. The writer agent successfully integrated the compliance data and addressed safety concerns, even listing specific toxic components, which indicates it processed relevant safety information (likely from scientific research, even if the explicit `find_safety_data_task` output wasn't provided in the context for this audit). The system's ability to identify data gaps (e.g., specific safety dosages, detailed trend facts) is a critical strength, allowing for informed strategic recommendations. This modular approach is ideal for managing a large volume of content on diverse herbal topics.

    Therefore, the article is ""Ready for Publication."" It provides a well-rounded and cautious perspective, highlighting both opportunities and necessary considerations for a wellness brand.","**
    The audit revealed a **Collaboration Robustness (Data Loss) score of 50%**. This score reflects significant data loss, primarily due to the omission of specific details for the food registrations. While two product names were mentioned, the registration numbers, company names, and full status for all five registrations were not transferred. Additionally, a specific ""Not found"" fact regarding Toxicity Case Reports was entirely dropped, as were granular details about the etymology of ""Wat Pa Daeng"" and specific names from its traditional use.

    The **Explanation Clarity (Hallucination/Handling) score is 94.73%**. This high score indicates excellent adherence to the Master Fact Sheet regarding the origin of facts. Only one minor hallucination was identified: the addition of ""or related herbs"" which was not explicitly supported by the fact sheet that focused solely on ""ดอกรัก"" (Calotropis gigantea) for the listed products. Crucially, the article demonstrated exemplary handling of ""Not found"" results (e.g., `citation_apa: Not found`, `Safety Dosage: Not found`), accurately conveying the absence of information rather than inventing it, which is a critical success in data integrity. Inferences and strategic analyses were generally well-grounded in the provided facts."
80.บานไม่รู้โรย_,No-Go,95,40,55,55,"*
**Trend Fact:** The specific outcome and timeline for removing toxic ingredients: ""The removal of toxic ingredients from our food supply and the environment will lead to a significant victory for public health, but it will take time.""
**Compliance Fact (Food Registration 1):** ""None found.""
**Compliance Fact (Cosmetic Registration 1):** The entire registration details including registration number (10-1-6010050392), product name (ซิส แม่ ซอฟท์แมทท์ ลิควิด ลิปสติก บานไม่รู้โรย / SIS'S MAE SOFT MATTE LIQUID LIPSTICK Globe amaranth), company name (นางสาวดารัณ ช่างฝั้นศ์(วีดา เฮอร์เบิล ออร์แกนิค คอสเมติคส์ แฟคทอรี)), and status (สิ้นอายุ).
**Compliance Fact (Safety Dosage):** ""Not found.""
**Compliance Fact (Safety Warning):** ""None found.""
**Safety Fact (Active Ingredient):** The complete list of 20 active ingredients, including each ingredient's name, strength, and purpose (e.g., Agnus Castus 12X for Narcissism, Ambra Grisea 6X for Codependency, etc.).
**Safety Fact (Uses):** ""For the temporary relief of the symptoms including: lack of self esteem, codependency, lack of self confidence, narcissism.""
**Safety Fact (Directions):** ""1-10 drops under the tongue, 3 times a day or as directed by a health professional. Consult a physician for use in children under 12 years of age.""
**Safety Fact (Other Info):** ""Not found.""
**Safety Fact (Inactive Ingredients):** ""Demineralized water, 25% ethanol.""
**Safety Fact (Questions):** The complete contact information including ""Dist. By: Deseret Biologicals, Inc. 469 W. Parkland Drive Sandy, UT 84070 www.desbio.com 800-827-8204.""
**Culture Fact (The Museum of Floral Culture):**
Specific ethnic group associated with the museum: ""Thai.""
Details of Community Highlight: The founder ""Sakul Intakul, a renowned floral artist,"" and that the museum ""features a collection of traditional Thai floral arrangements, as well as exhibits on the history and cultural significance of flowers in Thai society.""
Name Etymology: The explanation that ""floral"" refers to the art of flower arrangement and ""culture"" highlights the museum's mission to preserve and promote Thai cultural heritage.
Details of Environment: That the museum is in a ""historic building,"" is ""known for its rich cultural heritage,"" and that the ""surrounding area is home to many other cultural institutions, including the Grand Palace and the National Museum.""
Details of Local Wisdom: The specific flowers used (""orchids, jasmine, and marigolds"") and their use in ""traditional Thai ceremonies and rituals.""
Organization affiliation: ""affiliated with the Princess Maha Chakri Sirindhorn Anthropology Centre (SAC), which is a leading research institution in Thailand. The SAC provides support for the museum's research and educational programs.""
Local Name: ""Sakul Intakul"" (as the local name/founder).
**Culture Fact (Thailand and Southeast Asia Ethnic Groups Research Database):** All 11 specific facts related to this database (Community, Location, Ethnic Group, Community Highlight, Name Etymology, Environment, Local Wisdom, Organization, Local Name, Use, Processing).
**Source URL (Toxicity):** ""Not found"" (This specific 'Not found' URL was not explicitly included in the ""Sources Consulted"" section, unlike other URLs and the ""Science"" 'Not found' citation).
**Hallucinated Entities (Facts in Article but not Fact Sheet):**
""Presents a significant market opportunity for the development of new products based on Globe Amaranth."" (This is a strategic conclusion, not a fact from the Fact Sheet.)
""Further research and testing would be necessary to confirm its safety and efficacy."" (This is a recommendation/conclusion, not a fact from the Fact Sheet.)
""The Museum of Floral Culture... including the use of Globe Amaranth in traditional Thai floral arrangements."" (While Globe Amaranth is used in Thai wisdom and the museum showcases Thai floral arrangements, the explicit link that the *museum showcases the use of Globe Amaranth* in its arrangements is a synthesis by the article, not a direct fact from the Fact Sheet's Museum details.)
""Safety facts provided for other ingredients suggest that any new product development would need to prioritize safety and follow regulatory guidelines."" (This is an interpretation and recommendation, not a direct fact from the Fact Sheet.)
""The lack of specific toxicity data or side effects for Globe Amaranth means that any new product development would need to be approached with caution and thorough testing."" (This is a recommendation/conclusion, not a fact from the Fact Sheet.)
""A strategic recommendation for new product development would be to focus on creating sustainable, healthy, and nutrient-dense products that capitalize on the trends towards plant-based and alternative proteins."" (This is a recommendation, not a fact from the Fact Sheet.)
**Feedback:**","*
""Presents a significant market opportunity for the development of new products based on Globe Amaranth."" (This is a strategic conclusion, not a fact from the Fact Sheet.)
""Further research and testing would be necessary to confirm its safety and efficacy."" (This is a recommendation/conclusion, not a fact from the Fact Sheet.)
""The Museum of Floral Culture... including the use of Globe Amaranth in traditional Thai floral arrangements."" (While Globe Amaranth is used in Thai wisdom and the museum showcases Thai floral arrangements, the explicit link that the *museum showcases the use of Globe Amaranth* in its arrangements is a synthesis by the article, not a direct fact from the Fact Sheet's Museum details.)
""Safety facts provided for other ingredients suggest that any new product development would need to prioritize safety and follow regulatory guidelines."" (This is an interpretation and recommendation, not a direct fact from the Fact Sheet.)
""The lack of specific toxicity data or side effects for Globe Amaranth means that any new product development would need to be approached with caution and thorough testing."" (This is a recommendation/conclusion, not a fact from the Fact Sheet.)
""A strategic recommendation for new product development would be to focus on creating sustainable, healthy, and nutrient-dense products that capitalize on the trends towards plant-based and alternative proteins."" (This is a recommendation, not a fact from the Fact Sheet.)
**Feedback:**","**
    *   **Practical Efficacy (Relevance):** The article demonstrates high relevance by effectively synthesizing the identified wellness trends (health-focused food, sustainable choices, alternative proteins, toxin awareness) and directly connecting them to the market opportunities for Globe Amaranth. The ""Herbal in Wellness Trends"" section is well-aligned with the `TRENDS_DATA`, making the content highly engaging and pertinent to our audience's current interests.
    *   **Implementation Feasibility (Scalability):** While the workflow's design to split tasks for compliance and safety data gathering is conceptually sound and promotes scalability, a critical flaw was identified in the execution. The `find_safety_data_task` returned safety information for a homeopathic product that *did not contain Globe Amaranth*, but rather a list of other active ingredients. The `write_article_task` then incorrectly incorporated general warnings from this irrelevant source into the ""Safety, Regulatory, and Constraints"" section, implying they related to Globe Amaranth. This severe misinterpretation of safety data leads to potentially misleading information in the article. Although the compliance data was handled correctly (noting no food registrations and an expired cosmetic one), the failure to validate the direct relevance of the safety data to the target herb is a significant quality control issue that compromises the system's ability to produce accurate and trustworthy content at scale. This workflow is currently not feasible for reliable publication without a robust data relevance validation step. The article is a ""No-Go"" for publication due to this critical safety data misrepresentation.","**
    The **Collaboration Robustness (Data Loss)** score is low (55.38%) due to significant omissions. The article failed to transfer critical compliance data (Food and Cosmetic Registrations, Safety Dosage/Warning 'None found' statuses), the extensive list of active ingredients, detailed safety uses/directions/inactive ingredients/contact information, and a large block of cultural information related to the ""Thailand and Southeast Asia Ethnic Groups Research Database."" Several specific details from ""The Museum of Floral Culture"" were also lost.

    The **Explanation Clarity (Hallucination/Handling)** score is also moderate (55%). While the article correctly handled several ""Not found"" statements from the Fact Sheet (e.g., Lab Facts, Science Facts, `citation_apa`), it failed to explicitly address others (e.g., Compliance Food/Safety Dosage/Safety Warning 'Not found/None found', Safety Other Info 'Not found', and the Toxicity Source URL 'Not found'). Furthermore, the article introduced several ""hallucinated"" statements, primarily in the form of strategic conclusions, interpretations, and recommendations (e.g., ""significant market opportunity,"" ""further research necessary,"" linking Globe Amaranth directly to museum exhibits, and general product development advice) that were not explicitly present as facts in the Master Fact Sheet. This indicates a departure from strict factual adherence."
81.กรรณิการ์_,No-Go,70,65,47,70,"*
Lab Fact (Experimental Method): No lab fact available
Lab Fact (Chromatography - TLC): No lab fact available
Lab Fact (Cosmetic or Clinical Effect): No lab fact available
Lab Fact (Quality Control): No lab fact available
Science Fact (Herb): No science fact available
Science Fact (Compound): No science fact available
Compliance Fact (Food Registration 1): registration_number=10-1-45847-1-0001, product_name=น้ำแข็งหลอด(น้ำแข็งใช้รับประทานได้) (ตรา เค เค), company_name=ห้างหุ้นส่วนจำกัด กรรณิการ์ (2004), status=สถานะผลิตภัณฑ์(ยกเลิก 9/6/2560) \ สถานะสถานที่ (ยกเลิก 9/6/2560)
Compliance Fact (Food Registration 2): registration_number=13-1-07458-5-0072, product_name=กรรณิการ์ น้ำมันมะพร้าว 500 มก. ผลิตภัณฑ์เสริมอาหาร / Kannika Coconut Oil 500 mg. Dietary supplement product, company_name=บริษัท เซอร์วิส แพค แมนูแฟคเจอริ่ง จำกัด, status=สถานะผลิตภัณฑ์(คงอยู่)\ สถานะสถานที่ (คงอยู่)
Compliance Fact (Food Registration 3): registration_number=47-2-01556-2-0001, product_name=น้ำดื่ม กรรณิการร์, company_name=น้ำดื่ม กรรณิการ์, status=สถานะผลิตภัณฑ์(คงอยู่)\ สถานะสถานที่ (คงอยู่)
Compliance Fact (Food Registration 4): registration_number=50-2-04567-6-0084, product_name=น้ำดื่มตรา กรรณิการ์ รีไซเคิล, company_name=บริษัท น้ำบ่อหลวง จำกัด, status=สถานะผลิตภัณฑ์(คงอยู่)\ สถานะสถานที่ (คงอยู่)
Compliance Fact (Food Registration 5): registration_number=54-2-01660-6-0055, product_name=น้ำพริกน้ำย้อย ตรา กรรณิการ์, company_name=ซันฟลาวเวอร์, status=สถานะผลิตภัณฑ์(ผู้ประกอบการแจ้งยกเลิกใบอนุญาต 21/11/2562) \ สถานะสถานที่ (ผู้ประกอบการแจ้งยกเลิก 21/11/2562)
Compliance Fact (Safety Dosage): No compliance fact available
Compliance Fact (Safety Warning): No compliance fact available
Safety Fact (Active Ingredient 1 - strength): 0.5% (for Ketoconazole)
Safety Fact (Active Ingredient 2 - strength): 0.15% (for Miconazole)
Safety Fact (Uses): Relieves and helps prevent recurrence of skin and/or scalp: itching, flaking, scaling, redness, and irritation associated with psoriasis and seborrheic dermatitis.
Safety Fact (Warnings): For external use only
Safety Fact (Other Info): Store at room temperature and out of direct sunlight
Safety Fact (Inactive Ingredients): Water, BORNEOL, SOPHORA FLAVESCENS ROOT, CNIDIUM MONNIERI FRUIT, KOCHIA SCOPARIA POLLEN, DICTAMNUS DASYCARPUS ROOT, SMILAX GLABRA WHOLE
Safety Fact (Questions): Visit www.roycederm.com
Toxicity Fact (Mechanism): The toxicity of Euphorbia latex has not been fully elucidated, but it is believed to exert its poisonous effects through pH-mediated necrosis and pro-inflammatory, immune-mediated mechanisms.
Toxicity Fact (Side Effects): Dermatitis symptoms after skin contact include burning, pain, and pruritis. Severe pain and irritation may be present, but symptoms are usually mild. Dermatitis symptoms tend to have a delayed onset beginning 2 to 8 hours after exposure... (full detailed description)
Toxicity Fact (Case Reports): The Texas Poison Center Network reported 678 Euphorbia tirucalli exposures from 2000 to 2018, but it is likely that many exposures likely go unreported.
Culture Fact (Community - Ban Dong Bang - 1 - name_etymology): The name ""Ban Dong Bang"" is derived from the Thai words ""ban"" meaning ""village"" and ""dong bang"" meaning ""herbal medicine."" The name reflects the community's long history of using herbs for medicinal purposes.
Culture Fact (Community - Ban Dong Bang - 1 - community_environment): Ban Dong Bang is located in a rural area of Prachinburi Province, surrounded by lush forests and rolling hills. The community's proximity to nature has allowed its members to develop a deep understanding of the local flora and fauna, which has contributed to its expertise in traditional herbal medicine.
Source URL (Trend): No trend URL available
Source URL (Science): No science URL available
Source URL (Culture 2): https://www.sac.or.th/database/anthropology/thai-communities/ban-dong-bang/traditional-herbal-medicine/
**Hallucinated Entities (Facts in Article but not Fact Sheet):**
""potential market for products incorporating this herb""
""could be a valuable resource in developing new products.""
""may be feasible methods for extraction and formulation that could be explored further.""
""any product developed from Nyctanthes arbor-tristis must be designed with careful consideration of potential side effects and must adhere to strict safety guidelines.""
""products could be developed with antifungal properties.""
""market opportunity for products incorporating Nyctanthes arbor-tristis exists, particularly in the context of traditional Thai medicine.""
""Critical constraints include ensuring safety and non-toxicity, with strict adherence to regulatory requirements.""
""A strategic recommendation is to develop topical products leveraging traditional use, focusing on antifungal or skin health applications, with thorough research into the herb's properties, safety, and efficacy.""
""Partnerships with communities like Ban Dong Bang could enhance product authenticity and market appeal.""
""Nyctanthes arbor-tristis, with its traditional use in Thai herbal medicine, presents opportunities for product development, particularly in topical applications with antifungal properties.""
""thorough research into the herb's properties, safety, and efficacy, along with strict adherence to regulatory requirements, is essential.""
""By leveraging traditional wisdom and ensuring safety, products incorporating Nyctanthes arbor-tristis could find a niche in the market, appealing to those interested in traditional herbal medicine and natural health products.""
**Feedback:** The Final Article demonstrates moderate robustness in transferring information from the Master Fact Sheet, particularly in acknowledging the lack of certain scientific data and correctly handling explicit ""not found"" citations/abstracts. However, there is significant data loss, especially concerning specific compliance details (all 20 sub-facts of food registrations were omitted), quantitative safety data (ingredient strengths), detailed safety instructions, inactive ingredients, and specific toxicity mechanisms, side effects, and case reports. Several ""No fact available"" statements for lab/science facts and URLs were also implicitly covered by general statements rather than explicitly listed, which counts as data loss under a zero-tolerance audit. The article also introduced a considerable number of inferences, conclusions, and strategic recommendations that, while logically derived, were not direct facts from the Master Fact Sheet, thus impacting the hallucination score. To improve, the article should strive for more granular inclusion of specific facts, especially compliance and safety data, and distinguish clearly between factual reporting and derived analysis.","*
""potential market for products incorporating this herb""
""could be a valuable resource in developing new products.""
""may be feasible methods for extraction and formulation that could be explored further.""
""any product developed from Nyctanthes arbor-tristis must be designed with careful consideration of potential side effects and must adhere to strict safety guidelines.""
""products could be developed with antifungal properties.""
""market opportunity for products incorporating Nyctanthes arbor-tristis exists, particularly in the context of traditional Thai medicine.""
""Critical constraints include ensuring safety and non-toxicity, with strict adherence to regulatory requirements.""
""A strategic recommendation is to develop topical products leveraging traditional use, focusing on antifungal or skin health applications, with thorough research into the herb's properties, safety, and efficacy.""
""Partnerships with communities like Ban Dong Bang could enhance product authenticity and market appeal.""
""Nyctanthes arbor-tristis, with its traditional use in Thai herbal medicine, presents opportunities for product development, particularly in topical applications with antifungal properties.""
""thorough research into the herb's properties, safety, and efficacy, along with strict adherence to regulatory requirements, is essential.""
""By leveraging traditional wisdom and ensuring safety, products incorporating Nyctanthes arbor-tristis could find a niche in the market, appealing to those interested in traditional herbal medicine and natural health products.""
**Feedback:** The Final Article demonstrates moderate robustness in transferring information from the Master Fact Sheet, particularly in acknowledging the lack of certain scientific data and correctly handling explicit ""not found"" citations/abstracts. However, there is significant data loss, especially concerning specific compliance details (all 20 sub-facts of food registrations were omitted), quantitative safety data (ingredient strengths), detailed safety instructions, inactive ingredients, and specific toxicity mechanisms, side effects, and case reports. Several ""No fact available"" statements for lab/science facts and URLs were also implicitly covered by general statements rather than explicitly listed, which counts as data loss under a zero-tolerance audit. The article also introduced a considerable number of inferences, conclusions, and strategic recommendations that, while logically derived, were not direct facts from the Master Fact Sheet, thus impacting the hallucination score. To improve, the article should strive for more granular inclusion of specific facts, especially compliance and safety data, and distinguish clearly between factual reporting and derived analysis.","**
    *   **Practical Efficacy (Relevance):** The article effectively acknowledges the absence of specific trend data for *Nyctanthes arbor-tristis* itself, which suggests the `analyze_trends_task` likely yielded no direct trends. It then attempts to frame the herb's potential within broader traditional wellness and market opportunities, which is a reasonable approach given the data limitations. However, a higher score would require either the identification and synthesis of specific trends or a more robust discussion of how the herb fits into broader, *identified* wellness trends, rather than just general potential. The article is relevant in its honesty about data gaps but could improve its connection to a wider trend narrative.
    *   **Implementation Feasibility (Scalability):** The workflow design, splitting data gathering into compliance and safety tasks, is inherently scalable and efficient. The writer agent successfully utilized some of the safety data (context[2]), extracting warnings, directions, and even identifying potential product applications based on active ingredients (Ketoconazole, Miconazole) found in the safety context. However, there's a significant underutilization of the detailed Thai FDA food registration data (context[1]) within the dedicated ""Safety, Regulatory, and Constraints"" section. This crucial compliance information, showing existing food product registrations for ""Kannika"" (Nyctanthes arbor-tristis), was only briefly mentioned in the introduction and not fully integrated into the regulatory discussion. Additionally, the unreferenced mention of ""Euphorbia tirucalli"" toxicity raises concerns about data traceability. While the task split is good, the writer agent's synthesis of *all* provided structured data needs refinement for a truly robust and scalable content generation process.
    *   **Go/No-Go Decision:** The article is not ready for publication. The primary reason is the incomplete integration and synthesis of critical regulatory data. For a major wellness brand, comprehensive and accurate regulatory information is non-negotiable. The failure to fully incorporate the Thai FDA food registration details into the relevant section diminishes the article's practical value and credibility regarding market opportunities and constraints. The article needs revision to thoroughly address all compliance data provided, ensuring a complete and actionable strategic analysis.","** The Final Article demonstrates moderate robustness in transferring information from the Master Fact Sheet, particularly in acknowledging the lack of certain scientific data and correctly handling explicit ""not found"" citations/abstracts. However, there is significant data loss, especially concerning specific compliance details (all 20 sub-facts of food registrations were omitted), quantitative safety data (ingredient strengths), detailed safety instructions, inactive ingredients, and specific toxicity mechanisms, side effects, and case reports. Several ""No fact available"" statements for lab/science facts and URLs were also implicitly covered by general statements rather than explicitly listed, which counts as data loss under a zero-tolerance audit. The article also introduced a considerable number of inferences, conclusions, and strategic recommendations that, while logically derived, were not direct facts from the Master Fact Sheet, thus impacting the hallucination score. To improve, the article should strive for more granular inclusion of specific facts, especially compliance and safety data, and distinguish clearly between factual reporting and derived analysis."
82.ดอกโมก,No-Go,20,95,46,86,"*
Compliance Fact (Food Registration 1): registration_number=13-2-06660-6-0035
Compliance Fact (Food Registration 1): product_name=Sang Yod Rice Chips (Shrimp Flavour)
Compliance Fact (Food Registration 1): company_name=บริษัท บ้านขนมไทย อินเตอร์เนชั่นแนล จำกัด
Compliance Fact (Food Registration 1): status=สถานะผลิตภัณฑ์(คงอยู่)\ สถานะสถานที่ (คงอยู่)
Compliance Fact (Food Registration 2): registration_number=93-2-01461-6-0001
Compliance Fact (Food Registration 2): product_name=ข้าวสังข์หยดเมืองพัทลุง (ข้าวกล้อง)
Compliance Fact (Food Registration 2): company_name=วิสาหกิจชุมชนกลุ่มแม่บ้านนาท่อมร่วมใจ
Compliance Fact (Food Registration 2): status=สถานะผลิตภัณฑ์(คงอยู่)\ สถานะสถานที่ (คงอยู่)
Compliance Fact (Herbal Product 1): registration_number=G185/68
Compliance Fact (Herbal Product 1): product_name=ยาหม่องน้ำสุภาพโอสถ กลิ่นดอกโมก
Compliance Fact (Herbal Product 1): company_name=โรงงานเภสัชอุตสาหกรรม เจเอสพี (ประเทศไทย) (มหาชน)
Compliance Fact (Herbal Product 1): status=คงอยู่
Compliance Fact (Cosmetic Product 1): registration_number=10-1-5844046
Compliance Fact (Cosmetic Product 1): product_name=ศรีธนา อโรมา ออย ดอกโมก
Compliance Fact (Cosmetic Product 1): company_name=บริษัท แวนน์ คอสเมติกส์ แอนด์ แลบอราทอรี่ จำกัด
Compliance Fact (Cosmetic Product 1): status=คงอยู่
Culture Fact (Ethnic Group - Ban Tha Lap): ethnic_group=Rural Community
Culture Fact (Community Highlight - Ban Tha Lap): ""Ban Tha Lap is an old community located in the eastern part of the Chao Phraya River basin.""
Culture Fact (Name Etymology - Ban Tha Lap): name_etymology=The name ""Ban Tha Lap"" is derived from the Thai words ""ban"" meaning ""village"" and ""tha lap"" meaning ""landing place"".
Culture Fact (Environment - Ban Tha Lap): community_environment=The community is situated in a fertile area, making it suitable for agriculture.
Culture Fact (Organization - Ban Tha Lap): community_organizations=The community has established organizations to promote and preserve their cultural heritage, such as the ""Ban Tha Lap Cultural Preservation Group"".
Culture Fact (Local Name - Ban Tha Lap): local_name=Kluay Nam Wa
Culture Fact (Use - Ban Tha Lap): traditional_use=Banana processing
Culture Fact (Processing - Ban Tha Lap): processing_method=Boiling
Culture Fact (Ethnic Group - Phu Thai): ethnic_group=Phu Thai
Culture Fact (Community Highlight - Phu Thai): ""The Phu Thai community is an ethnic group that migrated to Thailand from Laos. They originally believed in spirits but later converted to Buddhism.""
Culture Fact (Name Etymology - Phu Thai): name_etymology=The name ""Phu Thai"" is derived from the Thai words ""phu"" meaning ""people"" and ""Thai"" meaning ""free"".
Culture Fact (Environment - Phu Thai): community_environment=The community is situated in a rural area, with a strong emphasis on agriculture.
Culture Fact (Organization - Phu Thai): community_organizations=The community has established organizations to promote and preserve their cultural heritage, such as the ""Phu Thai Cultural Preservation Group"".
Culture Fact (Local Name - Phu Thai): local_name=Phu Thai
Culture Fact (Processing - Phu Thai): processing_method=Boiling
**Hallucinated Entities (Facts in Article but not Fact Sheet):**
""The wellness industry has seen a significant surge in interest in traditional herbs, with many consumers seeking natural solutions for their health needs.""
""...targeting tuberculosis or related respiratory issues."" (specifically ""related respiratory issues"")
""Registered herbal and cosmetic products containing Wrightia religiosa or related compounds indicate an existing regulatory framework for such products."" (specifically the inference about an ""existing regulatory framework"")
""This would require collaboration with researchers to fill in the gaps in knowledge regarding extraction methods..."" (specifically ""extraction methods"" as a known gap for collaboration)
**Feedback:** The article demonstrated significant data loss, particularly by omitting all specific compliance registration details and many granular cultural facts, opting instead for general summaries or complete omission. This significantly reduced the robustness of the data transfer. While the article generally avoided inventing entirely new scientific or compliance data, it did introduce several generalized market trends, extended scientific findings with unverified implications (""related respiratory issues""), and made inferences about regulatory frameworks and knowledge gaps (""extraction methods"") that were not explicitly stated as facts in the Master Fact Sheet. However, it correctly handled instances where information was ""Not provided"" in the fact sheet by acknowledging the absence of data rather than fabricating it.","*
""The wellness industry has seen a significant surge in interest in traditional herbs, with many consumers seeking natural solutions for their health needs.""
""...targeting tuberculosis or related respiratory issues."" (specifically ""related respiratory issues"")
""Registered herbal and cosmetic products containing Wrightia religiosa or related compounds indicate an existing regulatory framework for such products."" (specifically the inference about an ""existing regulatory framework"")
""This would require collaboration with researchers to fill in the gaps in knowledge regarding extraction methods..."" (specifically ""extraction methods"" as a known gap for collaboration)
**Feedback:** The article demonstrated significant data loss, particularly by omitting all specific compliance registration details and many granular cultural facts, opting instead for general summaries or complete omission. This significantly reduced the robustness of the data transfer. While the article generally avoided inventing entirely new scientific or compliance data, it did introduce several generalized market trends, extended scientific findings with unverified implications (""related respiratory issues""), and made inferences about regulatory frameworks and knowledge gaps (""extraction methods"") that were not explicitly stated as facts in the Master Fact Sheet. However, it correctly handled instances where information was ""Not provided"" in the fact sheet by acknowledging the absence of data rather than fabricating it.","**
    *   **Practical Efficacy (Relevance):** The article's ""Herbal in Wellness Trends"" section falls short due to the explicit failure of the `analyze_trends_task` (context[0]) to provide specific trend facts for Wrightia religiosa. The article acknowledges this gap (""Although specific trend facts are not provided..."") and attempts to infer market opportunities, but it cannot genuinely synthesize or be relevant to trends that were not identified. For a wellness brand, trend relevance is crucial for audience engagement. This significant gap severely impacts the practical efficacy of this section, leading to a low score.
    *   **Implementation Feasibility (Scalability):** The workflow design demonstrates high feasibility and scalability. The split of tasks for compliance (context[1]) and safety (context[2]) is efficient and allows for specialized data gathering. The writer agent successfully utilized the structured compliance data, integrating it into the ""Safety, Regulatory, and Constraints"" section. Crucially, the writer also correctly identified and addressed the *absence* of specific safety data from the `find_safety_data_task`, demonstrating robust handling of both successful and unsuccessful data retrieval. This adaptability and the modular nature of the tasks make the system highly scalable and viable for future content generation.
    *   **Go/No-Go for Publication:** The article is a ""No-Go"" for publication at this stage. While the scientific, traditional, and regulatory aspects are well-covered, and the workflow itself is highly feasible, the critical absence of specific trend data in the ""Herbal in Wellness Trends"" section significantly diminishes its practical efficacy and relevance for a wellness audience. For content from a major wellness brand, robust and data-driven trend analysis is expected. Without this, the article lacks a key component for audience appeal and market positioning. I recommend either re-attempting to gather relevant trend data or re-scoping the article to focus purely on the scientific and traditional aspects, removing the trend section if data cannot be sourced.","** The article demonstrated significant data loss, particularly by omitting all specific compliance registration details and many granular cultural facts, opting instead for general summaries or complete omission. This significantly reduced the robustness of the data transfer. While the article generally avoided inventing entirely new scientific or compliance data, it did introduce several generalized market trends, extended scientific findings with unverified implications (""related respiratory issues""), and made inferences about regulatory frameworks and knowledge gaps (""extraction methods"") that were not explicitly stated as facts in the Master Fact Sheet. However, it correctly handled instances where information was ""Not provided"" in the fact sheet by acknowledging the absence of data rather than fabricating it."
83.ดอกปีบ,No-Go,40,95,76,100,"*
Compliance Fact (Food Registration 1): `registration_number=25-2-01159-6-0001`, `company_name=น้ำดื่มดอกปีป`, `status=สถานะผลิตภัณฑ์(คงอยู่)\ สถานะสถานที่ (คงอยู่)` (Only `product_name` was retained, other details dropped)
Culture Fact (Community - Sakein Village - Gunpowder Etymology): ""The name 'Sakein' is derived from the Thai word for 'bat guano,' which was a valuable resource for the production of gunpowder. The village's original name, 'Suekuen,' was changed to Sakein due to the abundance of bat guano in the area.""
Culture Fact (Community - Sakein Village - Gunpowder Local Name): (อึมปี้) (Part of the local name was dropped)
Culture Fact (Community - Sakein Village 2 - Metalworking Etymology): ""The name 'Kuay' is derived from the Thai word for 'bronze,' which is a significant resource for the Kuay people.""
Culture Fact (Community - Sakein Village 3 - Textile Etymology): ""The name 'Kuay' is derived from the Thai word for 'textile,' which is a significant resource for the Kuay people.""
Culture Fact (Community - Sakein Village 3 - Textile Local Name): Hijab
Lab Fact (Experimental Method): No lab fact provided. (The finding of absence was not stated or implied)
Lab Fact (Chromatography - TLC): No lab fact provided. (The finding of absence was not stated or implied)
Lab Fact (Cosmetic or Clinical Effect): No lab fact provided. (The finding of absence was not stated or implied)
Lab Fact (Quality Control): No lab fact provided. (The finding of absence was not stated or implied)
Source URL (Trend): Not found. (The finding of absence was not stated or implied)
Source URL (Compliance): Not found. (The finding of absence was not stated or implied)
Source URL (Safety): Not found. (The finding of absence was not stated or implied)
Source URL (Toxicity): Not found. (The finding of absence was not stated or implied)
**Hallucinated Entities (Facts in Article but not Fact Sheet):**
None
**Feedback:**","*
None
**Feedback:**","** The article's practical efficacy regarding ""Relevance to Trends"" is significantly hampered by the explicit statement within the ""Introduction to Millingtonia hortensis Trends"" section: ""Despite the lack of specific trend facts..."". This indicates that the `analyze_trends_task` (context[0]), which was supposed to provide trend data, either yielded no specific trends for Millingtonia hortensis or the data was not effectively incorporated into the article. While the article attempts to infer potential based on general interest in natural remedies and existing product registrations, it fails to synthesize *identified* trends, as none were evidently provided. For a wellness brand focused on leveraging trends, this is a critical gap, making the article less relevant to its intended strategic purpose as a trend piece.

In contrast, the ""Implementation Feasibility"" of the workflow demonstrates strong scalability. The writer agent successfully utilized the structured compliance data (context[1]), explicitly referencing the ""Dokpeeb Brand Drinking Water"" registration. Furthermore, the article's acknowledgment of ""the absence of specific toxicity facts, safety warnings, or dosage limits"" in the ""Safety, Regulatory, and Constraints"" section indicates that the output from the `find_safety_data_task` (context[2]) was processed, even if it returned no specific negative safety data. This shows the workflow effectively handles both the presence and absence of structured data, allowing for comprehensive checks without burdening the writer with data gathering. This task-splitting approach is highly efficient and scalable for gathering and integrating diverse data points.

Despite the strong feasibility of the workflow, the current article is a ""No-Go"" for publication. The primary reason is the lack of specific trend synthesis, which is crucial for a piece positioned around ""Herbal in Wellness Trends."" Without concrete trend data, the article lacks the strategic insight and market relevance required for our audience. It would require further dedicated trend research or a significant re-framing of the article's purpose to be considered publishable.","**
    The **Collaboration Robustness** score reflects that 14 out of 59 critical facts or findings from the Master Fact Sheet were either completely omitted or only partially transferred to the Final Article. This indicates a notable degree of data loss, particularly concerning specific details of the food registration, cultural etymologies, specific local names, and several ""not found"" lab and source URL facts.

    The **Explanation Clarity** score is perfect because the Final Article does not introduce any facts that are not present in the Master Fact Sheet (no hallucination). Furthermore, for all ""Not Found"" results that the article *does* address (e.g., ""lack of specific trend facts,"" ""absence of specific toxicity facts,"" ""internal knowledge context does not explicitly mention""), it handles them correctly by acknowledging the absence of information rather than inventing data or citations. The act of *omitting* certain ""Not Found"" findings is counted under ""Data Loss"" (Robustness) rather than ""Clarity"" of the existing content."
84.ดอกแก้ว_,No-Go,95,60,38,100,"*
Compliance Fact (Food Registration 1): registration_number=10-1-22345-1-0003
Compliance Fact (Food Registration 1): company_name=เจริญชัยพาณิชย์
Compliance Fact (Food Registration 1): status=สถานะผลิตภัณฑ์(คงอยู่)\ สถานะสถานที่ (คงอยู่)
Compliance Fact (Food Registration 2): registration_number=11-2-01354-2-0001
Compliance Fact (Food Registration 2): product_name=น้ำมันปาล์มโอเลอินจากเนื้อปาล์มผ่านกรรมวิธี ตรา ดอกแก้ว
Compliance Fact (Food Registration 2): company_name=ต.เจริญการค้า
Compliance Fact (Food Registration 2): status=สถานะผลิตภัณฑ์(คงอยู่)\ สถานะสถานที่ (คงอยู่)
Compliance Fact (Food Registration 3): registration_number=11-2-01951-6-0820
Compliance Fact (Food Registration 3): company_name=บริษัท เอเซีย วอเตอร์มาร์ท จำกัด
Compliance Fact (Food Registration 3): status=สถานะผลิตภัณฑ์(คงอยู่)\ สถานะสถานที่ (คงอยู่)
Compliance Fact (Food Registration 4): registration_number=12-2-00157-2-0037
Compliance Fact (Food Registration 4): product_name=น้ำดื่ม ตรา ดอกแก้ว
Compliance Fact (Food Registration 4): company_name=ห้างหุ้นส่วนจำกัด ช.เจริญพูนผล
Compliance Fact (Food Registration 4): status=สถานะผลิตภัณฑ์(ผู้ประกอบการแจ้งยกเลิกใบอนุญาต 19/3/2567) \ สถานะสถานที่ (ผู้ประกอบการแจ้งยกเลิก 19/3/2567)
Compliance Fact (Food Registration 5): registration_number=14-2-01359-6-0212
Compliance Fact (Food Registration 5): product_name=น้ำดื่มตรา ดอกแก้วเจ้าจอม
Compliance Fact (Food Registration 5): company_name=บริษัท ฮอลแลนด์ สตาร์ บรรจุภัณฑ์ จำกัด
Compliance Fact (Food Registration 5): status=สถานะผลิตภัณฑ์(ยกเลิกโดยผู้ประกอบการ 14/11/2566) \ สถานะสถานที่ (คงอยู่ )
Toxicity Fact (Side Effects): ""it is reported to have caused significant effects in acute toxicity assays, although these effects had no clinical relevance.""
Toxicity Fact (Case Reports): ""There are no reported case studies on the toxicity of Murraya paniculata. However, the plant has been traditionally used as a folk medicine, and its bioactive compounds have been reported to have various biological activities.""
Culture Fact (Community - Kaeo Manee 2): community_name=Kaeo Manee 2
Culture Fact (Location - Kaeo Manee 2): location=-
Culture Fact (Ethnic Group - Kaeo Manee 2): ethnic_group=-
Culture Fact (Name Etymology - Kaeo Manee 2): ""Manee Ratana""
Culture Fact (Name Etymology - Kaeo Manee 2): ""two golden lotus flowers on either side of its head""
Culture Fact (Name Etymology - Kaeo Manee 2): ""84,000 different types of gemstones as its retinue.""
Culture Fact (Local Name - Kaeo Manee 2): local_name=-
Culture Fact (Use - Kaeo Manee 2): traditional_use=-
Culture Fact (Processing - Kaeo Manee 2): processing_method=-
**Hallucinated Entities (Facts in Article but not Fact Sheet):**
None
**Feedback:**","*
None
**Feedback:**","** The article demonstrates strong practical efficacy by successfully synthesizing the identified wellness trends and linking them directly to Orange Jasmine (Murraya paniculata) and market opportunities. The ""Herbal in Wellness Trends"" section is highly relevant and well-crafted.

However, the implementation feasibility and overall readiness for publication are significantly impacted by critical data gaps. While the workflow design to split compliance and safety tasks is conceptually sound and scalable, its execution in this instance was flawed. The `check_compliance_task` provided structured data, which the writer agent successfully incorporated, but the registered products (palm oil, drinking water under the ""Dok Kaeo"" brand) are not directly relevant to *Murraya paniculata* as a wellness ingredient, limiting the practical value of this regulatory insight for our specific product development goals. More critically, the `find_safety_data_task` failed to deliver concrete safety information, leading to a ""Not found"" for scientific research and general statements about ""limited information available on its toxicity"" in the article. For a major wellness brand, an article promoting an herb, even for potential product development, requires robust scientific backing and clear safety profiles. The current article lacks this foundational data, making it unsuitable for publication. Further, targeted research into the specific scientific benefits and safety profile of *Murraya paniculata* for wellness applications is essential before this content can be considered for our audience.","**
    The **Collaboration Robustness (Data Loss)** score is low due to significant loss of specific data points, particularly in the ""Compliance Fact (Food Registration)"" and ""Culture Fact"" categories. While some product names from the food registrations were mentioned, the critical details such as registration numbers, company names, and specific product statuses were omitted entirely for all five entries. Additionally, several detailed aspects of the toxicity side effects, the entire case reports section, and numerous specific cultural facts (community name, location, ethnic group, and detailed etymological elements) were not transferred to the Final Article.

    The **Explanation Clarity (Hallucination/Handling)** score is 100% because no *facts* were hallucinated. All factual statements in the Final Article are directly derived from the Master Fact Sheet or represent a correct handling of ""Not Found"" entries. The analytical statements, strategic recommendations, and product examples, while not directly present as ""facts"" in the Master Fact Sheet, are considered valid outputs of the article generation task, based on the provided factual context, rather than invented factual information about Murraya paniculata itself. Furthermore, all ""Not Found"" entries from the Master Fact Sheet were correctly handled in the Final Article, either by explicit mention of ""Not found"" or by appropriate omission."
85.พุดซ้อน,Go,100,95,71,95,"*
**Trend Fact:** ""mechanism may be related to the regulation of hippocampal metabolites and intestinal microflora composition."" (from Fructus gardeniae study)
**Trend Fact:** ""Ellis"" and ""improved subjective sleep quality in healthy adult men with mild sleep complaints."" (from Crocetin study)
**Trend Fact:** ""Alzheimer's disease and Parkinson's disease."" (from Genipin neurodegenerative potential)
**Trend Fact:** ""regulating macrophage polarization via the FOS/MAPK signaling pathway."" (from Geniposide anti-atherosclerotic effect)
**Trend Fact:** ""regulating macrophage polarization via the CXCL14 expression by perivascular adipose tissue (PVAT)."" (from Geniposide anti-atherosclerotic effect)
**Compliance Fact:** All specific details of Food Registration 1 (registration_number=15-2-00363-6-0002, product_name=พุดซ้อน, company_name=บริษัท ยั่งยืนพืชผล จำกัด สาขา 00001, status=สถานะผลิตภัณฑ์(คงอยู่)\ สถานะสถานที่ (คงอยู่))
**Compliance Fact:** All specific details of Food Registration 2 (registration_number=50-2-06554-6-0205, product_name=น้ำดื่ม ตรา พุดซ้อน / POODSON DRINKING WATER, company_name=บริษัท น้ำใส ใจจริง จำกัด, status=สถานะผลิตภัณฑ์(คงอยู่)\ สถานะสถานที่ (คงอยู่))
**Compliance Fact:** All specific details of Cosmetic Registration 1 (registration_number=10-1-6010056332, product_name=ลามิเเน๊ต น้ำมันนวดตัวลามิเเน๊ต พุดซ้อน / LAMENATT LAMENATT MASSAGE OIL Pudson, company_name=บริษัท เมดิคอส จำกัด, status=คงอยู่)
**Compliance Fact:** All specific details of Cosmetic Registration 2 (registration_number=13-1-6800037307, product_name=ไทยเมืองเพียร์ แนชเชอรัล แฮนด์เมด โซป พุดซ้อน / THAI MUANG PEA NATURAL HANDMADE SOAP Pud Sorn, company_name=บริษัท สบู่ (ไทยแลนด์) จำกัด, status=คงอยู่)
**Safety Fact:** Active Ingredient: Scutellaria Baicalensis Root, Coptis Japonica Root, Phellodendron Chinensis Bark, Gardenia Jasminoides Fruit, Rheum Palmatum Root
**Safety Fact:** Ingredient Purpose: prevention of cerebrovascular diseases, cardiovascular disease
**Safety Fact:** Uses: prevention of cerebrovascular diseases, cardiovascular disease
**Safety Fact:** Specific warning phrase: ""KEEP THE PRODUCT INFORMATION. IT CONTAINS IMPORTANT INFORMATION.""
**Safety Fact:** Directions: For adults, take 2 capsules, once a day, before or between meals
**Safety Fact:** Inactive Ingredients: Corn Starch, Animal originated ingredients, Magnesium Stearate (specific components other than Lactose Hydrate)
**Safety Fact:** Questions (other conditions): ""liver enzyme value (AST, ALT) levels more than 3 times normal"", ""a patient who is being treated by a doctor or taking other medications"", ""an elderly person (in general, elderly people should take with care, such as reducing their dosage, as their physiological function has deteriorated.)"", ""a child (the safety of children's use is not established. (Less experience in use))""
**Culture Fact:** Community: ""their knowledge has been passed down through generations.""
**Culture Fact:** Location: Prachinburi Province
**Culture Fact:** Ethnic Group: Thai
**Culture Fact:** Community Highlight: Ban Dong Bang is a community that is rich in cultural heritage. The community has a number of traditional festivals and ceremonies, which are an important part of their cultural identity.
**Culture Fact:** Environment: ""Ban Dong Bang is situated near a river""
**Culture Fact:** Local Wisdom: ""which has been passed down through generations.""
**Culture Fact:** Organization: The community has a number of organizations that promote their traditional herbal medicine. These organizations work to preserve the community's knowledge and expertise, and to promote their herbal products to a wider audience.
**Culture Fact:** Processing: The community dries the herbs in the sun to preserve them for later use.
**Internal RAG Fact:** Herbal: ""The context primarily discusses the benefits and uses of traditional Thai medicine, as well as the importance of using local herbs and plants for health and wellness.""
**Hallucinated Entities (Facts in Article but not Fact Sheet):**
The explicit assertion that ""Khamin Chan (Gardenia jasminoides)"" are the same. The Master Fact Sheet mentions ""Khamin Chan is a type of herb that is commonly used in their traditional medicine"" and ""Science Fact (Herb): Gardenia jasminoides"" separately, but does not equate them.
**Feedback:**","*
The explicit assertion that ""Khamin Chan (Gardenia jasminoides)"" are the same. The Master Fact Sheet mentions ""Khamin Chan is a type of herb that is commonly used in their traditional medicine"" and ""Science Fact (Herb): Gardenia jasminoides"" separately, but does not equate them.
**Feedback:**","** The article demonstrates excellent practical efficacy, successfully synthesizing all identified wellness trends related to Gardenia jasminoides. Every key finding from the `TRENDS_DATA` regarding anxiety, sleep quality, neurodegenerative potential, and anti-atherosclerotic effects was accurately reflected and integrated into the ""Herbal in Wellness Trends"" section. This makes the content highly relevant and valuable for our wellness audience.

Regarding implementation feasibility, the workflow design proved highly effective. The `find_safety_data_task` provided critical, structured safety information (e.g., lactose intolerance warnings, liver dysfunction precautions) which was perfectly integrated into the ""Safety, Regulatory, and Constraints"" section of the article. This direct utilization of pre-processed safety data is a strong indicator of the workflow's efficiency. While the `check_compliance_task` provided specific Thai FDA registration details, the article leveraged this data to inform a general discussion about ""regulatory facts"" and ""critical constraints"" rather than listing specific registration numbers. For a general wellness article, this level of integration is appropriate and still demonstrates that the data was considered. The ""split"" of tasks for gathering compliance and safety data is clearly scalable, ensuring that writers receive accurate, pre-vetted information, significantly reducing research time and improving content accuracy. The system is robust and ready for broader application.","**
    The Final Article demonstrates good effort in incorporating scientific and safety information, and correctly handles ""Not found"" entries for toxicity data, which is commendable. All provided citations and source URLs are accurately transferred. However, there is significant data loss across several categories, particularly for specific compliance registration details, comprehensive safety information (active ingredients, full directions, warnings, and patient considerations beyond liver dysfunction), and many specific cultural facts about Ban Dong Bang. Additionally, the article contains a critical hallucination by directly equating ""Khamin Chan"" with ""Gardenia jasminoides,"" which is not supported by the Master Fact Sheet. Several other facts were transferred with a loss of specific nuances and details, impacting the overall robustness score."
86.ชบา,Go,80,95,70,75,"*
`Lab Fact (Experimental Method): No lab fact available`
`Lab Fact (Chromatography - TLC): No lab fact available`
`Lab Fact (Cosmetic or Clinical Effect): No lab fact available`
`Lab Fact (Quality Control): No lab fact available`
`Toxicity Fact (Case Reports): Not found`
`Culture Fact (Community - Southern Community): Southern Community`
`Culture Fact (Ethnic Group - Southern Community): Unspecified`
`Culture Fact (Community Highlight - Southern Community): No herbal-related information found.`
`Culture Fact (Name Etymology - Southern Community): No herbal-related information found.`
`Culture Fact (Environment - Southern Community): No herbal-related information found.`
`Culture Fact (Organization - Southern Community): No herbal-related information found.`
`Source URL (Trend): No trend URL available`
`Source URL (Compliance): No compliance URL available`
`Source URL (Safety): No safety URL available`
**Hallucinated Entities (Facts in Article but not Fact Sheet):**
""The growing demand for natural and traditional remedies could provide a market opportunity, but further research is necessary to validate demand."" (Market analysis/opportunity)
""suggesting that any product development should focus on areas where Hibiscus rosa-sinensis has shown promise."" (Recommendation/analysis)
""The plant's cultural significance and traditional use could be leveraged to develop products that cater to the growing demand for natural remedies."" (Market analysis/opportunity)
""highlighting the need for rigorous safety testing and adherence to regulatory compliance in any product development."" (Recommendation)
""The market opportunity for products based on Hibiscus rosa-sinensis, although potential, is constrained by the lack of detailed scientific data and regulatory information."" (Strategic analysis)
""A phased product development approach is recommended, starting with thorough laboratory and clinical research to establish a robust scientific foundation."" (Recommendation)
""This should be followed by product development that is backed by evidence and ensures compliance with all regulatory requirements."" (Recommendation)
""Targeted marketing campaigns can leverage the plant's traditional use and cultural significance, while also highlighting the scientific rigor behind the product development process."" (Recommendation)
""Hibiscus rosa-sinensis presents a potential market opportunity due to its cultural significance and perceived health benefits."" (Summary/analysis)
""However, the lack of comprehensive scientific data and regulatory information necessitates a cautious and phased approach to product development."" (Summary/analysis)
""By focusing on rigorous scientific research, ensuring regulatory compliance, and leveraging traditional wisdom, it is possible to unlock the modern potential of Hibiscus rosa-sinensis while respecting its traditional use and cultural significance."" (Conclusion/recommendation)
**Feedback:** The **Collaboration Robustness** score reflects that 14 out of 47 distinct facts from the Master Fact Sheet were not explicitly or implicitly transferred to the Final Article. These dropped facts include specific ""No fact available"" entries for various lab, toxicity, and culture categories, as well as several source URLs. The article made a general statement about lacking scientific information but did not cover all specific categories. The **Explanation Clarity** score indicates that while the article successfully incorporated and correctly handled 33 facts from the Master Fact Sheet (including the accurate handling of `citation_apa: Not found`), it introduced 11 instances of analysis, market opportunities, and recommendations that were not directly present as facts in the source sheet. These additions, while potentially logical inferences, are considered ""hallucinated facts"" under a zero-tolerance audit.","*
""The growing demand for natural and traditional remedies could provide a market opportunity, but further research is necessary to validate demand."" (Market analysis/opportunity)
""suggesting that any product development should focus on areas where Hibiscus rosa-sinensis has shown promise."" (Recommendation/analysis)
""The plant's cultural significance and traditional use could be leveraged to develop products that cater to the growing demand for natural remedies."" (Market analysis/opportunity)
""highlighting the need for rigorous safety testing and adherence to regulatory compliance in any product development."" (Recommendation)
""The market opportunity for products based on Hibiscus rosa-sinensis, although potential, is constrained by the lack of detailed scientific data and regulatory information."" (Strategic analysis)
""A phased product development approach is recommended, starting with thorough laboratory and clinical research to establish a robust scientific foundation."" (Recommendation)
""This should be followed by product development that is backed by evidence and ensures compliance with all regulatory requirements."" (Recommendation)
""Targeted marketing campaigns can leverage the plant's traditional use and cultural significance, while also highlighting the scientific rigor behind the product development process."" (Recommendation)
""Hibiscus rosa-sinensis presents a potential market opportunity due to its cultural significance and perceived health benefits."" (Summary/analysis)
""However, the lack of comprehensive scientific data and regulatory information necessitates a cautious and phased approach to product development."" (Summary/analysis)
""By focusing on rigorous scientific research, ensuring regulatory compliance, and leveraging traditional wisdom, it is possible to unlock the modern potential of Hibiscus rosa-sinensis while respecting its traditional use and cultural significance."" (Conclusion/recommendation)
**Feedback:** The **Collaboration Robustness** score reflects that 14 out of 47 distinct facts from the Master Fact Sheet were not explicitly or implicitly transferred to the Final Article. These dropped facts include specific ""No fact available"" entries for various lab, toxicity, and culture categories, as well as several source URLs. The article made a general statement about lacking scientific information but did not cover all specific categories. The **Explanation Clarity** score indicates that while the article successfully incorporated and correctly handled 33 facts from the Master Fact Sheet (including the accurate handling of `citation_apa: Not found`), it introduced 11 instances of analysis, market opportunities, and recommendations that were not directly present as facts in the source sheet. These additions, while potentially logical inferences, are considered ""hallucinated facts"" under a zero-tolerance audit.","** The article demonstrates strong practical efficacy by transparently addressing the lack of specific trend data for Hibiscus rosa-sinensis, while still connecting it to broader, relevant wellness trends (natural/traditional remedies). This realistic approach is valuable for our audience. The implementation feasibility is excellent; the workflow successfully leveraged the specialized data-gathering tasks (even when they returned limited data) by having the writer agent accurately incorporate the ""none found"" or ""limited information"" status from the Compliance and (inferred) Safety data. This modular task split is highly scalable and efficient, preventing the writer from having to conduct extensive research themselves. The article is ready for publication as a responsible, exploratory piece that highlights both potential and necessary future research for product development.","** The **Collaboration Robustness** score reflects that 14 out of 47 distinct facts from the Master Fact Sheet were not explicitly or implicitly transferred to the Final Article. These dropped facts include specific ""No fact available"" entries for various lab, toxicity, and culture categories, as well as several source URLs. The article made a general statement about lacking scientific information but did not cover all specific categories. The **Explanation Clarity** score indicates that while the article successfully incorporated and correctly handled 33 facts from the Master Fact Sheet (including the accurate handling of `citation_apa: Not found`), it introduced 11 instances of analysis, market opportunities, and recommendations that were not directly present as facts in the source sheet. These additions, while potentially logical inferences, are considered ""hallucinated facts"" under a zero-tolerance audit."
87.ลีลาวดี_,No-Go,70,90,54,60,"*
Lab Fact (Chromatography - TLC): Not found
Lab Fact (Cosmetic or Clinical Effect): Not found
Lab Fact (Quality Control): Not found
Compliance Fact (Food Registration 1): None found
Compliance Fact (Safety Dosage): Not found
Compliance Fact (Safety Warning): None found
Safety Fact (Active Ingredient) - Ingredient 1 - name: PLUMERIA RUBRA WHOLE
Safety Fact (Active Ingredient) - Ingredient 1 - strength: 6 [hp_C], 100 [hp_C], 1 [hp_M], 200 [hp_C], 500 [hp_C], 10 [hp_M], 30 [hp_C], 12 [hp_C]
Safety Fact (Active Ingredient) - Ingredient 1 - purpose: Not found
Safety Fact (Ingredient Purpose): Not found
Safety Fact (Uses): Not found
Safety Fact (Warnings): Not found
Safety Fact (Directions): Not found
Safety Fact (Other Info): Not found
Safety Fact (Inactive Ingredients) - Ingredient 1 - name: SUCROSE
Safety Fact (Inactive Ingredients) - Ingredient 1 - strength: Not found
Safety Fact (Questions): Not found
Toxicity Fact (Summary) - entrapment and loading efficiencies %, zeta size, zeta potential, and PDI were 89.0 %, 40.0 %, 18.5 nm, −1.65 mV, and 0.29, respectively.
Toxicity Fact (Summary) - reduced the parasitic tachyzoites’ count by 37, 43, and 49 % in the spleen, brain, and liver, respectively.
Toxicity Fact (Summary) - selectivity index 2.90 (from antiviral activity)
Toxicity Fact (Mechanism) - inference that antimicrobial and anti-inflammatory effects related to phytochemical compounds
Toxicity Fact (Mechanism) - list of phytochemical compounds: palmitic acid, linoleic acid, N-(O-Nitrophenylthio)-l-leucine, plumieridin B, lupeol, and rutin.
Culture Fact (Location - Ban Tha Makharm) - Tambon Tanawsri, Amphoe Suan Phueng
Culture Fact (Name Etymology - Ban Tha Makharm) - first village head, Pu Khiao Khot
Culture Fact (Name Etymology - Ban Tha Makharm) - makharm tree has since died
Culture Fact (Name Etymology - Ban Tha Makharm) - nearby jamapa tree, also planted by Pu Khiao's second wife, remains
Culture Fact (Environment - Ban Tha Makharm) - variety of flora and fauna
Culture Fact (Organization - Ban Tha Makharm) - a number of community-based tourism projects
Culture Fact (Local Name - Ban Tha Makharm): Thuenyamangklong
Internal RAG Fact (Cultural): No relevant information about ลีลาวดี was found in the provided cultural context.
Source URL (Trend): Not found
Source URL (Science): Not found
**Hallucinated Entities (Facts in Article but not Fact Sheet):**
""cultural significance and traditional use in communities suggest a potential interest in herbal supplements or products leveraging its antimicrobial, anti-inflammatory, and antiviral properties."" (The ""suggest a potential interest"" part)
""The lack of trend data indicates a need for market research to confirm demand and potential market size.""
""The cytotoxic effect of these nanoparticles... underscores the need for careful dosage and formulation design to minimize toxicity."" (The analytical part)
""The safety and regulatory considerations for Plumeria rubra are crucial.""
""While Plumeria rubra nanoparticles have shown promising biological activities, their cytotoxic effect (IC50 of 503.2 μg/mL) necessitates careful consideration of dosage and formulation to ensure safety."" (The analytical part)
""posing a challenge in predicting and mitigating potential adverse effects.""
""which is positive, but thorough safety assessments, including clinical trials, are necessary to fully understand the safety profile of any product developed from Plumeria rubra.""
""The strategic analysis for developing products based on Plumeria rubra indicates a potential market opportunity, especially considering its cultural significance and traditional use.""
""However, this opportunity is tempered by the need for further research to elucidate its safety profile, optimal extraction methods, and viable compounds.""
""The technical feasibility seems promising due to its demonstrated biological activities, but addressing safety and toxicity constraints is critical.""
""A strategic recommendation would be to invest in further research and development, including pharmacological and toxicological studies, and clinical trials, to ensure the development of a safe and effective product.""
""Market research should also be conducted to understand consumer demand and preferences better.""
""Developing products that align with traditional uses and cultural significance could offer a unique selling proposition.""
""Plumeria rubra, with its antimicrobial, anti-inflammatory, and antiviral properties, presents a potential opportunity for the development of herbal supplements or products."" (The ""presents a potential opportunity"" part)
""However, this potential must be carefully balanced against the need for thorough safety assessments and further research into its properties, optimal extraction methods, and viable compounds.""
""By leveraging traditional wisdom, addressing safety and toxicity constraints, and investing in research and development, it may be possible to unlock the full potential of Plumeria rubra in the wellness industry.""
""symbolizing the community's history and cultural heritage.""
""highlighting the community's traditional practices and beliefs surrounding the use of plants and natural resources.""
**Feedback:**","*
""cultural significance and traditional use in communities suggest a potential interest in herbal supplements or products leveraging its antimicrobial, anti-inflammatory, and antiviral properties."" (The ""suggest a potential interest"" part)
""The lack of trend data indicates a need for market research to confirm demand and potential market size.""
""The cytotoxic effect of these nanoparticles... underscores the need for careful dosage and formulation design to minimize toxicity."" (The analytical part)
""The safety and regulatory considerations for Plumeria rubra are crucial.""
""While Plumeria rubra nanoparticles have shown promising biological activities, their cytotoxic effect (IC50 of 503.2 μg/mL) necessitates careful consideration of dosage and formulation to ensure safety."" (The analytical part)
""posing a challenge in predicting and mitigating potential adverse effects.""
""which is positive, but thorough safety assessments, including clinical trials, are necessary to fully understand the safety profile of any product developed from Plumeria rubra.""
""The strategic analysis for developing products based on Plumeria rubra indicates a potential market opportunity, especially considering its cultural significance and traditional use.""
""However, this opportunity is tempered by the need for further research to elucidate its safety profile, optimal extraction methods, and viable compounds.""
""The technical feasibility seems promising due to its demonstrated biological activities, but addressing safety and toxicity constraints is critical.""
""A strategic recommendation would be to invest in further research and development, including pharmacological and toxicological studies, and clinical trials, to ensure the development of a safe and effective product.""
""Market research should also be conducted to understand consumer demand and preferences better.""
""Developing products that align with traditional uses and cultural significance could offer a unique selling proposition.""
""Plumeria rubra, with its antimicrobial, anti-inflammatory, and antiviral properties, presents a potential opportunity for the development of herbal supplements or products."" (The ""presents a potential opportunity"" part)
""However, this potential must be carefully balanced against the need for thorough safety assessments and further research into its properties, optimal extraction methods, and viable compounds.""
""By leveraging traditional wisdom, addressing safety and toxicity constraints, and investing in research and development, it may be possible to unlock the full potential of Plumeria rubra in the wellness industry.""
""symbolizing the community's history and cultural heritage.""
""highlighting the community's traditional practices and beliefs surrounding the use of plants and natural resources.""
**Feedback:**","**

    **Practical Efficacy (Relevance):** The article effectively addresses the absence of specific trend data for Plumeria rubra by pivoting to its cultural significance, traditional uses, and scientific potential. This approach maintains relevance for a wellness audience interested in exploring lesser-known natural solutions, even if it's not capitalizing on existing, strong market trends. The suggestion for further market research is a practical and relevant strategic step. However, it cannot score higher as it doesn't synthesize identified trends, but rather acknowledges their absence.

    **Implementation Feasibility (Scalability):** The workflow design, specifically the split of tasks for gathering Compliance Data and Safety Data, is highly scalable and efficient. It allows for specialized agents or modules to focus on specific data types, which is excellent for large-scale content production. The issue in this instance was not with the data gathering *method* but with the writer's *integration* of all gathered data into the final article. The writer agent did not fully incorporate crucial ""negative"" findings from the Compliance (Thai FDA: ""None found"" for all categories) and Safety (DailyMed: ""Not found"" for uses/warnings) tasks, which were explicitly provided. This points to a potential gap in the instruction or execution of the data synthesis phase, rather than a flaw in the data gathering split itself.

    **Go/No-Go for Publication:** The article is a **No-Go for Publication** in its current state. While the content explores the potential of Plumeria rubra, it critically omits significant regulatory and safety information that was provided by the specialized data gathering tasks. Specifically, the article fails to explicitly mention the ""None found"" status for Thai FDA registrations or the detailed ""Not found"" for uses and warnings from DailyMed. For a reputable wellness brand, publishing content without a comprehensive and transparent disclosure of regulatory status and known safety information (or lack thereof) is a significant risk. The article needs to be revised to fully integrate and highlight these crucial compliance and safety data points before it can be considered for publication.","**
    The **Collaboration Robustness (Data Loss)** score of 54.93% indicates a significant loss of specific factual details from the Master Fact Sheet. While some ""Not found"" entries were correctly identified (e.g., trend facts, scientific research citation), many others, particularly detailed compliance and safety facts (e.g., active/inactive ingredients, dosages, warnings), specific toxicity data (e.g., efficiencies, parasitic count reduction), and granular cultural details (e.g., specific location names, local names, full etymology details), were entirely omitted. The article also dropped the ""Internal RAG Fact (Cultural)"" and two ""Source URL (Not found)"" findings without explicitly stating their absence.

    The **Explanation Clarity (Hallucination/Handling)** score of 60.00% reveals a substantial amount of analytical content, interpretations, and strategic recommendations in the Final Article that did not originate directly from the Master Fact Sheet. While the article generally handled ""Not Found"" results appropriately where explicitly mentioned (e.g., `citation_apa: not_found` as ""Scientific Research: Not found""), the inclusion of numerous inferred conclusions and forward-looking statements significantly diluted the factual purity of the content. This suggests a tendency to generate analysis beyond the provided facts, impacting the article's clarity as a direct reflection of the source material."
88.โคคลาน,No-Go,95,70,81,84,"*
Compliance Fact (Food Registration 1): registration_number=10-1-13660-5-0252, product_name=โคคลาน (ผง) / Anamirta cocculus (Powder), company_name=บริษัท โพธิ์ประดิษฐ์สมุนไพร จำกัด, status=สถานะผลิตภัณฑ์(ยกเลิกโดยผู้ประกอบการ 26/10/2561) \ สถานะสถานที่ (คงอยู่ )
Compliance Fact (Food Registration 2): registration_number=10-1-13660-5-0253, product_name=โคคลาน / Anamirta cocculus, company_name=บริษัท โพธิ์ประดิษฐ์สมุนไพร จำกัด, status=สถานะผลิตภัณฑ์(ยกเลิกโดยผู้ประกอบการ 26/10/2561) \ สถานะสถานที่ (คงอยู่ )
Compliance Fact (Herbal Product 1): registration_number=G207/58, product_name=ยาน้ำสมุนไพรผสมโคคลาน / COMPOUND COCLAN MIXTURE, company_name=ทิพย์เกสร เฮิร์บ แอนด์ เฮลท์, status=คงอยู่
Compliance Fact (Herbal Product 2): registration_number=G446/54, product_name=ยาผงบรรเทาอาการปวดเมื่อยผสมเถาโคคลาน / -, company_name=สุทธิรักษ์สมุนไพรไทย, status=ยกเลิก
Compliance Fact (Herbal Product 3): registration_number=G653/64, product_name=ยาบรรเทาอาการปวดเมื่อย ผสมโคคลาน ตรา โคลเวอร์ เฮบ / -, company_name=เภสัชกรรมนครพัฒนา, status=คงอยู่
Compliance Fact (Herbal Product 4): registration_number=G58/64, product_name=ยาน้ำมันนวด ผสมเถาเอ็นอ่อน และเถาโคคลาน ตราศรนารายณ์ / COMPOUND THAO EN ON AND THAO KHO KHLAN LINIMENT SORNNARAI BRAND, company_name=ห้างหุ้นส่วน ศรนารายณ์โอสถ, status=ยกเลิก
Compliance Fact (Herbal Product 5): registration_number=G266/63, product_name=ยาผสมโคคลาน ตราสนารีโอสถ / -, company_name=ร้านทิพย์เจริญโอสถ, status=คงอยู่
Culture Fact (Ethnic Group - Ban Dong Bang): Thai
Culture Fact (Name Etymology - Ban Dong Bang): ""The name ""Ban Dong Bang"" is derived from the Thai words ""dong"" meaning ""swamp"" and ""bang"" meaning ""village."" According to local legend, the village was founded by a group of settlers who discovered a swampy area rich in medicinal herbs. Over time, the community developed a deep understanding of the local flora and its uses.""
Culture Fact (Environment - Ban Dong Bang): ""Ban Dong Bang is situated in a lush, tropical region with an abundance of plant species. The community has developed a strong connection with the natural environment, which is reflected in their traditional practices. The villagers believe in living in harmony with nature and have developed sustainable methods for harvesting and cultivating herbs.""
Culture Fact (Local Wisdom - Ban Dong Bang): ""The community has a rich tradition of passing down knowledge and skills from one generation to the next. Elders in the community play a vital role in sharing their expertise and experiences with younger members, ensuring the continuation of traditional practices.""
Culture Fact (Organization - Ban Dong Bang): ""Ban Dong Bang has established a community-based organization to promote and preserve traditional herbal knowledge. The organization works closely with local authorities and experts to develop sustainable projects and initiatives that benefit the community.""
**Hallucinated Entities (Facts in Article but not Fact Sheet):**
Inference of safety: ""However, the cultural facts and traditional uses of the herb suggest that it has been safely used in traditional medicine for various purposes."" (The cultural facts describe uses, but do not explicitly state safety.)
Recommendation: ""To ensure safety and compliance, it is essential to conduct thorough toxicity and safety assessments, as well as adhere to regulatory requirements and guidelines for herbal products.""
General market trend: ""The increasing demand for natural and holistic approaches to health..."" (This specific market trend was not explicitly stated in the fact sheet.)
Strategic recommendation: ""A strategic recommendation for new product development is to focus on creating products that leverage the anti-inflammatory, antioxidant, and antimicrobial properties of Mallotus repandus, while ensuring safety and compliance with regulatory requirements.""
Recommendation for further research: ""However, further research and development are necessary to ensure the technical feasibility and safety of new products featuring Mallotus repandus.""
General market trend: ""...it is possible to develop innovative and effective products that meet the growing demand for natural and holistic approaches to health."" (Repetition of the market trend from above.)
**Feedback:** The Final Article demonstrates strong adherence to the ""Not Found"" handling requirement, accurately stating when information is unavailable or omitting it appropriately (e.g., for lab facts, safety facts, toxicity facts, and APA citations). This is a significant positive. However, the article exhibits notable data loss, particularly failing to include specific compliance registration details (7 instances) and several rich cultural facts from the Ban Dong Bang community (5 instances). Furthermore, the article introduces several analytical statements, recommendations, and general market inferences that are not directly sourced facts from the Master Fact Sheet, leading to a measurable hallucination score. To achieve perfect integrity, all specific facts, especially critical compliance and detailed cultural information, must be transferred, and any analytical or forward-looking statements should be clearly distinguished from direct facts.","*
Inference of safety: ""However, the cultural facts and traditional uses of the herb suggest that it has been safely used in traditional medicine for various purposes."" (The cultural facts describe uses, but do not explicitly state safety.)
Recommendation: ""To ensure safety and compliance, it is essential to conduct thorough toxicity and safety assessments, as well as adhere to regulatory requirements and guidelines for herbal products.""
General market trend: ""The increasing demand for natural and holistic approaches to health..."" (This specific market trend was not explicitly stated in the fact sheet.)
Strategic recommendation: ""A strategic recommendation for new product development is to focus on creating products that leverage the anti-inflammatory, antioxidant, and antimicrobial properties of Mallotus repandus, while ensuring safety and compliance with regulatory requirements.""
Recommendation for further research: ""However, further research and development are necessary to ensure the technical feasibility and safety of new products featuring Mallotus repandus.""
General market trend: ""...it is possible to develop innovative and effective products that meet the growing demand for natural and holistic approaches to health."" (Repetition of the market trend from above.)
**Feedback:** The Final Article demonstrates strong adherence to the ""Not Found"" handling requirement, accurately stating when information is unavailable or omitting it appropriately (e.g., for lab facts, safety facts, toxicity facts, and APA citations). This is a significant positive. However, the article exhibits notable data loss, particularly failing to include specific compliance registration details (7 instances) and several rich cultural facts from the Ban Dong Bang community (5 instances). Furthermore, the article introduces several analytical statements, recommendations, and general market inferences that are not directly sourced facts from the Master Fact Sheet, leading to a measurable hallucination score. To achieve perfect integrity, all specific facts, especially critical compliance and detailed cultural information, must be transferred, and any analytical or forward-looking statements should be clearly distinguished from direct facts.","**
    *   **Practical Efficacy (Relevance):** The article demonstrates excellent practical efficacy by successfully synthesizing the identified wellness trends for Creeping Mallotus (Mallotus philippensis). The ""Herbal in Wellness Trends"" section accurately captures and integrates the anti-inflammatory, wound healing, detoxification, antioxidant, antimicrobial, skin health, digestive support, and parasite cleansing properties, directly reflecting the input from the `analyze_trends_task`. This makes the content highly relevant to our wellness audience seeking information on traditional herbal uses and their potential benefits.
    *   **Implementation Feasibility (Scalability):** The workflow design to split tasks for gathering Compliance Data (`check_compliance_task`) and Safety Data (`find_safety_data_task`) is fundamentally sound, scalable, and efficient for data collection. This structured approach ensures that specialized information is systematically retrieved. However, the writer agent's utilization of this data in the ""Safety, Regulatory, and Constraints"" section was inconsistent. While the absence of specific safety data was correctly reported from `find_safety_data_task`, the detailed and structured Thai FDA registration information from `check_compliance_task` was largely overlooked. The article makes only generic statements about ""regulatory requirements"" instead of incorporating the specific product registrations, company names, and their 'existing' or 'cancelled' statuses. This failure to integrate crucial compliance data, despite its availability, significantly reduces the overall efficiency and completeness of the final output, indicating a need for improved data synthesis instructions for the writer agent to fully leverage the benefits of the task-splitting workflow.
    *   **Go/No-Go for Publication:** No-Go. While the article is strong in trend synthesis, the significant omission of specific regulatory context from the `check_compliance_task` data is a critical flaw. For a major wellness brand, providing a comprehensive and responsible overview of an herb must include its regulatory status, even if it's to highlight existing registrations or cancellations in relevant markets. The article requires revision to incorporate this vital information before it can be considered ready for publication.","** The Final Article demonstrates strong adherence to the ""Not Found"" handling requirement, accurately stating when information is unavailable or omitting it appropriately (e.g., for lab facts, safety facts, toxicity facts, and APA citations). This is a significant positive. However, the article exhibits notable data loss, particularly failing to include specific compliance registration details (7 instances) and several rich cultural facts from the Ban Dong Bang community (5 instances). Furthermore, the article introduces several analytical statements, recommendations, and general market inferences that are not directly sourced facts from the Master Fact Sheet, leading to a measurable hallucination score. To achieve perfect integrity, all specific facts, especially critical compliance and detailed cultural information, must be transferred, and any analytical or forward-looking statements should be clearly distinguished from direct facts."
89.ดีหมี_,Go,90,95,83,47,"*
Lab Fact (Chromatography - TLC): Not found (was neither mentioned as 'not found' nor omitted, leading to data loss)
Lab Fact (Pharmacological Finding): Clerodanes and other constituents of Cleidion spiciflorum (The article stated these findings were ""lacking,"" directly contradicting the fact sheet which provided this specific finding, thus misrepresenting and dropping the fact).
Toxicity Fact (Summary) - Specific detail: spiciflorin (1a)
Toxicity Fact (Summary) - Specific detail: (Burm. f.) Merr. (Euphorbiaceae)
Toxicity Fact (Summary) - Specific detail: glucoside of anol (2)
Toxicity Fact (Summary) - Specific detail: acetylaleuritolic acid
Culture Fact (Community - Ban Tha Di Mi): Ban Tha Di Mi (Explicit community name was dropped, only the ethnic group was mentioned generally)
Culture Fact (Location - Ban Tha Di Mi): Pak Tom
Culture Fact (Community Highlight - Ban Tha Di Mi): Ban Tha Di Mi is a border village that has received support and development from military units, security agencies, and the 23rd Ranger Regiment. The last development project was around 1999-2002, when the 2nd Army Region supported the construction of a large Buddha image, which is now a tourist attraction in Chiang Kham District, Lampang Province.
Culture Fact (Location - Lanna): Chiang Mai
Culture Fact (Location - Mlabri): Phrae
Culture Fact (Processing - Mlabri): Not found (The article generalized processing for all groups, overriding the specific 'not found' status for Mlabri processing).
**Hallucinated Entities (Facts in Article but not Fact Sheet):**
The article's title contains analytical statements (""Unveiling Traditional Wisdom and Modern Potential"") not directly from the fact sheet.
The statement ""the plant's cultural significance in traditional practices among various ethnic groups in Thailand presents a unique potential for product development."" (specifically ""potential for product development"").
The statement ""This cultural context could be leveraged to create products that respect and incorporate traditional knowledge, potentially appealing to a niche market interested in cultural and sustainable products."" (Multiple inferences/analyses).
The inclusion of ""Euphorbiaceae family"" for Cleidion spiciflorum.
The statement that ""detailed information on...pharmacological findings...is lacking"" (directly contradicts the Fact Sheet's explicit finding).
The statement ""These compounds suggest potential applications in the development of herbal supplements or wellness products.""
The statement ""indicating a need for further research"" in the Scientific Deep-Dive section.
The statement ""This traditional use underscores the potential for developing products that not only leverage the plant's compounds but also respect and celebrate its cultural significance."" (Multiple inferences/analyses).
The generalization of ""The plant is mixed with a little water to create a permanent tattoo"" for Mlabri processing, despite the fact sheet stating ""Processing - Mlabri: Not found.""
The statement ""The absence of detailed safety warnings, dosage limits, and toxicity information implies that caution should be exercised in product development."" (specifically ""implies that caution should be exercised in product development"").
The statement ""Any development should prioritize thorough safety assessments and toxicity studies to ensure consumer safety.""
The statement ""suggesting a need for regulatory clarification and compliance in product development.""
The recommendation ""conducting further research into the safety, efficacy, and optimal extraction methods of its constituents is recommended.""
The recommendation ""Developing products that align with traditional uses, such as skincare or wellness products incorporating spiciflorin and other identified compounds, could offer a unique market opportunity.""
The recommendation ""Engagement with local communities and collaborations with research institutions are crucial for ensuring that product development is respectful, beneficial, and sustainable.""
The conclusion ""Cleidion spiciflorum presents a fascinating case of traditional wisdom meeting modern potential.""
The conclusion ""further research is needed to fully understand its safety profile and the technical feasibility of extracting its compounds for product development.""
The conclusion ""By respecting traditional knowledge and ensuring thorough safety assessments, there is potential for creating innovative, culturally sensitive products in the wellness and herbal supplement industry.""
**Feedback:**
*Data Loss (Robustness):** The article failed to transfer 12 out of 71 critical facts from the Master Fact Sheet. This includes specific chemical details, explicit community names, locations, and cultural highlights. A particularly critical error was misrepresenting a provided ""Pharmacological Finding"" as ""lacking,"" which is a direct contradiction and loss of a key scientific fact. Additionally, a ""Not Found"" status for Mlabri processing was overridden by a generalized statement, indicating a failure to accurately reflect the source.
*Hallucination (Clarity):** The article introduced 30 distinct instances of information not found in the Master Fact Sheet. A substantial portion of the article consists of analysis, inferences, recommendations, and strategic opportunities that were not explicitly stated as facts in the source. While some level of interpretation might be expected in an article, the sheer volume and the presentation of these as integral parts of the subject matter significantly dilute the factual integrity. Factual hallucinations include the addition of the ""Euphorbiaceae family"" and the direct contradiction regarding ""pharmacological findings."" The handling of ""Not Found"" results was mostly accurate, with the exception of the Mlabri processing fact, which contributed to the hallucination score.","*
The article's title contains analytical statements (""Unveiling Traditional Wisdom and Modern Potential"") not directly from the fact sheet.
The statement ""the plant's cultural significance in traditional practices among various ethnic groups in Thailand presents a unique potential for product development."" (specifically ""potential for product development"").
The statement ""This cultural context could be leveraged to create products that respect and incorporate traditional knowledge, potentially appealing to a niche market interested in cultural and sustainable products."" (Multiple inferences/analyses).
The inclusion of ""Euphorbiaceae family"" for Cleidion spiciflorum.
The statement that ""detailed information on...pharmacological findings...is lacking"" (directly contradicts the Fact Sheet's explicit finding).
The statement ""These compounds suggest potential applications in the development of herbal supplements or wellness products.""
The statement ""indicating a need for further research"" in the Scientific Deep-Dive section.
The statement ""This traditional use underscores the potential for developing products that not only leverage the plant's compounds but also respect and celebrate its cultural significance."" (Multiple inferences/analyses).
The generalization of ""The plant is mixed with a little water to create a permanent tattoo"" for Mlabri processing, despite the fact sheet stating ""Processing - Mlabri: Not found.""
The statement ""The absence of detailed safety warnings, dosage limits, and toxicity information implies that caution should be exercised in product development."" (specifically ""implies that caution should be exercised in product development"").
The statement ""Any development should prioritize thorough safety assessments and toxicity studies to ensure consumer safety.""
The statement ""suggesting a need for regulatory clarification and compliance in product development.""
The recommendation ""conducting further research into the safety, efficacy, and optimal extraction methods of its constituents is recommended.""
The recommendation ""Developing products that align with traditional uses, such as skincare or wellness products incorporating spiciflorin and other identified compounds, could offer a unique market opportunity.""
The recommendation ""Engagement with local communities and collaborations with research institutions are crucial for ensuring that product development is respectful, beneficial, and sustainable.""
The conclusion ""Cleidion spiciflorum presents a fascinating case of traditional wisdom meeting modern potential.""
The conclusion ""further research is needed to fully understand its safety profile and the technical feasibility of extracting its compounds for product development.""
The conclusion ""By respecting traditional knowledge and ensuring thorough safety assessments, there is potential for creating innovative, culturally sensitive products in the wellness and herbal supplement industry.""
**Feedback:**
*Data Loss (Robustness):** The article failed to transfer 12 out of 71 critical facts from the Master Fact Sheet. This includes specific chemical details, explicit community names, locations, and cultural highlights. A particularly critical error was misrepresenting a provided ""Pharmacological Finding"" as ""lacking,"" which is a direct contradiction and loss of a key scientific fact. Additionally, a ""Not Found"" status for Mlabri processing was overridden by a generalized statement, indicating a failure to accurately reflect the source.
*Hallucination (Clarity):** The article introduced 30 distinct instances of information not found in the Master Fact Sheet. A substantial portion of the article consists of analysis, inferences, recommendations, and strategic opportunities that were not explicitly stated as facts in the source. While some level of interpretation might be expected in an article, the sheer volume and the presentation of these as integral parts of the subject matter significantly dilute the factual integrity. Factual hallucinations include the addition of the ""Euphorbiaceae family"" and the direct contradiction regarding ""pharmacological findings."" The handling of ""Not Found"" results was mostly accurate, with the exception of the Mlabri processing fact, which contributed to the hallucination score.","** The article effectively synthesizes the available information, even when specific trend, safety, or compliance data for Cleidion spiciflorum was not readily found. For relevance, the content successfully pivots from a lack of direct trend data to highlighting the plant's cultural significance and traditional uses, which aligns with broader wellness trends focused on ethnobotany and cultural heritage. This demonstrates a strong ability to find relevance despite data limitations.

Regarding feasibility, the workflow design proved highly effective. The writer agent transparently reported the *absence* of detailed safety warnings, dosage limits, and compliance facts from the dedicated `check_compliance_task` and `find_safety_data_task`. This not only provides an honest assessment for product development but also showcases the scalability and efficiency of the task-splitting approach. The system successfully identified data gaps, which is crucial for informing future research and ensuring responsible product development. The modular nature of the tasks allows for efficient data gathering and integration, making this workflow highly viable and scalable for future projects. The article is ready for publication, clearly outlining both potential and necessary caution.","**
    The audit reveals significant issues in both data robustness and clarity.
    **Data Loss (Robustness):** The article failed to transfer 12 out of 71 critical facts from the Master Fact Sheet. This includes specific chemical details, explicit community names, locations, and cultural highlights. A particularly critical error was misrepresenting a provided ""Pharmacological Finding"" as ""lacking,"" which is a direct contradiction and loss of a key scientific fact. Additionally, a ""Not Found"" status for Mlabri processing was overridden by a generalized statement, indicating a failure to accurately reflect the source.
    **Hallucination (Clarity):** The article introduced 30 distinct instances of information not found in the Master Fact Sheet. A substantial portion of the article consists of analysis, inferences, recommendations, and strategic opportunities that were not explicitly stated as facts in the source. While some level of interpretation might be expected in an article, the sheer volume and the presentation of these as integral parts of the subject matter significantly dilute the factual integrity. Factual hallucinations include the addition of the ""Euphorbiaceae family"" and the direct contradiction regarding ""pharmacological findings."" The handling of ""Not Found"" results was mostly accurate, with the exception of the Mlabri processing fact, which contributed to the hallucination score.
    Overall, the article requires substantial revision to align with the Master Fact Sheet, focusing on direct factual representation and clearly separating any analytical or speculative content."
90.แฮ่ม,No-Go,90,60,45,55,"*
*Total Facts Retained = 5 (Trend) + 4 (Science) + 0 (Compliance) + 6 (Yong) + 6 (Lue) + 0 (Herbal RAG meta) + 1 (Cultural RAG general) + 8 (URLs) = 30**
Note: I counted the Cultural RAG general statement (""believed to have various health benefits, including aiding digestion and relieving symptoms of certain diseases"") as retained, but the specific details within it as dropped.*
*Total Dropped Entities = 53 - 30 = 23** (This is a more accurate count based on my detailed list above, where I broke down the RAG Cultural fact into specific dropped items. My previous count of 28 was slightly off due to how I grouped things. The list above is 28 items.)
Trend: 5 (all covered)
Science: 4 (all covered)
Compliance: 0 (all 10 dropped)
Culture Yong: 6 (Community, Environment, Local Wisdom, Local Name, Use, Processing, Source URL) -> 6 retained, 6 dropped (Location, Ethnic Group, Community Highlight, Name Etymology, Organization, Source URL is counted separately)
Wait, Source URL is counted separately. So Yong has 5 retained, 6 dropped.
Culture Lue: 5 retained, 6 dropped.
Internal RAG:
Herbal RAG: The meta-info is dropped. The content about Thai traditional medicine is *used* but not *presented as a finding* of the RAG. This is a nuanced loss. I'll count the meta-fact as lost.
Cultural RAG: General benefits are in. Specific benefits are lost. So, 1 partially retained, 8 specific points lost.
Source URLs: 8 (all covered)
*Total Retained Facts = 30.**
*Total Dropped Entities = 53 - 30 = 23.** (This matches the specific list of 28 dropped entities I created earlier if I consider the general RAG Cultural fact as 1 item, and the Herbal RAG meta-info as 1 item.)
*3. Audit Clarity (Hallucination & Handling):**
*Hallucinated Entities (Facts in Article but not Fact Sheet):**
*Total Hallucinated Entities = 20.**
*Check ""Not Found"" Handling:**
*Calculate Explanation Clarity (Hallucination/Handling) Score:**
*Final Review of Scores:**
Collaboration Robustness (Data Loss): (24 retained / 53 total) * 100 = 45.28% -> 45%
Explanation Clarity (Hallucination/Handling): (24 retained facts / (24 retained facts + 20 hallucinated statements)) * 100 = 54.54% -> 55%
**Collaboration Robustness (Data Loss):** 45%
**Explanation Clarity (Hallucination/Handling):** 55%
**Dropped Entities (Facts in Fact Sheet but not Article):**
Compliance Fact (Food Registration 1): registration_number=10-1-00146-1-0157, product_name=แฮมเบอร์เกอร์เนื้อ, company_name=บริษัท อิออน (ไทยแลนด์) จำกัด สาขาประชาอุทิศ, status=สถานะผลิตภัณฑ์(ผู้ประกอบการแจ้งยกเลิกใบอนุญาต 19/8/2568) \ สถานะสถานที่ (ยกเลิกโดยผู้ประกอบการ 19/8/2568)
Compliance Fact (Food Registration 2): registration_number=10-1-00146-1-0173, product_name=แฮมเบอร์เกอร์หมูหมักซอสเทริยากิ, company_name=บริษัท อิออน (ไทยแลนด์) จำกัด สาขาประชาอุทิศ, status=สถานะผลิตภัณฑ์(ผู้ประกอบการแจ้งยกเลิกใบอนุญาต 19/8/2568) \ สถานะสถานที่ (ยกเลิกโดยผู้ประกอบการ 19/8/2568)
Compliance Fact (Food Registration 3): registration_number=10-1-00146-1-0186, product_name=แฮมเบอร์เกอร์ไก่, company_name=บริษัท อิออน (ไทยแลนด์) จำกัด สาขาประชาอุทิศ, status=สถานะผลิตภัณฑ์(ผู้ประกอบการแจ้งยกเลิกใบอนุญาต 19/8/2568) \ สถานะสถานที่ (ยกเลิกโดยผู้ประกอบการ 19/8/2568)
Compliance Fact (Food Registration 4): registration_number=10-1-00146-1-0187, product_name=แฮมเบอร์เกอร์ปลา, company_name=บริษัท อิออน (ไทยแลนด์) จำกัด สาขาประชาอุทิศ, status=สถานะผลิตภัณฑ์(ผู้ประกอบการแจ้งยกเลิกใบอนุญาต 19/8/2568) \ สถานะสถานที่ (ยกเลิกโดยผู้ประกอบการ 19/8/2568)
Compliance Fact (Food Registration 5): registration_number=10-1-00146-1-0188, product_name=แฮมเบอร์เกอร์หมู, company_name=บริษัท อิออน (ไทยแลนด์) จำกัด สาขาประชาอุทิศ, status=สถานะผลิตภัณฑ์(ผู้ประกอบการแจ้งยกเลิกใบอนุญาต 19/8/2568) \ สถานะสถานที่ (ยกเลิกโดยผู้ประกอบการ 19/8/2568)
Compliance Fact (Food Registration 6): registration_number=10-1-00146-1-0194, product_name=แซนด์วิชทูน่า แฮม, company_name=บริษัท อิออน (ไทยแลนด์) จำกัด สาขาประชาอุทิศ, status=สถานะผลิตภัณฑ์(ผู้ประกอบการแจ้งยกเลิกใบอนุญาต 19/8/2568) \ สถานะสถานที่ (ยกเลิกโดยผู้ประกอบการ 19/8/2568)
Compliance Fact (Food Registration 7): registration_number=10-1-00252-1-0393, product_name=เดนิชทรีโอ (แฮม, ไส้กรอก, ปูอัด) (เครื่องหมายการค้าเซเว่นเฟรช), company_name=บริษัท ซีพีแรม จำกัด, status=สถานะผลิตภัณฑ์(คงอยู่)\ สถานะสถานที่ (คงอยู่)
Compliance Fact (Food Registration 8): registration_number=10-1-00252-5-0250, product_name=เดนิชทรีโอ (แฮม,ปูอัด,ไส้กรอก) (เครื่องหมายการค้าเลอแปง) / Trio Danish (Lepan Brand), company_name=บริษัท ซีพีแรม จำกัด, status=สถานะผลิตภัณฑ์(คงอยู่)\ สถานะสถานที่ (คงอยู่)
Compliance Fact (Food Registration 9): registration_number=10-1-00252-5-0270, product_name=ดับเบิ้ลแซนด์วิชกระเป๋า 4 ไส้ (แซลมอน,ปูอัดอลาสก้า,แฮม,ไก่สเปรด) (เครื่องหมายการค้าเลอแปง), company_name=บริษัท ซีพีแรม จำกัด, status=สถานะผลิตภัณฑ์(คงอยู่)\ สถานะสถานที่ (คงอยู่)
Compliance Fact (Food Registration 10): registration_number=10-1-00252-5-0273, product_name=ดับเบิ้ลแซนด์วิชกระเป๋า 4 ไส้ (แซลมอน,ปูอัด,แฮม,ไก่สเปรด) (เครื่องหมายการค้าเลอแปง), company_name=บริษัท ซีพีแรม จำกัด, status=สถานะผลิตภัณฑ์(คงอยู่)\ สถานะสถานที่ (คงอยู่)
Culture Fact (Location - Yong): Lamphun Province
Culture Fact (Ethnic Group - Yong): Tai Lue
Culture Fact (Community Highlight - Yong): The Yong community has a rich cultural heritage, with a strong emphasis on traditional practices and customs. They have a unique history, having migrated from Myanmar to Thailand in the 18th century. Today, they are primarily found in Lamphun Province, with a smaller population in Chiang Mai and Chiang Rai.
Culture Fact (Name Etymology - Yong): The name ""Yong"" is derived from the city of Yong in Shan State, Myanmar. The people of Yong are also known as ""Tai Lue"" or ""Lue"".
Culture Fact (Organization - Yong): The Yong community has a strong sense of social organization, with a complex system of kinship ties and community leaders.
Culture Fact (Location - Lue): Nan Province
Culture Fact (Ethnic Group - Lue): Tai Lue
Culture Fact (Community Highlight - Lue): The Lue community has a rich cultural heritage, with a strong emphasis on traditional practices and customs. They have a unique history, having migrated from Myanmar to Thailand in the 18th century. Today, they are primarily found in Nan Province, with a smaller population in Chiang Mai and Chiang Rai.
Culture Fact (Name Etymology - Lue): The name ""Lue"" is derived from the city of Lue in Shan State, Myanmar. The people of Lue are also known as ""Tai Lue"" or ""Lue"".
Culture Fact (Organization - Lue): The Lue community has a strong sense of social organization, with a complex system of kinship ties and community leaders.
Internal RAG Fact (Herbal) - meta-information: Coscinium fenestratum, also known as แฮ่ม, is not explicitly mentioned in the provided context.
Internal RAG Fact (Cultural) - specific ailments: fever
Internal RAG Fact (Cultural) - specific ailments: rheumatism
Internal RAG Fact (Cultural) - specific ailments: skin diseases
Internal RAG Fact (Cultural) - specific properties: anti-inflammatory properties
Internal RAG Fact (Cultural) - specific uses: treat wounds and injuries
Internal RAG Fact (Cultural) - specific cultural use: balance the body's elements, including earth, water, fire, and air
Internal RAG Fact (Cultural) - specific cultural use: treat imbalances in the body's energy, or ""lumphatic"" system.
**Hallucinated Entities (Facts in Article but not Fact Sheet):**
""indicating a gap in awareness about its potential benefits.""
""suggesting an opportunity to educate the market about this herb.""
""further emphasizes the need for awareness and education.""
""Overall, the lack of information about Yellow Vine on the GWI website presents a chance to introduce this herb to the wellness market and highlight its potential benefits.""
""...which is crucial for developing effective and safe wellness products.""
""This traditional use highlights the cultural significance of the herb in Thai traditional medicine.""
""...demonstrate a strong connection with nature and a holistic approach to health.""
""...reflects a broader cultural heritage, where traditional practices and customs are highly valued.""
""ensuring the safety and compliance of any product derived from this herb is crucial.""
""This involves conducting thorough safety assessments and toxicity studies, as well as complying with food and drug regulations.""
""Therefore, any development of Coscinium fenestratum-based products must prioritize consumer safety and adhere to all relevant regulatory requirements.""
""The lack of information about Yellow Vine on the GWI website presents a market opportunity to create awareness and educate consumers about the potential benefits of Coscinium fenestratum.""
""However, critical constraints such as ensuring safety, conducting toxicity studies, and complying with regulations must be addressed.""
""The strategic recommendation is to develop a berberine-based dietary supplement or herbal remedy, targeting consumers interested in natural wellness products, and to leverage the cultural significance of Coscinium fenestratum in traditional Thai medicine as a unique selling point.""
""...where it is valued for its potential health benefits.""
""Overall, Coscinium fenestratum is a versatile herb with potential health benefits, and its cultural significance in traditional Thai medicine makes it an interesting subject for further study and product development.""
""Coscinium fenestratum, or Yellow Vine, presents an opportunity for introduction to the wellness market due to its potential benefits and cultural significance in traditional Thai medicine.""
""By leveraging scientific research, traditional wisdom, and strategic planning, a berberine-based product derived from Coscinium fenestratum can be developed to appeal to consumers seeking natural and effective health solutions.""
""Ensuring the safety, quality, and regulatory compliance of such a product is crucial for its success and the well-being of consumers.""
""As the wellness market continues to grow, Coscinium fenestratum stands out as a unique and culturally rooted herb that can contribute to the diversity of natural wellness products available to consumers.""
**Feedback:**","*
*Total Hallucinated Entities = 20.**
*Check ""Not Found"" Handling:**
*Calculate Explanation Clarity (Hallucination/Handling) Score:**
*Final Review of Scores:**
Collaboration Robustness (Data Loss): (24 retained / 53 total) * 100 = 45.28% -> 45%
Explanation Clarity (Hallucination/Handling): (24 retained facts / (24 retained facts + 20 hallucinated statements)) * 100 = 54.54% -> 55%
**Collaboration Robustness (Data Loss):** 45%
**Explanation Clarity (Hallucination/Handling):** 55%
**Dropped Entities (Facts in Fact Sheet but not Article):**
Compliance Fact (Food Registration 1): registration_number=10-1-00146-1-0157, product_name=แฮมเบอร์เกอร์เนื้อ, company_name=บริษัท อิออน (ไทยแลนด์) จำกัด สาขาประชาอุทิศ, status=สถานะผลิตภัณฑ์(ผู้ประกอบการแจ้งยกเลิกใบอนุญาต 19/8/2568) \ สถานะสถานที่ (ยกเลิกโดยผู้ประกอบการ 19/8/2568)
Compliance Fact (Food Registration 2): registration_number=10-1-00146-1-0173, product_name=แฮมเบอร์เกอร์หมูหมักซอสเทริยากิ, company_name=บริษัท อิออน (ไทยแลนด์) จำกัด สาขาประชาอุทิศ, status=สถานะผลิตภัณฑ์(ผู้ประกอบการแจ้งยกเลิกใบอนุญาต 19/8/2568) \ สถานะสถานที่ (ยกเลิกโดยผู้ประกอบการ 19/8/2568)
Compliance Fact (Food Registration 3): registration_number=10-1-00146-1-0186, product_name=แฮมเบอร์เกอร์ไก่, company_name=บริษัท อิออน (ไทยแลนด์) จำกัด สาขาประชาอุทิศ, status=สถานะผลิตภัณฑ์(ผู้ประกอบการแจ้งยกเลิกใบอนุญาต 19/8/2568) \ สถานะสถานที่ (ยกเลิกโดยผู้ประกอบการ 19/8/2568)
Compliance Fact (Food Registration 4): registration_number=10-1-00146-1-0187, product_name=แฮมเบอร์เกอร์ปลา, company_name=บริษัท อิออน (ไทยแลนด์) จำกัด สาขาประชาอุทิศ, status=สถานะผลิตภัณฑ์(ผู้ประกอบการแจ้งยกเลิกใบอนุญาต 19/8/2568) \ สถานะสถานที่ (ยกเลิกโดยผู้ประกอบการ 19/8/2568)
Compliance Fact (Food Registration 5): registration_number=10-1-00146-1-0188, product_name=แฮมเบอร์เกอร์หมู, company_name=บริษัท อิออน (ไทยแลนด์) จำกัด สาขาประชาอุทิศ, status=สถานะผลิตภัณฑ์(ผู้ประกอบการแจ้งยกเลิกใบอนุญาต 19/8/2568) \ สถานะสถานที่ (ยกเลิกโดยผู้ประกอบการ 19/8/2568)
Compliance Fact (Food Registration 6): registration_number=10-1-00146-1-0194, product_name=แซนด์วิชทูน่า แฮม, company_name=บริษัท อิออน (ไทยแลนด์) จำกัด สาขาประชาอุทิศ, status=สถานะผลิตภัณฑ์(ผู้ประกอบการแจ้งยกเลิกใบอนุญาต 19/8/2568) \ สถานะสถานที่ (ยกเลิกโดยผู้ประกอบการ 19/8/2568)
Compliance Fact (Food Registration 7): registration_number=10-1-00252-1-0393, product_name=เดนิชทรีโอ (แฮม, ไส้กรอก, ปูอัด) (เครื่องหมายการค้าเซเว่นเฟรช), company_name=บริษัท ซีพีแรม จำกัด, status=สถานะผลิตภัณฑ์(คงอยู่)\ สถานะสถานที่ (คงอยู่)
Compliance Fact (Food Registration 8): registration_number=10-1-00252-5-0250, product_name=เดนิชทรีโอ (แฮม,ปูอัด,ไส้กรอก) (เครื่องหมายการค้าเลอแปง) / Trio Danish (Lepan Brand), company_name=บริษัท ซีพีแรม จำกัด, status=สถานะผลิตภัณฑ์(คงอยู่)\ สถานะสถานที่ (คงอยู่)
Compliance Fact (Food Registration 9): registration_number=10-1-00252-5-0270, product_name=ดับเบิ้ลแซนด์วิชกระเป๋า 4 ไส้ (แซลมอน,ปูอัดอลาสก้า,แฮม,ไก่สเปรด) (เครื่องหมายการค้าเลอแปง), company_name=บริษัท ซีพีแรม จำกัด, status=สถานะผลิตภัณฑ์(คงอยู่)\ สถานะสถานที่ (คงอยู่)
Compliance Fact (Food Registration 10): registration_number=10-1-00252-5-0273, product_name=ดับเบิ้ลแซนด์วิชกระเป๋า 4 ไส้ (แซลมอน,ปูอัด,แฮม,ไก่สเปรด) (เครื่องหมายการค้าเลอแปง), company_name=บริษัท ซีพีแรม จำกัด, status=สถานะผลิตภัณฑ์(คงอยู่)\ สถานะสถานที่ (คงอยู่)
Culture Fact (Location - Yong): Lamphun Province
Culture Fact (Ethnic Group - Yong): Tai Lue
Culture Fact (Community Highlight - Yong): The Yong community has a rich cultural heritage, with a strong emphasis on traditional practices and customs. They have a unique history, having migrated from Myanmar to Thailand in the 18th century. Today, they are primarily found in Lamphun Province, with a smaller population in Chiang Mai and Chiang Rai.
Culture Fact (Name Etymology - Yong): The name ""Yong"" is derived from the city of Yong in Shan State, Myanmar. The people of Yong are also known as ""Tai Lue"" or ""Lue"".
Culture Fact (Organization - Yong): The Yong community has a strong sense of social organization, with a complex system of kinship ties and community leaders.
Culture Fact (Location - Lue): Nan Province
Culture Fact (Ethnic Group - Lue): Tai Lue
Culture Fact (Community Highlight - Lue): The Lue community has a rich cultural heritage, with a strong emphasis on traditional practices and customs. They have a unique history, having migrated from Myanmar to Thailand in the 18th century. Today, they are primarily found in Nan Province, with a smaller population in Chiang Mai and Chiang Rai.
Culture Fact (Name Etymology - Lue): The name ""Lue"" is derived from the city of Lue in Shan State, Myanmar. The people of Lue are also known as ""Tai Lue"" or ""Lue"".
Culture Fact (Organization - Lue): The Lue community has a strong sense of social organization, with a complex system of kinship ties and community leaders.
Internal RAG Fact (Herbal) - meta-information: Coscinium fenestratum, also known as แฮ่ม, is not explicitly mentioned in the provided context.
Internal RAG Fact (Cultural) - specific ailments: fever
Internal RAG Fact (Cultural) - specific ailments: rheumatism
Internal RAG Fact (Cultural) - specific ailments: skin diseases
Internal RAG Fact (Cultural) - specific properties: anti-inflammatory properties
Internal RAG Fact (Cultural) - specific uses: treat wounds and injuries
Internal RAG Fact (Cultural) - specific cultural use: balance the body's elements, including earth, water, fire, and air
Internal RAG Fact (Cultural) - specific cultural use: treat imbalances in the body's energy, or ""lumphatic"" system.
**Hallucinated Entities (Facts in Article but not Fact Sheet):**
""indicating a gap in awareness about its potential benefits.""
""suggesting an opportunity to educate the market about this herb.""
""further emphasizes the need for awareness and education.""
""Overall, the lack of information about Yellow Vine on the GWI website presents a chance to introduce this herb to the wellness market and highlight its potential benefits.""
""...which is crucial for developing effective and safe wellness products.""
""This traditional use highlights the cultural significance of the herb in Thai traditional medicine.""
""...demonstrate a strong connection with nature and a holistic approach to health.""
""...reflects a broader cultural heritage, where traditional practices and customs are highly valued.""
""ensuring the safety and compliance of any product derived from this herb is crucial.""
""This involves conducting thorough safety assessments and toxicity studies, as well as complying with food and drug regulations.""
""Therefore, any development of Coscinium fenestratum-based products must prioritize consumer safety and adhere to all relevant regulatory requirements.""
""The lack of information about Yellow Vine on the GWI website presents a market opportunity to create awareness and educate consumers about the potential benefits of Coscinium fenestratum.""
""However, critical constraints such as ensuring safety, conducting toxicity studies, and complying with regulations must be addressed.""
""The strategic recommendation is to develop a berberine-based dietary supplement or herbal remedy, targeting consumers interested in natural wellness products, and to leverage the cultural significance of Coscinium fenestratum in traditional Thai medicine as a unique selling point.""
""...where it is valued for its potential health benefits.""
""Overall, Coscinium fenestratum is a versatile herb with potential health benefits, and its cultural significance in traditional Thai medicine makes it an interesting subject for further study and product development.""
""Coscinium fenestratum, or Yellow Vine, presents an opportunity for introduction to the wellness market due to its potential benefits and cultural significance in traditional Thai medicine.""
""By leveraging scientific research, traditional wisdom, and strategic planning, a berberine-based product derived from Coscinium fenestratum can be developed to appeal to consumers seeking natural and effective health solutions.""
""Ensuring the safety, quality, and regulatory compliance of such a product is crucial for its success and the well-being of consumers.""
""As the wellness market continues to grow, Coscinium fenestratum stands out as a unique and culturally rooted herb that can contribute to the diversity of natural wellness products available to consumers.""
**Feedback:**","** The article demonstrates strong practical efficacy by accurately synthesizing the ""trends data"" – which, in this case, was the *absence* of information about Yellow Vine (Coscinium fenestratum) on the Global Wellness Institute website. The article skillfully frames this lack of awareness as a strategic market opportunity, making the content highly relevant for a wellness brand looking to introduce new concepts.

However, the implementation feasibility is significantly hampered by the quality of the compliance data and its subsequent use in the article. While the workflow design of splitting tasks for compliance and safety data gathering is conceptually scalable and efficient, the `check_compliance_task` provided highly irrelevant data (Thai FDA food registrations for general food items like hamburgers and sandwiches, not for Coscinium fenestratum or products containing it). The writer agent incorporated a general statement about ""food registration facts"" into the ""Safety, Regulatory, and Constraints"" section. Although the statement itself is generic, its placement within a section discussing Coscinium fenestratum misleadingly implies that these specific registrations are relevant to the herb. This critical flaw in data relevance from the `check_compliance_task`, and the article's failure to address it, makes the content potentially inaccurate and misleading for our audience. Publishing such content could lead to significant reputational and regulatory issues for the brand.

Therefore, despite the strong relevance in identifying a market gap, the article cannot be published until the compliance data is corrected and accurately reflected, ensuring consumer safety and regulatory integrity. The `check_compliance_task` needs refinement to ensure it provides data directly relevant to the specified herb.","**
    The audit reveals significant data integrity issues. For **Data Loss**, the article failed to transfer critical specific compliance data (all 10 food registration facts) and numerous detailed cultural facts, instead opting for generalized summaries. The crucial meta-information from the Herbal RAG fact, indicating that Coscinium fenestratum was *not explicitly mentioned* in its source context, was also lost. This represents a substantial omission of specific, verifiable details from the Master Fact Sheet.
    For **Hallucination**, the article introduces a considerable amount of interpretive language, recommendations, and speculative statements that are not directly present or strictly inferable from the raw facts provided in the Master Fact Sheet. While such elements can be part of article writing, under a zero-tolerance audit for facts *not* found in the source, these are classified as hallucinations. The handling of ""not found"" results was also poor, as the article did not convey the nuance of the RAG finding that C. fenestratum was not explicitly mentioned, thus presenting information as directly sourced when it was not."
91.ดอกโสน,Go,90,95,70,92,"*
Culture Fact (Location - Klong Pho Community): Sam Ruean Subdistrict, Bang Pa-in District, Ayutthaya Province
Culture Fact (Ethnic Group - Klong Pho Community): Local Thai
Culture Fact (Community Highlight - Klong Pho Community): The Klong Pho community is known for its traditional way of life, with a strong emphasis on agriculture and water-based transportation. The community is surrounded by natural canals and waterways, making it an ideal location for farming and fishing.
Culture Fact (Name Etymology - Klong Pho Community): The name ""Klong Pho"" is derived from the Thai word for ""canal,"" which reflects the community's reliance on water-based transportation and agriculture.
Culture Fact (Environment - Klong Pho Community): The community is situated in a low-lying area with a high water table, making it prone to flooding during the rainy season. However, this also makes it an ideal location for farming and fishing.
Culture Fact (Local Wisdom - Klong Pho Community): The community has a rich tradition of folk wisdom, with many residents possessing knowledge of traditional medicine, agriculture, and craftsmanship.
Culture Fact (Organization - Klong Pho Community): The community has several organizations that promote traditional culture and way of life, including the Klong Pho Community Development Center.
Culture Fact (Use - Klong Pho Community): Dok Khao is used as an ingredient in traditional desserts.
Culture Fact (Processing - Klong Pho Community): Dok Khao is used in traditional cooking methods such as steaming and boiling.
Culture Fact (Location - Tai Beung Community): Khok Salung Subdistrict, Phatthana Nikhom District, Lopburi Province
Culture Fact (Ethnic Group - Tai Beung Community): Tai Beung
Culture Fact (Community Highlight - Tai Beung Community): The Tai Beung community is known for its traditional way of life, with a strong emphasis on agriculture and water-based transportation. The community is surrounded by natural canals and waterways, making it an ideal location for farming and fishing.
Culture Fact (Name Etymology - Tai Beung Community): The name ""Tai Beung"" is derived from the Tai language, which reflects the community's cultural heritage.
Culture Fact (Environment - Tai Beung Community): The community is situated in a low-lying area with a high water table, making it prone to flooding during the rainy season. However, this also makes it an ideal location for farming and fishing.
Culture Fact (Local Wisdom - Tai Beung Community): The community has a rich tradition of folk wisdom, with many residents possessing knowledge of traditional medicine, agriculture, and craftsmanship.
Culture Fact (Organization - Tai Beung Community): The community has several organizations that promote traditional culture and way of life, including the Tai Beung Community Development Center.
Culture Fact (Use - Tai Beung Community): Dok Khao is used as an ingredient in traditional desserts.
Culture Fact (Processing - Tai Beung Community): Dok Khao is used in traditional cooking methods such as steaming and boiling.
**Hallucinated Entities (Facts in Article but not Fact Sheet):**
The inference that the toxic saponin in Sesbania seeds ""may also pose a risk to human health"" (without direct support from the fact sheet for human risk).
The statement: ""The market opportunity for Sesbania-based products is promising, particularly in the traditional medicine and herbal supplement industries.""
The statement: ""By leveraging the cultural significance and traditional uses of Sesbania, manufacturers can develop products that meet the needs of consumers and regulatory agencies.""
**Feedback:** The article successfully transferred all core trend facts, handled all ""Not Found"" and ""None Found"" science, compliance, safety, and toxicity facts appropriately, and accurately reproduced the Internal RAG Cultural fact and all source URLs. However, a significant amount of specific cultural details for both the Klong Pho and Tai Beung communities were dropped, leading to a 70% robustness score. The clarity score of 92% reflects generally accurate information and good handling of missing data, but is slightly reduced by a few instances of hallucination, primarily concerning market opportunities and an unsubstantiated inference about human health risk.","*
The inference that the toxic saponin in Sesbania seeds ""may also pose a risk to human health"" (without direct support from the fact sheet for human risk).
The statement: ""The market opportunity for Sesbania-based products is promising, particularly in the traditional medicine and herbal supplement industries.""
The statement: ""By leveraging the cultural significance and traditional uses of Sesbania, manufacturers can develop products that meet the needs of consumers and regulatory agencies.""
**Feedback:** The article successfully transferred all core trend facts, handled all ""Not Found"" and ""None Found"" science, compliance, safety, and toxicity facts appropriately, and accurately reproduced the Internal RAG Cultural fact and all source URLs. However, a significant amount of specific cultural details for both the Klong Pho and Tai Beung communities were dropped, leading to a 70% robustness score. The clarity score of 92% reflects generally accurate information and good handling of missing data, but is slightly reduced by a few instances of hallucination, primarily concerning market opportunities and an unsubstantiated inference about human health risk.","** The article successfully synthesizes the provided trends data, accurately capturing both the traditional uses and, critically, the repeated warnings about the plant's toxicity. It reflects the nuances and limitations of the input data, which is crucial for maintaining brand integrity and user safety. The ""Herbal in Wellness Trends"" section directly pulls information from the trend facts, including the botanical description and the saponin toxicity.

Regarding feasibility, the writer agent effectively utilized the structured data from the `check_compliance_task` and `find_safety_data_task`. The ""Safety, Regulatory, and Constraints"" section explicitly mentions the ""lack of specific safety facts, toxicity facts, and compliance facts,"" directly referencing the outputs of those tasks. This modular approach, where specialized agents gather specific data types (trends, compliance, safety) and feed them to a writing agent, is highly scalable and efficient. It ensures that critical information, even the *absence* of information, is systematically identified and incorporated into the final content. This workflow is well-designed for a major wellness brand, allowing for consistent and thorough content creation while managing complex data sets. The article is ready for publication as it accurately reflects the current state of knowledge and regulatory landscape for Sesbania based on the provided data.","** The article successfully transferred all core trend facts, handled all ""Not Found"" and ""None Found"" science, compliance, safety, and toxicity facts appropriately, and accurately reproduced the Internal RAG Cultural fact and all source URLs. However, a significant amount of specific cultural details for both the Klong Pho and Tai Beung communities were dropped, leading to a 70% robustness score. The clarity score of 92% reflects generally accurate information and good handling of missing data, but is slightly reduced by a few instances of hallucination, primarily concerning market opportunities and an unsubstantiated inference about human health risk."
92.ลูกเนียง,No-Go,60,90,37,52,"*
All 5 specific Compliance Fact (Food Registration) entries, including registration numbers, product names, company names, and statuses (e.g., `registration_number=13-2-05460-6-0012, product_name=ลูกเนียงดอง / PICKLED LUK NIENG, company_name=บริษัท มากาดู คอร์ปอเรชั่น จำกัด, status=สถานะผลิตภัณฑ์(คงอยู่)\ สถานะสถานที่ (คงอยู่)`). The article only made a general reference to ""registration of ลูกเนียงดอง (Pickled Luk Nieng) products by several companies.""
Compliance Fact (Safety Dosage): The specific finding ""Not found"".
Compliance Fact (Safety Warning): The specific finding ""Not found"".
Safety Fact (Active Ingredient): The specific finding ""Not found"".
Safety Fact (Ingredient Purpose): The specific finding ""Not found"".
Safety Fact (Uses): The specific finding ""Not found"".
Safety Fact (Warnings): The specific finding ""Not found"".
Safety Fact (Directions): The specific finding ""Not found"".
Safety Fact (Other Info): The specific finding ""Not found"".
Safety Fact (Inactive Ingredients): The specific finding ""Not found"".
Safety Fact (Questions): The specific finding ""Not found"".
Toxicity Fact (Side Effects): Detailed information regarding several published cases, large case series, latency to onset, pattern of serum enzyme elevations, clinical presentation, immunoallergic features, autoantibodies, liver biopsy findings, typical course, fatality rate, and recurrence upon re-exposure.
Toxicity Fact (Case Reports): The full ""Case 1. Recurrent hepatitis due to Shou Wu Pian"" report.
Culture Fact (Community - Sakai): Specific details such as ethnic_group (Mani), name_etymology, detailed community_environment (nomadic, forests/mountains), local_wisdom specifics, community_organizations, and traditional processing_method (drying and grinding).
Culture Fact (Community - Thai): Specific details such as ethnic_group (Thai), community_highlight (rich tradition of herbal medicine), name_etymology, detailed community_environment (coastal, specific provinces), local_wisdom specifics, and community_organizations.
Culture Fact (Community - Mon): Specific details such as ethnic_group (Mon), community_highlight (rich tradition of herbal medicine), name_etymology, detailed community_environment (coastal, specific provinces), local_wisdom specifics, community_organizations, and traditional processing_method (boiling and steaming).
Internal RAG Fact (Cultural): The specific finding ""No relevant information about ลูกเนียง was found in the provided cultural context.""
Source URL (Trend): The specific finding ""Not found"" for the URL.
**Hallucinated Entities (Facts in Article but not Fact Sheet):**
The inference that ลูกเนียง's cultural presence ""suggests a potential interest in products related to this herb.""
The inference that food registrations ""indicates some level of commercial interest, highlighting the herb's potential as a basis for developing wellness products.""
Characterizing Polygonum multiflorum as ""another herb"" (while true, not an explicit fact from MFS in that context).
The interpretive statement that discussion of P. multiflorum ""serves as a reminder of the importance of thorough scientific research into any herbal product's safety and efficacy.""
The interpretive statement that toxicity facts ""highlight the importance of considering safety and toxicity in herbal product development.""
The interpretive statement that mechanism/reports of liver injury ""serve as a caution for the development of products from any herbal source.""
The recommendation: ""For ลูกเนียง, it is crucial to investigate its safety profile, including potential toxicity and side effects, to ensure that any product developed is safe for consumption.""
The recommendation: ""Given the lack of direct information on ลูกเนียง's toxicity, thorough scientific investigation would be necessary.""
The entire section on ""Strategic Analysis and Product Opportunities"" detailing ""several key steps: research and development... safety and toxicity assessment, market analysis, product development, regulatory compliance, and education and marketing.""
The inference that ""cultural significance and traditional use of ลูกเนียง suggest a potential market opportunity.""
The inference that ""The technical feasibility is influenced by the need for basic research into ลูกเนียง's properties and safe extraction methods.""
The generic statement: ""Critical constraints include ensuring the product's safety and compliance with regulatory standards.""
The inference that ลูกเนียง's benefits and uses ""could be further explored for modern wellness products.""
The inference that limited direct information ""emphasizing the need for further research into its properties and potential applications.""
The conclusion: ""ลูกเนียง (Archidendron pauciflorum) presents an interesting case for the development of traditional herb-based wellness products.""
The inference that cultural significance and traditional use ""highlight its potential.""
The recommendation: ""A strategic approach to product development, focusing on research, safety, regulatory compliance, and market analysis, is necessary to capitalize on this potential while ensuring consumer safety and product efficacy.""
**Feedback:**","* 18 of these claims were either inferences, recommendations, or generic statements not directly present in the MFS.
`citation_apa: Not found` was perfectly handled by stating ""[1] Not found"" in the References.
`Source URL (Trend): Not found` was omitted, which is acceptable per the instruction ""or omits the reference"".
The 10 specific ""Not found"" safety/compliance facts were *generalized* into a single statement about limited information, which, while true, constitutes a loss of specificity and clarity regarding the *exact* missing data points. This affects clarity but is not a hallucination.
*Score Calculations:**
**Collaboration Robustness (Data Loss):** (Number of facts transferred / Total facts in Fact Sheet) * 100
(13 / 35) * 100 = 37.14%
**Explanation Clarity (Hallucination/Handling):** (1 - (Number of hallucinated claims / Total claims in Article)) * 100
(1 - (18 / 38)) * 100 = (1 - 0.47368) * 100 = 52.63%
**Collaboration Robustness (Data Loss):** 37.14%
**Explanation Clarity (Hallucination/Handling):** 52.63%
**Dropped Entities (Facts in Fact Sheet but not Article):**
All 5 specific Compliance Fact (Food Registration) entries, including registration numbers, product names, company names, and statuses (e.g., `registration_number=13-2-05460-6-0012, product_name=ลูกเนียงดอง / PICKLED LUK NIENG, company_name=บริษัท มากาดู คอร์ปอเรชั่น จำกัด, status=สถานะผลิตภัณฑ์(คงอยู่)\ สถานะสถานที่ (คงอยู่)`). The article only made a general reference to ""registration of ลูกเนียงดอง (Pickled Luk Nieng) products by several companies.""
Compliance Fact (Safety Dosage): The specific finding ""Not found"".
Compliance Fact (Safety Warning): The specific finding ""Not found"".
Safety Fact (Active Ingredient): The specific finding ""Not found"".
Safety Fact (Ingredient Purpose): The specific finding ""Not found"".
Safety Fact (Uses): The specific finding ""Not found"".
Safety Fact (Warnings): The specific finding ""Not found"".
Safety Fact (Directions): The specific finding ""Not found"".
Safety Fact (Other Info): The specific finding ""Not found"".
Safety Fact (Inactive Ingredients): The specific finding ""Not found"".
Safety Fact (Questions): The specific finding ""Not found"".
Toxicity Fact (Side Effects): Detailed information regarding several published cases, large case series, latency to onset, pattern of serum enzyme elevations, clinical presentation, immunoallergic features, autoantibodies, liver biopsy findings, typical course, fatality rate, and recurrence upon re-exposure.
Toxicity Fact (Case Reports): The full ""Case 1. Recurrent hepatitis due to Shou Wu Pian"" report.
Culture Fact (Community - Sakai): Specific details such as ethnic_group (Mani), name_etymology, detailed community_environment (nomadic, forests/mountains), local_wisdom specifics, community_organizations, and traditional processing_method (drying and grinding).
Culture Fact (Community - Thai): Specific details such as ethnic_group (Thai), community_highlight (rich tradition of herbal medicine), name_etymology, detailed community_environment (coastal, specific provinces), local_wisdom specifics, and community_organizations.
Culture Fact (Community - Mon): Specific details such as ethnic_group (Mon), community_highlight (rich tradition of herbal medicine), name_etymology, detailed community_environment (coastal, specific provinces), local_wisdom specifics, community_organizations, and traditional processing_method (boiling and steaming).
Internal RAG Fact (Cultural): The specific finding ""No relevant information about ลูกเนียง was found in the provided cultural context.""
Source URL (Trend): The specific finding ""Not found"" for the URL.
**Hallucinated Entities (Facts in Article but not Fact Sheet):**
The inference that ลูกเนียง's cultural presence ""suggests a potential interest in products related to this herb.""
The inference that food registrations ""indicates some level of commercial interest, highlighting the herb's potential as a basis for developing wellness products.""
Characterizing Polygonum multiflorum as ""another herb"" (while true, not an explicit fact from MFS in that context).
The interpretive statement that discussion of P. multiflorum ""serves as a reminder of the importance of thorough scientific research into any herbal product's safety and efficacy.""
The interpretive statement that toxicity facts ""highlight the importance of considering safety and toxicity in herbal product development.""
The interpretive statement that mechanism/reports of liver injury ""serve as a caution for the development of products from any herbal source.""
The recommendation: ""For ลูกเนียง, it is crucial to investigate its safety profile, including potential toxicity and side effects, to ensure that any product developed is safe for consumption.""
The recommendation: ""Given the lack of direct information on ลูกเนียง's toxicity, thorough scientific investigation would be necessary.""
The entire section on ""Strategic Analysis and Product Opportunities"" detailing ""several key steps: research and development... safety and toxicity assessment, market analysis, product development, regulatory compliance, and education and marketing.""
The inference that ""cultural significance and traditional use of ลูกเนียง suggest a potential market opportunity.""
The inference that ""The technical feasibility is influenced by the need for basic research into ลูกเนียง's properties and safe extraction methods.""
The generic statement: ""Critical constraints include ensuring the product's safety and compliance with regulatory standards.""
The inference that ลูกเนียง's benefits and uses ""could be further explored for modern wellness products.""
The inference that limited direct information ""emphasizing the need for further research into its properties and potential applications.""
The conclusion: ""ลูกเนียง (Archidendron pauciflorum) presents an interesting case for the development of traditional herb-based wellness products.""
The inference that cultural significance and traditional use ""highlight its potential.""
The recommendation: ""A strategic approach to product development, focusing on research, safety, regulatory compliance, and market analysis, is necessary to capitalize on this potential while ensuring consumer safety and product efficacy.""
**Feedback:**","**
    *   **Practical Efficacy (Relevance):** The article accurately identifies and states the lack of specific trend data for Archidendron pauciflorum (""ลูกเนียง""). It makes a reasonable attempt to infer relevance from its traditional use and existing food product registrations. However, for a major wellness brand, an article centered on ""Herbal in Wellness Trends"" needs to strongly synthesize *identified* and *actionable* trends. The absence of specific trend facts for this herb makes the ""Herbal in Wellness Trends"" section weak and largely speculative, diminishing its overall relevance and impact for our target audience seeking trend-driven insights. While the content isn't irrelevant, it doesn't effectively deliver on the promise of synthesizing wellness trends for this specific herb.
    *   **Implementation Feasibility (Scalability):** The workflow design, particularly the split of tasks for gathering compliance and safety data, is highly scalable and efficient. The writer agent successfully utilized the safety data (via the Polygonum multiflorum example) to draw crucial cautionary conclusions about the importance of safety research for any herbal product. While the specific details from the Thai FDA compliance data (registration numbers, product names, etc.) were not fully integrated into the ""Safety, Regulatory, and Constraints"" section to outline the herb's current regulatory status as a food item, the data was clearly available and its existence was acknowledged in the article to infer commercial interest. This demonstrates that the structured data from the `check_compliance_task` and `find_safety_data_task` was successfully passed to the writer agent, and largely used, proving the feasibility and scalability of this task-splitting approach.
    *   **Go/No-Go for Publication:** The article is a well-structured research summary that highlights both the potential and the significant data gaps for Archidendron pauciflorum. However, for a major wellness brand's public-facing content, it falls short of being ""Ready for Publication."" The lack of specific trend data for the herb, as acknowledged in the article, makes it difficult to position ลูกเนียง as a compelling, trend-aligned product opportunity. While the transparency about data limitations is commendable, the article currently serves better as an internal research brief to guide further investigation rather than a definitive piece for consumer engagement or product promotion. Further research into specific wellness trends related to this herb, or a re-framing of the article's angle, would be necessary before publication.","**
    The Final Article suffers from significant data loss, particularly regarding specific compliance data (food registrations and explicit ""not found"" safety facts) and detailed scientific/toxicity information (side effects, case reports). Many cultural sub-details were also omitted. This significantly impacts the Collaboration Robustness score.
    The Explanation Clarity is hampered by a high number of inferences, recommendations, and generic strategic advice that are not directly supported by the Master Fact Sheet, leading to a substantial hallucination rate. While the `citation_apa: Not found` was handled perfectly, and the `Source URL (Trend): Not found` was acceptably omitted, the generalization of 10 specific ""Not found"" safety/compliance facts into a single, less detailed statement about ""limited information"" reduces the clarity and specificity of the audit findings. The article frequently shifts from factual reporting to speculative analysis and recommendations without explicit grounding in the provided facts, indicating a lack of adherence to the Master Fact Sheet as the *only* source of truth."
93.สะตอ,No-Go,90,60,68,97,"*
Trend Fact: The nuance that Bitter Bean is *not explicitly mentioned* in the context of wellness policies that help older populations stay active.
Trend Fact: The nuance that Bitter Bean is *not explicitly mentioned* in the context of geothermal hot springs sanitation practices.
Compliance Fact (Food Registrations): All 10 specific registration details, including registration numbers, product names, company names, and statuses. For example, `registration_number=10-1-02358-1-0437`, `product_name=สะตอแกะ ตัดแต่ง`, `company_name=บริษัท ซีพี แอ็กซ์ตร้า จำกัด (มหาชน) สาขา กัลปพฤกษ์`, `status=สถานะผลิตภัณฑ์(คงอยู่)\ สถานะสถานที่ (คงอยู่)`, and the nine other similar detailed entries were omitted.
Culture Fact (Location - Thai Community): Northern Region.
**Hallucinated Entities (Facts in Article but not Fact Sheet):**
The claim that ""The growing interest in wellness policies that help older populations stay active and the importance of proper sanitation practices in geothermal hot springs also present opportunities for Parkia speciosa-based products."" (The Master Fact Sheet explicitly states that Bitter Bean is *not explicitly mentioned* in these contexts, making the direct assertion of ""opportunities"" a hallucination).
**Feedback:**","*
The claim that ""The growing interest in wellness policies that help older populations stay active and the importance of proper sanitation practices in geothermal hot springs also present opportunities for Parkia speciosa-based products."" (The Master Fact Sheet explicitly states that Bitter Bean is *not explicitly mentioned* in these contexts, making the direct assertion of ""opportunities"" a hallucination).
**Feedback:**","**
    **Practical Efficacy (Relevance):** The article effectively synthesizes the identified trends. It successfully integrates the positive trend regarding Bitter Bean's role in Asian traditions of wellness. Furthermore, it creatively reframes the ""not explicitly mentioned"" trends (wellness policies for older populations, geothermal hot springs sanitation) into strategic opportunities for Parkia speciosa-based products. This demonstrates a strong effort to make the content relevant and forward-looking for our wellness audience, even with limited direct trend data for certain aspects.

    **Implementation Feasibility (Scalability):** The workflow for gathering and utilizing compliance data was highly effective; the structured Thai FDA registrations were seamlessly integrated into the article. However, the workflow for safety data exhibits a critical gap. The `find_safety_data_task` explicitly reported ""Not found"" for active ingredients, uses, and warnings from a Drug Facts Label. Yet, the final article presents significant safety warnings, including lack of toxicity studies, case reports of liver injury, and various side effects (nausea, dermatitis, etc.). This crucial safety information was not provided by the designated `find_safety_data_task`. This indicates that either the writer agent performed additional, unmandated research, or the `find_safety_data_task` is fundamentally insufficient in providing comprehensive safety data. For a wellness brand, consistent and rigorously sourced safety information is paramount. This discrepancy undermines the scalability and reliability of the `find_safety_data_task` as a standalone, pre-processing step for all necessary safety information.

    **Go/No-Go for Publication:** The article is well-written and relevant to our audience. However, the significant discrepancy in the sourcing of critical safety information is a major concern. The `find_safety_data_task` failed to provide the detailed safety warnings that the article ultimately included. Publishing content with crucial safety details whose origin isn't clearly traceable back to our established data gathering tasks poses a substantial risk to our brand's credibility and compliance. Therefore, this article is a **No-Go for Publication** until the `find_safety_data_task` is refined to comprehensively gather all necessary safety information, or the workflow is adjusted to explicitly account for additional safety research, ensuring all safety claims are rigorously sourced and verified within our established processes.","**
    The audit reveals a strong performance in transferring core scientific and toxicity data, including the compound 1,2,4-Trithiolane, pharmacological findings, a comprehensive list of side effects, and details from case reports. All scientific abstract summaries, their corresponding APA citations, and all provided source URLs were accurately included in the Final Article. The handling of ""Not Found"" entries from the Fact Sheet was largely successful; these were either appropriately omitted or correctly identified as constraints within the strategic analysis.

    However, the article suffered from significant data loss in the compliance section, failing to transfer any of the 10 specific food registration numbers, product names, company names, or statuses, instead providing only a generalized statement about their existence. A specific cultural location detail (""Northern Region"" for the Thai Community) was also dropped.

    Regarding clarity, one notable hallucination was identified: the article asserted direct ""opportunities for Parkia speciosa-based products"" stemming from wellness policies for older populations and geothermal hot springs sanitation. This contradicts the Master Fact Sheet, which explicitly stated that Bitter Bean is *not explicitly mentioned* in these contexts, indicating an unsupported interpretive leap by the article."
94.ผักกระเฉด,No-Go,40,90,39,58,"*
Toxicity Fact (Mechanism): ""The mechanism of injury is not explicitly stated in the article, but it is mentioned that arsenic can cause oxidative stress, decrease photosynthesis rate, and inhibit growth parameters in plants.""
Toxicity Fact (Side Effects) - specific details: ""chlorosis, yellowing of leaves, as well as root hardening and woody formation."" (The article only states ""deformation of tissues and necrosis"" as side effects, omitting these specific details).
Toxicity Fact (Case Reports): ""There are no human case reports mentioned in the article. The study focused on the phytoremediation potential of Neptunia oleracea for removing arsenic from aquatic systems.""
Culture Fact (Community - Ban Phak Chid - Location): Phuket Province
Culture Fact (Community - Ban Phak Chid - Ethnic Group): Thai Buddhist and Muslim
Culture Fact (Community - Ban Phak Chid - Name Etymology): ""The name 'Ban Phak Chid' is derived from the local herb 'Phak Kradat' (ผักกระเฉด), which is abundant in the area.""
Culture Fact (Community - Ban Phak Chid - Environment): ""The community is surrounded by lush greenery and is known for its natural beauty. The area is home to various species of plants and animals, and the community takes great care to preserve the natural environment.""
Culture Fact (Community - Ban Phak Chid - Organization): ""The community has a strong sense of cooperation and mutual support, with various organizations working together to promote the community's well-being.""
Culture Fact (Community - Ban Phak Chid - Processing): ""The community uses the herb 'Phak Kradat' (ผักกระเฉด) for various agricultural purposes, including as a food source for cattle.""
Culture Fact (Community - Thai-Lao Ethnic Group - Location): Mahasarakham Province
Culture Fact (Community - Thai-Lao Ethnic Group - Community Highlight): ""The Thai-Lao ethnic group has a strong tradition of using local herbs for medicinal purposes. The herb 'Phak Kradat' (ผักกระเฉด) is used to treat various ailments, including fever and digestive problems.""
Culture Fact (Community - Thai-Lao Ethnic Group - Name Etymology): ""The name 'Thai-Lao' is derived from the community's cultural heritage, which is a blend of Thai and Lao traditions.""
Culture Fact (Community - Thai-Lao Ethnic Group - Environment): ""The community is surrounded by lush greenery and is known for its natural beauty. The area is home to various species of plants and animals, and the community takes great care to preserve the natural environment.""
Culture Fact (Community - Thai-Lao Ethnic Group - Local Wisdom): ""The community has a strong tradition of using local herbs for medicinal purposes. The herb 'Phak Kradat' (ผักกระเฉด) is used to treat various ailments, including fever and digestive problems.""
Culture Fact (Community - Thai-Lao Ethnic Group - Organization): ""The community has a strong sense of cooperation and mutual support, with various organizations working together to promote the community's well-being.""
Culture Fact (Community - Thai-Lao Ethnic Group - Local Name): Phak Kha (ผักขา)
Culture Fact (Community - Thai-Lao Ethnic Group - Use): ""The herb 'Phak Kradat' (ผักกระเฉด) is used as a food source for cattle, and the community relies on it for various agricultural purposes.""
Culture Fact (Community - Thai-Lao Ethnic Group - Processing): ""The community uses the herb 'Phak Kradat' (ผักกระเฉด) for various agricultural purposes, including as a food source for cattle.""
Culture Fact (Community - Khlong Pho - Location): Phra Nakhon Si Ayutthaya Province
Culture Fact (Community - Khlong Pho - Ethnic Group): Thai Buddhist
Culture Fact (Community - Khlong Pho - Community Highlight): ""The community of Khlong Pho is known for its unique name, which is derived from the local waterway 'Khlong Pho' (คลองโพธิ์). The community has a strong sense of cooperation and mutual support, with various organizations working together to promote the community's well-being.""
Culture Fact (Community - Khlong Pho - Name Etymology): ""The name 'Khlong Pho' (คลองโพธิ์) is derived from the local waterway, which is an important source of water for the community.""
Culture Fact (Community - Khlong Pho - Environment): ""The community is surrounded by lush greenery and is known for its natural beauty. The area is home to various species of plants and animals, and the community takes great care to preserve the natural environment.""
Culture Fact (Community - Khlong Pho - Local Wisdom): ""The community has a strong tradition of using local herbs for medicinal purposes. The herb 'Phak Kradat' (ผักกระเฉด) is used to treat various ailments, including fever and digestive problems.""
Culture Fact (Community - Khlong Pho - Organization): ""The community has a strong sense of cooperation and mutual support, with various organizations working together to promote the community's well-being.""
Culture Fact (Community - Khlong Pho - Local Name): Phak Bung (ผักบุ้ง)
Culture Fact (Community - Khlong Pho - Use): ""The herb 'Phak Kradat' (ผักกระเฉด) is used as a food source for cattle, and the community relies on it for various agricultural purposes.""
Culture Fact (Community - Khlong Pho - Processing): ""The community uses the herb 'Phak Kradat' (ผักกระเฉด) for various agricultural purposes, including as a food source for cattle.""
Internal RAG Fact (Herbal) - specific finding: ""Neptunia oleracea, also known as ผักกระเฉด, is not explicitly mentioned in the provided context.""
**Hallucinated Entities (Facts in Article but not Fact Sheet):**
Statement: ""...suggest a potential market opportunity for products leveraging this herb.""
Statement: ""The emphasis on natural and traditional remedies in modern times could create a niche market for Neptunia oleracea-based products.""
Statement: ""...highlighting its versatile applications in traditional medicine and agriculture."" (Generalization/inference for Thai-Lao and Khlong Pho communities, not specific facts from FS)
Statement: ""This information is crucial for designing safe and effective cultivation and processing methods to avoid arsenic contamination and ensure the safety of any products derived from Neptunia oleracea.""
Statement: ""...underscore the need for stringent quality control measures to minimize exposure to arsenic during the production process.""
Statement: ""...indicating a need for further regulatory assessment.""
Statement: ""...the cultural significance and traditional use of Neptunia oleracea suggest a potential market opportunity.""
Statement: ""The technical feasibility of developing new products is supported by scientific studies indicating its potential as a phytoremediator.""
Statement: ""However, critical constraints include the need to avoid arsenic contamination and ensure the safety of products derived from Neptunia oleracea.""
Statement: ""A strategic recommendation would involve focusing on its unique properties, particularly its potential as a phytoremediator and its traditional use in Thai medicine.""
Statement: ""This could involve developing products for environmental cleanup applications or creating health supplements, provided that thorough toxicological and safety assessments are conducted.""
Statement: ""In conclusion, Neptunia oleracea presents a fascinating case of traditional wisdom meeting modern applications.""
Statement: ""With its potential as a phytoremediator and its traditional use in Thai medicine, there are opportunities for product development that could leverage its unique properties.""
Statement: ""However, any such development must prioritize rigorous scientific testing to validate the safety and efficacy of Neptunia oleracea-based products, ensuring that traditional knowledge is harnessed responsibly and sustainably.""
**Feedback:** The article demonstrates significant data loss, particularly regarding specific cultural details for the Thai-Lao and Khlong Pho communities, and several toxicity-related facts. Many facts from the Master Fact Sheet were either entirely omitted or only partially transferred. Furthermore, the article frequently introduces interpretive statements, strategic recommendations, and generalizations that are not directly present as facts in the Master Fact Sheet, leading to a notable level of hallucination. While the handling of ""Not Found"" compliance and citation data was accurate, the overall integrity suffers from the high volume of dropped and hallucinated information.","*
Statement: ""...suggest a potential market opportunity for products leveraging this herb.""
Statement: ""The emphasis on natural and traditional remedies in modern times could create a niche market for Neptunia oleracea-based products.""
Statement: ""...highlighting its versatile applications in traditional medicine and agriculture."" (Generalization/inference for Thai-Lao and Khlong Pho communities, not specific facts from FS)
Statement: ""This information is crucial for designing safe and effective cultivation and processing methods to avoid arsenic contamination and ensure the safety of any products derived from Neptunia oleracea.""
Statement: ""...underscore the need for stringent quality control measures to minimize exposure to arsenic during the production process.""
Statement: ""...indicating a need for further regulatory assessment.""
Statement: ""...the cultural significance and traditional use of Neptunia oleracea suggest a potential market opportunity.""
Statement: ""The technical feasibility of developing new products is supported by scientific studies indicating its potential as a phytoremediator.""
Statement: ""However, critical constraints include the need to avoid arsenic contamination and ensure the safety of products derived from Neptunia oleracea.""
Statement: ""A strategic recommendation would involve focusing on its unique properties, particularly its potential as a phytoremediator and its traditional use in Thai medicine.""
Statement: ""This could involve developing products for environmental cleanup applications or creating health supplements, provided that thorough toxicological and safety assessments are conducted.""
Statement: ""In conclusion, Neptunia oleracea presents a fascinating case of traditional wisdom meeting modern applications.""
Statement: ""With its potential as a phytoremediator and its traditional use in Thai medicine, there are opportunities for product development that could leverage its unique properties.""
Statement: ""However, any such development must prioritize rigorous scientific testing to validate the safety and efficacy of Neptunia oleracea-based products, ensuring that traditional knowledge is harnessed responsibly and sustainably.""
**Feedback:** The article demonstrates significant data loss, particularly regarding specific cultural details for the Thai-Lao and Khlong Pho communities, and several toxicity-related facts. Many facts from the Master Fact Sheet were either entirely omitted or only partially transferred. Furthermore, the article frequently introduces interpretive statements, strategic recommendations, and generalizations that are not directly present as facts in the Master Fact Sheet, leading to a notable level of hallucination. While the handling of ""Not Found"" compliance and citation data was accurate, the overall integrity suffers from the high volume of dropped and hallucinated information.","**
    **Practical Efficacy (Relevance):** The article attempts to establish relevance by discussing the cultural significance and traditional use of Neptunia oleracea, inferring a potential market opportunity based on general interest in natural remedies. However, it explicitly states, ""Although explicit trend facts are not available in the provided context,"" indicating that the `analyze_trends_task` (context[0]) did not provide concrete trend data. This significantly diminishes the article's ability to synthesize specific market trends and prove its direct relevance to our wellness audience based on data. While the content is informative about the herb itself, its strategic value for product development or marketing is speculative without identified trend data.

    **Implementation Feasibility (Scalability):** The workflow design, specifically the split of tasks for gathering compliance (`check_compliance_task`) and safety (`find_safety_data_task`) data, is highly commendable. The writer agent successfully processed the inputs: integrating the arsenic toxicity data from `find_safety_data_task` and accurately reporting the absence of comprehensive compliance, safety dosage, or warning facts from `check_compliance_task`. This demonstrates that the task splitting is an efficient and scalable way to gather specialized data, even when the data is not found. The system correctly handled both the presence and absence of structured information, proving its robustness.

    **Go/No-Go Decision:** The article is well-written and scientifically sound regarding the available data. However, it receives a ""No-Go"" for publication at this stage. The primary reasons are the critical lack of explicit trend data (context[0]), which makes the strategic analysis and product opportunities speculative, and the absence of comprehensive safety, dosage, and regulatory compliance information (context[1] and parts of context[2]). For a wellness brand, publishing content without a clear, data-backed understanding of market trends and a complete safety/regulatory profile for an herb, especially one with phytoremediation properties (implying potential contaminant risks), is not viable. Further research is essential to gather the missing trend, compliance, and detailed safety data before this article can be considered for publication. The workflow design is excellent, but the *outputs* of some upstream tasks for this specific topic were insufficient for a ready-to-publish piece.","** The article demonstrates significant data loss, particularly regarding specific cultural details for the Thai-Lao and Khlong Pho communities, and several toxicity-related facts. Many facts from the Master Fact Sheet were either entirely omitted or only partially transferred. Furthermore, the article frequently introduces interpretive statements, strategic recommendations, and generalizations that are not directly present as facts in the Master Fact Sheet, leading to a notable level of hallucination. While the handling of ""Not Found"" compliance and citation data was accurate, the overall integrity suffers from the high volume of dropped and hallucinated information."
95.ผักหวานป่า_,No-Go,10,95,31,67,"*
Lab Fact (Chromatography - TLC): Not found
Lab Fact (Cosmetic or Clinical Effect): Not found
Lab Fact (Quality Control): Not found
Compliance Fact (Food Registration 1): registration_number=19-2-02157-2-0077, product_name=ผักหวานป่าตัดแต่ง, company_name=ร้านสมเกีรติ ผักอร่อย, status=สถานะผลิตภัณฑ์(ยกเลิก 20/9/2560) \ สถานะสถานที่ (ยกเลิก 20/9/2560)
Compliance Fact (Food Registration 2): registration_number=19-2-02759-6-0020, product_name=ผักหวานป่า ตรารุ่งฟ้าฟาร์ม / -, company_name=รุ่งฟ้าฟาร์ม, status=สถานะผลิตภัณฑ์(คงอยู่)\ สถานะสถานที่ (คงอยู่)
Compliance Fact (Food Registration 3): registration_number=19-2-03460-6-0045, product_name=ผักหวานป่าตัดแต่ง / trimmed wild sweet vegetable, company_name=บริษัท ผักอร่อย ฟาร์ม จำกัด, status=สถานะผลิตภัณฑ์(คงอยู่)\ สถานะสถานที่ (คงอยู่)
Compliance Fact (Food Registration 4): registration_number=38-2-00865-6-0001, product_name=เครื่องดื่มชนิดผงผักหวานป่า ตราสวนตองแคร์ / OPILIACARE BEVERAGE POWDER, company_name=ผักหวานป่า สวนตองแคร์, status=สถานะผลิตภัณฑ์(คงอยู่)\ สถานะสถานที่ (คงอยู่)
Compliance Fact (Food Registration 5): registration_number=38-2-00865-6-0002, product_name=ปังกรอบผักหวานน้ำตาลเนย, company_name=ผักหวานป่า สวนตองแคร์, status=สถานะผลิตภัณฑ์(คงอยู่)\ สถานะสถานที่ (คงอยู่)
Compliance Fact (Safety Dosage): Not found
Compliance Fact (Safety Warning): Not found
Safety Fact (Active Ingredient): Not found
Safety Fact (Ingredient Purpose): Not found
Safety Fact (Uses): Not found
Safety Fact (Warnings): Not found
Safety Fact (Directions): Not found
Safety Fact (Other Info): Not found
Safety Fact (Inactive Ingredients): Not found
Safety Fact (Questions): Not found
Toxicity Fact (Summary): specific detail ""Pierre""
Toxicity Fact (Summary): specific detail ""Hiepko, both from the Opiliaceae family""
Toxicity Fact (Mechanism): Not found
Toxicity Fact (Case Reports): specific detail ""February-March""
Toxicity Fact (Case Reports): specific detail ""Sixty-seven patients presented with non-febrile poisoning-like symptoms""
Toxicity Fact (Case Reports): specific detail ""15 died of coma""
Toxicity Fact (Case Reports): specific detail ""including 53% children under 10 years old""
Culture Fact (Community - Thung Ma Seo Yor): Location ""Bong Ti""
Culture Fact (Community - Thung Ma Seo Yor): Ethnic Group ""Karen""
Culture Fact (Community - Thung Ma Seo Yor): Community Highlight (specifics: ""rich biodiversity"", ""one of the many plant species"", ""strong tradition of using Wild Bitter Gourd in their cooking, particularly in soups and stews."")
Culture Fact (Community - Thung Ma Seo Yor): Environment (specifics: ""located in a rural area with a diverse range of flora and fauna. The climate and ecosystem of the area are well-suited for the growth of Wild Bitter Gourd, making it a common ingredient in local cuisine."")
Culture Fact (Community - Thung Ma Seo Yor): Use ""Sour Soup with Wild Bitter Gourd""
Culture Fact (Community - Thung Ma Seo Yor): Processing (specifics: ""The method of making Sour Soup with Wild Bitter Gourd involves boiling the plant in water and adding various spices and seasonings."")
Culture Fact (Community - Ban Phrao): Location ""Watthana Nakhon""
Culture Fact (Community - Ban Phrao): Ethnic Group ""Kaleung""
Culture Fact (Community - Ban Phrao): Community Highlight (specifics: ""rich cultural heritage"", ""Wild Bitter Gourd being an important part of their traditional cuisine."")
Culture Fact (Community - Ban Phrao): Environment (specifics: ""located in a rural area with a diverse range of flora and fauna. The climate and ecosystem of the area are well-suited for the growth of Wild Bitter Gourd, making it a common ingredient in local cuisine."")
Culture Fact (Community - Ban Phrao): Use ""Sour Soup with Wild Bitter Gourd""
Culture Fact (Community - Ban Phrao): Processing (specifics: ""The method of making Sour Soup with Wild Bitter Gourd involves boiling the plant in water and adding various spices and seasonings."")
Culture Fact (Community - Ban Non Sang Si): Location ""Kham Cha I""
Culture Fact (Community - Ban Non Sang Si): Ethnic Group ""Kaleung""
Culture Fact (Community - Ban Non Sang Si): Community Highlight (specifics: ""rich cultural heritage"", ""Wild Bitter Gourd being an important part of their traditional cuisine."")
Culture Fact (Community - Ban Non Sang Si): Environment (specifics: ""located in a rural area with a diverse range of flora and fauna. The climate and ecosystem of the area are well-suited for the growth of Wild Bitter Gourd, making it a common ingredient in local cuisine."")
Culture Fact (Community - Ban Non Sang Si): Use ""Sour Soup with Wild Bitter Gourd""
Culture Fact (Community - Ban Non Sang Si): Processing (specifics: ""The method of making Sour Soup with Wild Bitter Gourd involves boiling the plant in water and adding various spices and seasonings."")
Internal RAG Fact (Herbal): specific detail ""such as ใบมะกรูด""
Internal RAG Fact (Cultural): specific caveat ""However, it is essential to note that the effectiveness of Wild Bitter Gourd for these uses has not been extensively scientifically studied, and more research is needed to confirm its potential health benefits.""
**Hallucinated Entities (Facts in Article but not Fact Sheet):**
""presence of multiple food registrations for products containing Melientha suavis in Thailand indicates a potential market for products utilizing this herb.""
""The cultural significance and traditional use of Melientha suavis in Thai communities further support the potential for developing products that cater to the demand for traditional and culturally relevant health and wellness solutions.""
""highlights the need for rigorous quality control measures to ensure the correct identification and safe use of Melientha suavis in product development.""
""The development of new products must prioritize the safe and accurate identification of Melientha suavis, as well as the implementation of appropriate dosage limits and safety warnings to mitigate the risk of toxicity.""
""The strategic plan for new product development based on Melientha suavis involves capitalizing on the potential market opportunity indicated by the presence of multiple food registrations for products containing this herb in Thailand.""
""However, the technical feasibility of such development is constrained by the lack of specific lab facts and the need for rigorous quality control to prevent confusion with the poisonous Urobotrya siamensis."" (The analytical framing of ""technical feasibility"" and ""constrained by"" is an inference, not a direct fact).
""The strategic recommendation is to pursue the development of new products that utilize Melientha suavis, while prioritizing safety and quality control, and potentially collaborating with traditional Thai medicine practitioners and local communities.""
""In conclusion, Melientha suavis, or ผักหวานป่า, presents a potential market opportunity for the development of new products that are both culturally relevant and safe for consumption.""
""The traditional wisdom surrounding this herb, combined with its potential health benefits, supports the pursuit of product development that prioritizes safety and quality control.""
""However, the lack of specific lab facts and the need for rigorous quality control to prevent confusion with the poisonous Urobotrya siamensis must be addressed through further research and development."" (The prescriptive ""must be addressed"" is an inference/recommendation, not a direct fact).
**Feedback:** The article demonstrates significant data loss, particularly in the detailed compliance facts (all individual food registration details were omitted) and granular cultural facts (locations, ethnic groups, specific highlights, environment, uses, and processing methods for the communities). Critical statistical details from the toxicity case report were also dropped. Many ""Not found"" facts from the Master Fact Sheet were correctly handled by omission in the article, and the `citation_apa: not_found` was perfectly handled. However, the article frequently generates interpretations, strategic analyses, and recommendations that are not present as direct facts in the Master Fact Sheet, leading to a notable level of hallucination in its analytical framing and conclusions.","*
""presence of multiple food registrations for products containing Melientha suavis in Thailand indicates a potential market for products utilizing this herb.""
""The cultural significance and traditional use of Melientha suavis in Thai communities further support the potential for developing products that cater to the demand for traditional and culturally relevant health and wellness solutions.""
""highlights the need for rigorous quality control measures to ensure the correct identification and safe use of Melientha suavis in product development.""
""The development of new products must prioritize the safe and accurate identification of Melientha suavis, as well as the implementation of appropriate dosage limits and safety warnings to mitigate the risk of toxicity.""
""The strategic plan for new product development based on Melientha suavis involves capitalizing on the potential market opportunity indicated by the presence of multiple food registrations for products containing this herb in Thailand.""
""However, the technical feasibility of such development is constrained by the lack of specific lab facts and the need for rigorous quality control to prevent confusion with the poisonous Urobotrya siamensis."" (The analytical framing of ""technical feasibility"" and ""constrained by"" is an inference, not a direct fact).
""The strategic recommendation is to pursue the development of new products that utilize Melientha suavis, while prioritizing safety and quality control, and potentially collaborating with traditional Thai medicine practitioners and local communities.""
""In conclusion, Melientha suavis, or ผักหวานป่า, presents a potential market opportunity for the development of new products that are both culturally relevant and safe for consumption.""
""The traditional wisdom surrounding this herb, combined with its potential health benefits, supports the pursuit of product development that prioritizes safety and quality control.""
""However, the lack of specific lab facts and the need for rigorous quality control to prevent confusion with the poisonous Urobotrya siamensis must be addressed through further research and development."" (The prescriptive ""must be addressed"" is an inference/recommendation, not a direct fact).
**Feedback:** The article demonstrates significant data loss, particularly in the detailed compliance facts (all individual food registration details were omitted) and granular cultural facts (locations, ethnic groups, specific highlights, environment, uses, and processing methods for the communities). Critical statistical details from the toxicity case report were also dropped. Many ""Not found"" facts from the Master Fact Sheet were correctly handled by omission in the article, and the `citation_apa: not_found` was perfectly handled. However, the article frequently generates interpretations, strategic analyses, and recommendations that are not present as direct facts in the Master Fact Sheet, leading to a notable level of hallucination in its analytical framing and conclusions.","** The article explicitly states that ""The trend facts surrounding Melientha suavis... are not explicitly mentioned in the provided context."" This indicates a critical failure to synthesize the trends identified in `analyze_trends_task` (context[0]), as that input appears to have been missing or empty. Consequently, the content cannot be deemed relevant to the intended trends, significantly impacting its practical efficacy for our wellness audience.

However, the workflow's feasibility is strong. The writer agent successfully utilized the structured data from `check_compliance_task` (context[1]), integrating information about Thai FDA registrations to infer market potential. It also effectively processed the ""not found"" safety data from `find_safety_data_task` (context[2]) by emphasizing the crucial need for safety and quality control due to potential confusion with a poisonous plant. This demonstrates that the split-task approach for gathering specialized data is highly scalable and efficient, as the writer agent is capable of consuming and integrating these distinct data inputs, even when the information indicates a lack of available data.

Despite the strong feasibility of the workflow, the fundamental lack of trend synthesis makes the article unsuitable for publication at this time. The core value proposition of connecting the herb to current wellness trends is unfulfilled.","** The article demonstrates significant data loss, particularly in the detailed compliance facts (all individual food registration details were omitted) and granular cultural facts (locations, ethnic groups, specific highlights, environment, uses, and processing methods for the communities). Critical statistical details from the toxicity case report were also dropped. Many ""Not found"" facts from the Master Fact Sheet were correctly handled by omission in the article, and the `citation_apa: not_found` was perfectly handled. However, the article frequently generates interpretations, strategic analyses, and recommendations that are not present as direct facts in the Master Fact Sheet, leading to a notable level of hallucination in its analytical framing and conclusions."
AVERAGE,,75.74736842,84.03157895,65.15789474,85.43157895,,,,